item_id,meeting_id,action_type,vote_detected,project_matches,review_reason,item_text
1,1,Consent Agenda,True,,No location name/address matched,"APPROVED MINUTES FOR VILLAGE OF ES TERO 3/17/2015 MEETING---------- College of Life Foundation Chairman Charles Daurey presented a brief summary of the history of the Estero area, beginning with the arrival of Ponce de Leon at Mound Key over 500 years ago. He read selections from a collection of the Ordinance and Rules of the Town ofEstero founded 110 years ago; and presented to the Council the only remaining copy of the Rules of the Town Council and Ordinances of the Town ofEstero, dated September 1905. Mayor Batas thanked Mr. Daurey and all who have helped to build the community. SWEARING IN CEREMONY Honorable Elisabeth Adams, Twentieth Circuit Judge, conducted the swearing in of the new Council members. ROLL CALL Attorney Saunders called the roll of the first Village Council and confirmed that a quorum was present to conduct the evening's business. CITY COUNCIL COMMUNICATION AND DISCUSSION (A) Selection of Mayor Mr. Ribble nominated Mr. Batas to serve as Mayor, seconded by Mr. Brown, called and carried unanimously by a roll call vote. Mayor Batas thanked the Council members for their support, and commented that all the work that had already been done was just the beginning. (B) Selection of Vice-Mayor. Mr. Brown nominated Mr. Levitan to serve as Vice-Mayor, seconded by Mr. Ribble, called and carried unanimously by a roll call vote. Vice-Mayor Levitan thanked the Council members and stated that he would work as hard as possible. AT THIS TIME, MR. CHARLES DAUREY MADE A PRESENTATION TO THE COUNCIL. SEE THAT PORTION OF THE MINUTES. FOLLOWING A BRIEF RECESS, THE MAYOR RE-CONVENED THE MEETING AT 7:22 PM WITH ALL COUNCIL MEMBERS PRESENT. APPROVAL OF AGENDA Mr. Wilson moved approval of the agenda as stated, seconded by Mr. Brown, called and carried unanimously. CONSENT AGENDA NO CONSENT AGENDA ITEMS WERE PULLED FOR DISCUSSION BY THE COUNCIL MEMBERS. 8(A) Approve Resolution Regarding the Purchase of Liability, Errors and Omissions Insurance from the Florida League of Cities/Florida Municipal Insurance Trust. Mr. Ribble moved approval of Consent Agenda Items 8(A), 8(B), and 8(C), seconded by Mr. Levitan, called and carried unanimously. RESOLUTION NO. 2015-01 ----------APPROVED MINUTES FOR VILLAGE OF ES TERO 3/17/2015 MEETING---------- 2 8(B) Approve Resolution to Begin Operation of Website. Mr. Ribble moved approval of Consent Agenda Items 8(A), 8(B), and 8(C), seconded by Mr. Levitan, called and carried unanimously. RESOLUTION NO. 2015-02 8(C) Approve Resolution Requesting that the Governor Create a Seat on the Lee County Metropolitan Planning Organization. Mr. Ribble moved approval of Consent Agenda Items 8(A), 8(B), and 8(C), seconded by Mr. Levitan, called and carried unanimously. RESOLUTION NO. 2015-03 COUNCIL BUSINESS Mayor Batos explained that, because Council had no staff at this point, members of the ECCL Transition Team and others had been asked to act as staff to research the Council Business items. 9(A) DISCUSSION/RESOLUTION -A discussion and proposed resolution regarding the appointment of an Interim Village Manager and Interim Custodian of Public Records Transition Team member Phil Douglas reviewed the information provided in the agenda attachments, described the qualifications of the recommended candidate Peter Lombardi, and requested that the Council employ Mr. Lombardi as Interim Village Manager. Following brief Council discussion, the Mayor called for public input; however, no one came forward. Mayor Batos requested a motion to approve a resolution confirming Peter Lombardi as Interim Village Manager and Custodian of Public Records. Mr. Brown so moved, seconded by Mr. Ribble, called and carried unanimously by a roll call vote. Mr. Lombardi thanked the Council, and remarked that the next twelve months would be a very exciting time. RESOLUTION NO. 2015-04 9(B) DISCUSSION/RESOLUTION -A discussion and proposed resolution confirming the appointment of an Interim Village Attorney. On behalf of the ECCL, Transition Team member Roger Strelow recommended the selection of Burt Saunders and the GrayRobinson Law Firm as Interim Village Attorney; described qualifications of Mr. Saunders and the firm; and reviewed the information provided in the agenda attachments. Mr. Wilson moved approval, seconded by Mr. Boesch, called and carried unanimously by a roll call vote. After Mr. Saunders remarked that he was looking forward to an exciting year, Mayor Batos requested that he serve as parliamentarian for the meeting. RESOLUTION NO. 2015-05 9(C) DISCUSSION/RESOLUTION - A discussion and proposed resolution regarding the appointment of an Interim Village Finance Director. Transition Team member Robert Lienesch reviewed the information provided in the agenda attachments, and described the qualifications of candidate Lisa Pace and the firm of Adgate, Pace and Associates (APA). Mayor Batos requested a motion to approve a resolution confirming the appointment of Lisa Pace as Interim Village Finance Director. Mr. Boesch moved approval, seconded by Ms. Errington. The Mayor called for public input; and former Bonita Springs City Council member Martha Simons came forward to endorse Ms. Pace. The motion was called and carried unanimously. RESOLUTION NO. 2015-06 ----------APPROVED MINUTES FOR VILLAGE OF ES TERO 3/17/2015 MEETING---------- 3 9(D) DISCUSSION/RESOLUTION -A discussion and proposed resolution regarding accounting and bookkeeping services. Transition Team member Robert Lienesch reviewed the information provided in the agenda attachments, and described the benefits of using the same firm as both the Finance Director and the accounting/bookkeeping service. He recommended that the Council appoint Lisa Pace and AP A. Mayor Batos called for public input; however, no one came forward. He then requested a motion to approve a resolution confirming the appointment of AP A to perform accounting and bookkeeping services. Mr. Brown so moved, seconded by Mr. Ribble, called and carried unanimously. RESOLUTION NO. 2015-07 9(E) DISCUSSION/RESOLUTION - A discussion and proposed resolution regarding banking services. Mayor Batos stated that Items 9(E) and 9(F) would be discussed simultaneously but voted on separately. Transition Team member Robert Lienesch reviewed the information provided in the agenda attachments; and described the differences between the terms proposed by Fifth Third Bank and Sun Trust Bank as outlined on a document entitled ""Term Sheet Comparison - Revolving Credit Agreement"" ( copy on file) which was distributed to Council members. He recommended that the Council select Sun Trust Bank; and authorize Village representatives to (1) immediately open banking accounts with Sun Trust, and (2) proceed with negotiation of terms for a line of credit of up to $1.5 million. He mentioned that Sun Trust Bank Vice-President Joshua McCoy and Fifth Third Bank Vice-President Jim Mitchell were present to answer any questions. In response to a question from Mr. Boesch, Mr. McCoy stated that approved line of credit funds would be available for capital needs as determined by the Council. Discussion ensued, during which Mr. McCoy clarified that his reference was not to additional funds. Attorney Saunders explained that a personal banking relationship with one of the banks would not prevent a Council member from voting on the issue; and that repayment of the entire amount must occur within 12 months. Mayor Batos called for"
3,1,Ordinance,True,,No location name/address matched,"adopted the Lee County Ordinances as part of the Charter, subject to modification by the Council. He pointed out violations and penalties outlined in Section 2-191 of the County Ordinances, dealing with unauthorized communications; and noted that this section would prevent the Council from discussing important issues with citizens and developers. Mayor Batos called for public input; ECCL Vice-Chair John Goodrich asked whether Council members would be allowed to have individual conversations outside of a hearing. Attorney Saunders confirmed that Council members could communicate individually on matters to be considered by the Council. Mr. Levitan provided details of the enabling statute, including the requirement for disclosure of communications prior to the applicable hearing; and noted that other municipalities in Lee County had adopted similar Ordinances. Mayor Batos requested a motion to direct the Interim Village Manager to advertise an Ordinance regarding Section 286.0115 of the Florida Statutes to remove the presumption of prejudice from ex-parte communication with local public officials by establishing a process to disclose such communications. Mr. Levitan so moved, seconded by Mr. Ribble, called and carried unanimously. 9(M) DISCUSSION - Direct Interim Village Manager to advertise an Ordinance amending Lee County Ordinance 03-14, Relating to Lobbying Activities and Lobbyist Reporting in Lee County. Attorney Saunders explained that the request was for an amendment to a portion of the Lee County Ordinance, dealing with the recordkeeping requirements for public officials which would be burdensome for Council members; and noted that the penalties for intentional violations were severe. Mayor Batos called for public input; however, no one came forward. He then requested a motion to direct the Interim Village Manager to advertise an Ordinance repealing Lee County Ordinance 03-14, Section 3, relating to lobbying activities and lobbyist reports. Ms. Errington so moved, seconded by Mr. Brown, called and carried unanimously. PUBLIC INPUT ON NON-AGENDA ITEMS Mayor Batos called the names of the three persons who had submitted speaker cards: Island Club resident William Savage expressed the concerns of local residents about a project proposed by Stock Development, and submitted a petition with 800 residents' signatures (copy on file). ----------APPROVED MINUTES FOR VILLAGE OF ES TERO 3/17/2015 MEETING---------- 6 Island Club resident Nancy Buchhop urged the Council to maintain the high standards set by the ECCL. Marsh Landing resident Steve Ferruggia asked how the Council would appoint members to committees. Mayor Batos indicated that the Council would determine at future meetings which committees to create and how appointments will be made. Mayor Batos called for any additional"
4,3,Discussion,True,,No location name/address matched,"adopted as part of the package developed with the Village Charter. Council discussion followed. After Mr. Saunders responded to questions from Council members, there was consensus to move forward to public hearings. 5. PUBLIC INPUT ON NON-AGENDA ITEM Island Club resident, Donna Pogliano, inquired about an email she had sent. 6. COUNCIL COMMUNICATIONS No items were presented by the individual Council members nor by Interim Village Attorney Burt Saunders or Interim Village Manager Peter Lombardi. 7. ADJOURN The Mayor"
5,4,Ordinance,True,,No location name/address matched,"approved loan documents as requested by the GrayRobinson Law Firm. Mr. Boesch moved approval, seconded by Mr. Brown. The Mayor called for public input; however, no one came forward. The motion was called and carried unanimously. RESOLUTION NO. 2015-17 2. Review of list of clergy people for invocations Mr. Boesch presented a list of local clergy people who would be available to provide the invocations, and noted the diversity of backgrounds. It was agreed that suggestions for additional names should be sent to Interim Village Manager Peter Lombardi, who will check on availability and set up a rotation. 3. Resolution - Support of State Purchase of Sugar Land After Ms. Errington presented information (copy on file) on the importance of the planned state purchase of sugar land, Mayor Batos noted that, due to time constraints, this item had been moved from tomorrow's agenda to be considered at this time. Interim Village Attorney Burt Saunders explained that he would prepare the resolution for signatures and hand-deliver it on Wednesday to the Senate President, Speaker of the House, and Governor's Office. The Mayor called for public input; however, no one came forward. Mr. Ribble moved approval, seconded by Ms. Errington. Following Council discussion, the motion was called and carried unanimously. RESOLUTION NO. 2015-18 4(A) Approval of Regular Council Meeting and Workshop Minutes of March 27, 2015 Interim Village Manager Peter Lombardi requested that this item be deferred to the meeting of April 17, 2015. There were no objections from the Council members. 4(B) FIRST READING - ORDINANCE 2015-01 An Ordinance of the Village Council of the Village of Estero, Florida, establishing Land Use Advisory Boards to the Village Council to include the Planning and Zoning Board and the Design Review Board; providing a severability clause; repealing and rescinding all ordinances in conflict; and providing an effective date. Interim Village Attorney Burt Saunders confirmed that proper notice had been provided for this hearing and the second hearing. Following brief discussion, members agreed to move to the next items while copies of the amended draft were made for members who had not received the most recent draft. FOLLOWING CONSIDERATION OF ITEM 4(D): Mr. Levitan reviewed and explained the revisions page by page. Extensive discussion ensued, during which Mr. Levitan, Attorney Saunders, Interim Village Manager Peter Lombardi, and Special Zoning Counsel Nancy Stroud answered questions from the Council. Mayor Batos called for public input; however no one came forward. Mr. Levitan moved approval, seconded by Mr. Ribble, called and carried unanimously via roll-call vote. 4(C) FIRST READING - ORDINANCE 2015-02 An Ordinance of the Village Council of the Village of Estero, Florida establishing procedures for ex parte communications related to quasi-judicial proceedings; providing a severability clause; repealing and rescinding all ordinances in conflict; and providing an effective date. Interim Village Attorney Burt Saunders confirmed that proper notice had been provided for both this hearing and the second hearing. Following brief comments from Mr. Boesch, the Mayor called for public input; however no one came forward. Mr. Brown moved approval, seconded by Mr. Wilson, called and carried unanimously via roll-call vote. 4(D) FIRST READING - ORDINANCE 2015-03 An Ordinance of the Village Council of the Village of Estero, Florida, amending Chapter 22, Licenses and Business regulations, of the Code of Laws and Ordinances of the Village of Estero, Florida; removing certain record keeping requirements; providing for conflict with other ordinances; providing for severability; and providing for an effective date. Mayor Batos explained the purpose of the ordinance, and Mr. Wilson offered additional clarification. The Mayor called for public input; and the following individuals came forward to comment: Fountain Lake resident, Larry Newell Old Estero resident, Patty Whitehead After Mr. Levitan and Mayor Batos responded to Ms. Whitehead's concerns, Mr. Ribble moved approval, seconded by Mr. Brown. The motion was called and carried unanimously via roll-call vote. AT THIS TIME, THE COUNCIL RESUMED CONSIDERATION OF ITEM 4(B). PUBLIC INPUT ON NON-AGENDA ITEMS Fountain Lake resident, Larry Newell - Hospital situation and the Agency for Health Care Administration Marsh Landing resident, Beverly MacNellis - Hospital Planning Board as a resource Villages at Country Creek resident, George Molnar - Village website; legal and financial information Broadway Mobile Home Village resident, Pat Holcomb - Possible eminent domain actions on vacant land COUNCIL / MANAGER/ATTORNEY COMMUNICATIONS AND FUTURE AGENDA ITEMS Council Members' Comments: Mr. Ribble commended Mr. Levitan for writing an article about transparency for Spotlight Magazine. Mr. Levitan asked about the starting time for tomorrow's Workshop Meeting. After discussion, it was agreed that the meeting would begin at 10:00 am, and then be continued to 1:30 pm. Mr. Boesch requested that Interim Village Manager Peter Lombardi provide Council members with copies of the Consultants Competitive Negotiations Act and the Public Business 287 Statute. Mayor Batos: Reported that he had requested an updated population count for Estero to be considered by the Metropolitan Planning Organization (MPO). Noted that a proposed schedule of meetings and workshops from now through year-end would be brought up at the April 17, 2015 meeting Requested approval of a proclamation acknowledging the Estero Council of Community Leaders (ECCL) for all their work done, including the work on incorporation; and wishing them success in their future operations. Mr. Wilson moved approval, seconded by Mr. Boesch. The Mayor called for"
6,4,Contract Approval,True,,No location name/address matched,"approved retaining the firm of Nabors, Giblin & Nickerson as Special Tax Counsel, and asked for Council consensus to authorize signature of an agreement with them. Following discussion, there was consensus to approve the request. Reported on pending legislation that would require cities to pay for re-location of utilities, if the city's project makes the re-location necessary, even if the utilities are located on the city right-of-way. Commented that the ""glitch"" bill had been approved by 2 of 3 committees and should have no problem/ ADJOURN The Mayor requested a motion to adjourn. Mr. Ribble so moved, seconded by Ms. Errington, called and carried unanimously. The meeting was"
8,7,Presentation,True,,No location name/address matched,"approved more than five years ago. Ms. Errington inquired about land clearing at Corkscrew Commons for an apartment project. Mr. Brown requested, and Mr. Lombardi agreed to provide, a list of developable lands and proposed development uses within Estero. He stated that the Vines-Estero Country Club requested the re-location of road signs, and Mr. Bausch reported that the work was requested at the Transportation meeting. Mayor Batos mentioned a workshop to assign liaisons with various organizations, and asked Mr. Brown to serve as liaison to Lee Memorial Hospital in the interim to provide Village representation at an upcoming meeting. Interim Village Attorney's Comments: Interim Village Attorney, Burt Saunders had no comments to offer. Interim Village Manager's Comments: Interim Village Manager, Peter Lombardi, stated that he had sent an email to Mr. Levitan with an opinion from the Lee County Attorney that the County Code Enforcement Hearing Officer could not also serve the Village of Estero. He mentioned that the consideration of alternatives would be brought up as a workshop topic. Mayor Batos reminded the members to add to the list of possible workshop topics that would be distributed. Ms. Errington suggested that development of a hurricane season emergency plan should be added as a workshop item. ADJOURN The Mayor"
9,8,Administrative,True,,No location name/address matched,"APPROVED MINUTES FOR VILLAGE OF ES TERO 4/24/2015 REGULAR MEETING---------- 5(B) RESOLUTION - A Resolution Appointing Members to the Village of Estero Design Review Board and Determining Board Member Terms. Vice-Mayor Levitan noted that, due to some issues regarding the ordinance requirement for local licensed architects, only six of the eight members would be elected at this meeting; and that an ordinance revision might be needed. Following Council discussion, there was consensus to direct staff to advertise for the possible change while the search continues for qualified candidates. After the members completed the ballots, Interim Village Attorney Burt Saunders and Interim Village Manager Mr. Lombardi tallied the votes; and announced the names of those who had received at least four votes. The drawing was then held to assign the respective terms as indicated: Joe McHarris - 7 votes - I-year term Albert O'Donnell- 7 votes - I-year term William Prysi - 7 votes - 2-year term Patti Whitehead - 6 votes - 2-year term Gerald Simons - 6 votes - 2-year term Barry Jones - 5 votes - I-year term Ms. Errington moved to adopt the resolution with those six names and specified terms, seconded by Mr. Brown, called and carried unanimously. Vice-Mayor Levitan nominated Albert O'Donnell as the Board Chairperson, seconded by Mr. Wilson. Mr. Boesch nominated William Prysi, seconded by Mayor Batos. Following brief discussion, Mr. O'Donnell was selected via roll-call vote, with Mayor Batos and Mr. Boesch voting for Mr. Prysi; and Mr. Ribble, Vice-Mayor Levitan, Mr. Brown, Ms. Errington, and Mr. Wilson voting for Mr. O'Donnell. Brief discussion followed regarding dates and times for the first meetings of the two Boards. There was consensus that Vice-Mayor Levitan would work with the two Chairpersons, Attorney Saunders, and Special Counsel Nancy Stroud to coordinate meeting schedules. RESOLUTION NO. 2015-24 5(C) RESOLUTION -A Resolution Approving Reimbursement to the Estero Council of Community Leaders (ECCL) of Funds Expended for the Village ofEstero. Mayor Batos described the items that were included in the total invoice of $7,600.26. He then called for public input; however, no one came forward to speak. Attorney Saunders clarified that the Council is given great latitude in spending money, and that the resolution had been drafted to indicate that these expenses were in the public interest. Mr. Ribble moved approval in the amount of $7,600.26, seconded by Mr. Brown. Following confirmation that this would be the final bill, the motion was called and carried, with Vice-Mayor Levitan dissenting. RESOLUTION NO. 2015-25 5(D) RESOLUTION -A Resolution Amending the Zoning in Progress Resolution Vice-Mayor Levitan briefly explained the reasons for the requested amendment. He added that he had spoken to some affected property owners who had no objections to the amendment. Following discussion regarding the objections of some developers, Laura DeJohn of Johnson Engineering, representing Lee Memorial Health System, confirmed the Vice-Mayor's report of his meeting with hospital representatives The Mayor called for public input; and the following individuals came forward to speak: South Lee County Hospital Co-Chair, Don Eslick Estero Chamber of Commerce President, Jeff Maas Rapallo resident and local developer, Jim Wallace Mr. Brown moved approval, seconded by Vice-Mayor Levitan, called and carried 5-2 via roll call vote with Mr. Boesch and Ms. Errington dissenting. RESOLUTION NO. 2015-26 PUBLIC INPUT ON NON-AGENDA ITEMS The Mayor called for public input; however, no one came forward. ----------MINUTES FOR VILLAGE OF ESTERO 4/24/2015 REGULAR MEETING---------- 2 COUNCIL I MANAGER/ATTORNEY COMMUNICATIONS AND FUTURE AGENDA ITEMS Council Members' Comments: Vice-Mayor Levitan thanked the Council for working to pass land use ordinances and resolutions to prevent delays in development; and stated that he looked forward to having the appointed Boards up and running to deal with the growing list of land use cases. Mr. Boesch reported that he had given a list to the Village Manager of those who would provide the invocations in May. Mr. Wilson noted that he had requested excused absences from the meetings of June 3 and June 12, 2015; and brief discussion of the Village Charter requirements followed. There were no objections to the request. Interim Village Manager's Comments: Interim Village Manager Peter Lombardi commended the Council for the successful brief voting process. Interim Village Attorney's Comments: Interim Village Attorney Burt Saunders reported that the House was considering both local bills today, and that there was nothing that-should interfere with passage. He pointed out that, although the ex-pmte communication ordinance had been changed to allow Council members to meet with developers, whether to do so remained the personal choice of each member; and briefly reviewed the legal requirements. ADJOURN The Mayor"
10,10,Discussion,True,,No location name/address matched,"adopted and rates set before the revenue could be received from the state, and suggested that the rate be set at the current County rate of 3.61%, less than the allowable maximum of 5.22%. Discussion followed regarding the effective date of January 1, 2016; the receipt of some funds retroactive to incorporation; the estimated annual amount of $518,000; and methods for dealing with possible state tax reductions. The Mayor called for"
11,10,Ordinance,True,BERT Rail Trail,No location name/address matched,"adopted Lee County Ordinances at incorporation; and that the cost of updated flood maps was included in the proposed interlocal agreement. Discussion followed regarding possible Bert Harris lawsuits, pending legislation that precludes such lawsuits, time required to review the application, rate policies of insurance companies, and unrelated insurance surcharges. After Mr. Overmyer reviewed specific activities that could help achieve a higher rating, further discussion occurred regarding the role of a ""coordinator"" and the ordinance requirement. The Mayor called for"
12,12,Ordinance,True,,No location name/address matched,"adopted via roll-call vote with Mr. Wilson absent. ORDINANCE 15-05 8(C) SECOND READING AND PUBLIC HEARING - ORDINANCE 15-06 An Ordinance of the Village Council of the Village of Estero, Florida, Establishing Purchasing Procedures; Designating a Purchasing Agent; Providing for Limitations on Purchases; Providing for Competitive Bidding; Establishing Competitive Bidding and Bid Opening Procedures; Providing for Awarding of Bids; Providing for Waiver of Competitive Bidding; Providing for Exemptions from Competitive Bidding; Providing for Repeal of Conflicting Provisions; Providing for Severability, Inclusion on the Code and in an Effective Date. The Mayor called for"
13,12,Ordinance,True,,No location name/address matched,"adopted via roll-call vote with Mr. Wilson absent. ORDINANCE 15-06 8(D) FIRST READING AND PUBLIC HEARING - ORDINANCE 15-07 An Ordinance of the Village Council of the Village of Estero, Florida, Relating to the Local Communications Services Tax, Providing for the Levy of the Local Communications Services Tax and Specifying a Rate; Electing to Adjust the Tax Rate in Lieu of Permit Fees; Providing for Notice to the Department of Revenue; Providing for Severability; Providing an Effective Date Vice Mayor Levitan inquired about the impact of the recent legislative vote to reduce the tax. Village Attorney Burt Saunders explained that the original version would have no impact because it affected only the maximum rate, and that any necessary changes could be made for the second reading. The Mayor called for"
14,13,Contract Approval,True,Budget / Capital Improvement,No location name/address matched,"adopted is effective January 1, 2016; however, under the Charter, the Village is entitled to a share of communications services tax for this calendar year. Mr. Saunders noted that Lee County has expressed reluctance to writing a check to the Village for the taxes that they have collected; however, he did not believe there would be a problem with the County issuing a credit. Mayor Batos inquired if that was something that should be included in the interlocal agreement. Mr. Saunders responded that he would be certain to include it. Councilmember Wilson referred to the Village Council meeting schedule, noted that the last meeting in July was on July 22, and there were no meetings scheduled for the month of August. He questioned whether a meeting for July 29 should be scheduled in case of business that may need to be taken care of prior to everyone going away. Mayor Batos noted that Lee County Commissioners will be away in July and felt it may be more prudent to schedule an August meeting date in order to pass a local intergovernmental agreement if need be. Mayor Batos reported he had been in touch with the Metropolitan Planning Organization (MPO) regarding the Village's voting seat on the MPO and that the response was it was still in process; however, he has been invited to attend all of the meetings. 11. VILLAGE MANAGER'S COMMENTS Village Manager Peter Lombardi reported that the RFP for the manager search consultant is due next Wednesday, June 24. He was able to get three senior advisors from the Florida City and County Management Association and a retired manager to volunteer as the RFP evaluation committee. Brief discussion followed regarding the process and considering action at the July 1 regular Council meeting. Mr. Lombardi yielded to Councilmember Errington in order for her to address one other item. Councilmember Errington requested that staff prepare a proclamation for July 4"". Village Manager Peter Lombardi reiterated the comments made by Councilmember Boesch regarding last week's meeting with Commissioner Kiker, primarily relating to transportation issues; however, they also discussed the interlocal agreement. Mr. Lombardi stated that Commissioner Kiker inquired about the amount of time it had been taking to finalize the interlocal agreement. Mr. Lombardi indicated that the Village was still waiting on numbers from County staff and he was not in a position to make a recommendation to the Council until such time as the numbers were made available. He noted that in the interim he had received communications from County staff providing numbers. Mr. Lombardi stated that the monthly financial report as of May 31, 2015 had been distributed to the Council. Brief discussion ensued regarding the forecast being above and beyond what the original numbers that the ECCL projected through the end of September 2015. Mr. Lombardi noted that Council would receive the first Village budget at the June 24 Council workshop, including a calendar which would indicate the various steps through final adoption and compliance with the TRIM notice; additional workshops have been scheduled for July 10 and July 22. Vice Mayor Levitan inquired regarding interest expense. Mr. Lombardi responded that he wasn't certain whether it was included in the monthly financial report; however, it was included in the budget. Discussion ensued regarding paying down the line of credit, in order to be as prudent as possible with the funds the Village was given. Mr. Lombardi stated that he would ask the Finance Director to prepare calculations on interest expense. 12. VILLAGE ATTORNEY'S COMMENTS Village Attorney Burt Saunders stated that one of the policy issues that would need to be decided was whether the code enforcement issues involving Estero would be handled by a magistrate for the Village. He provided two approaches: (1) Enter into a contract with Lee County to use their magistrate. He indicated that he had spoken with Lee County Attorney Richard Wesch. Mr. Wesch agreed that there was a way to work out a contract. (2) Prepare a Request for Proposal and obtain applications for a magistrate to handle the code enforcement cases for the Village. Discussion ensued regarding the possibility of the Village having a code enforcement board; having a Village magistrate could be less expensive; Lee County will charge the Village a fee for code enforcement in the coming fiscal year and would still handle issuance of code enforcement citations; the uncertainty of a discount Lee County would allow if the Village had a magistrate; the understanding that the County fee will include staff to handle the citation issuance as well as the Hearings Examiner. Discussion followed relating to a small amount of code enforcement issues from last year that have not been heard by the Hearing Examiner due to the lack of an intergovernmental agreement. Mr. Lombardi noted that the vast majority of code violations are resolved when the Code Enforcement Officer issues the notice of violation. He further noted that the Village has paid for the service through September 30; if an interlocal agreement would permit this function to continue, he recommended that the Village continue to have the violations enforced and heard by the Hearing Examiner that the Village already pays for. He added that, as long as the interlocal agreement had a provision that the Council can opt out of a particular service and reduce the cost that the Village is paying for the service, the Council could decide to have cases heard by a Village magistrate. Mayor Batos asked the Village Attorney to try to enter into an interlocal agreement between now and the end of September to make certain that the County would hear the code enforcement cases, with the knowledge that it should not cost the Village additional money. Furthermore, at the same time, the Council could begin preparing for a Village magistrate, if that was the direction the Council wanted to go in September. Councilmembers agreed by consensus. Prior to adjourning the meeting, the question was asked how many citizens were in attendance due to the meeting being held at night and would not be able to attend if the meeting was at 10:00 a.m. One citizen raised her hand, stated that she could come during the day, however, she should be working. 13. ADJOURN Mayor Batos"
17,15,Vote,True,,No location name/address matched,"adopted by the Council at some point in the future. Vice Mayor Levitan inquired whether the Village name should be trademarked and addressed concern regarding other agencies or companies using the Village name and implying they are part of the Village government. Mayor Batos asked that this issue be turned over to counsel for recommendation. Village Attorney Saunders stated that he would be able to handle any trademark issues for Council. Councilmember Errington reported that she attended the recent Design Review Board meeting. She addressed concern regarding public involvement; the clear cutting application that was before the Board; discouragement with the process; and notice that was given 10 years ago. She stated that it set a bad example when the Council said they supported public participation and it was ignored, Councilmember Boesch reported that Apple has said they were willing to put on a training program. Village Manager Lombardi stated that he had received an email from them explaining they would provide training classes at a cost of $500 for Councilmembers who had Apple computers and phones. He indicated that he would be paying the fee and emails would be sent to Councilmembers to advise of the availability of the training. Mayor Batos suggested that, prior to paying the fee, the Village Manager find out if there was interest in the training. Village Manager Lombardi said he would be sending an email to see what the interest was on the part of Council prior to paying the fee. Mayor Batos called for"
18,16,Contract Approval,True,Budget / Capital Improvement,No location name/address matched,"approved a contractor to build two additional floors on the Gulf Coast Hospital, part of the efforts to bring quality health care to south Lee County; the project will also add 275 beds on two floors and a couple of parking garages. He stated that this would work well with the proposed medical village. Councilmember Brown hopéd to invite representatives from Lee Memorial Health System to a Council workshop in the first part of September in order to provide a progress update. He also conveyed thanks to everyone for the well wishes while he was absent. Councilmember Errington noted, with Council working on the village center and healthcare village, to continue to remember the northern part of Estero, due to concerned citizens. She added that Council needed to make sure that the citizens were included because they are as important as everyone else. Councilmember Wilson stated that parking was one of the very important aspects for the future Village office space, and related parking issues as a result of last night's Planning and Zoning Board meeting. He reported that he would be meeting with the Village Manager and Finance Director to go over the budget, as he would be out of town for the first budget workshop. Mayor Batos conveyed thanks to Attorney Tony Pires attending the meeting on behalf of Village Attorney Burt Saunders. He also spoke to an email that announced the hiring of another employee, Lisa Pace, as the Village Finance Director. 11. VILLAGE MANAGER'S COMMENTS None. 12. VILLAGE ATTORNEY'S COMMENTS None. 13. ADJOURN Mayor Batos wished everyone a happy and safe 4"" of July, conveyed thanks for all we have and the great country that we live in, and"
19,17,Ordinance,True,Comprehensive Plan; Budget / Capital Improvement; Comprehensive Plan / Land Development Code,No location name/address matched,"approved was their decision. He added that this would be the time for discussion if they chose to do so in order for revisions to be entered. Mayor Batos inquired whether a fringe benefit analysis from other cities had been received. Mr. Lombardi responded that a survey was not conducted and added that the Florida Retirement System was paying 72%. Vice Mayor Levitan inquired about the availability of fringe benefits with Florida League of Cities. Mr. Lombardi responded that the amount under Group Insurance was a quote from Florida League of Cities through United Health Care; proposed coverage was for 100% of employee premium for medical, dental, vision, and life. Mayor Batos indicated that he would like a better understanding of proposed plans and what was available as a group; regarding the retirement package, he assumed that the Charter was being followed regarding defined contribution plan. Mr. Lombardi responded that the Florida League of Cities plan was a defined contribution plan. Mayor Batos requested that detailed information be provided regarding the proposed benefits, establishing a policy for the employees, and, if possible, comparable information from some of the neighboring cities. Village Manager Lombardi indicated that information from other cities would be difficult to obtain. He stated that the health insurance quote was high due to the relative age of the employees. Vice Mayor Levitan inquired whether there was an intention to adopt a retirement plan, match employee contributions, and provide employees the ability to decide how the money was invested. Mr. Lombardi responded that typically, in the case of the FLC or ICMA plan, the plan was a group of investment options and employees would choose investments; upon budget approval, an RFP would go out to obtain plan proposals. Mayor Batos reiterated the importance of obtaining information from other cities regarding fringe benefits. Mr. Lombardi said that we would ask, but having done salary surveys in the past, it would be more difficult getting that information than it was to get information from Florida League of Cities. Mayor Batos stated that he would like to see the details and Councilmember Boesch agreed. Councilmember Brown addressed concern regarding insurance deductibles, which were a reflection of premium rates. He added that he wanted to make certain that the best plan was provided in order to maintain a long-term relationship with the employees. Mr. Lombardi stated that he had information on four plans from Florida League of Cities, which he would provide to the Council. Page 7, Regular Salaries and Wages, Vice Mayor Levitan inquired how many employees were included. Mr. Lombardi responded three full time equivalent positions, consisting of the Manager, Assistant Village Manager, and Administrative Assistant, which were in the feasibility study. Vice Mayor Levitan inquired whether the Village Manager was recommending filling the Assistant Village Manger position in the 2015-2016 fiscal year and what the role would be. Mr. Lombardi responded ""yes"" and the role would be contract manager. Discussion ensued regarding the types of contracts the Assistant Village Manager would manage. Page 8, Village Attorney, including retainer for the attorney as well as contractual services, Mayor Batos inquired whether there was any reason to believe that the amounts in the proposed budget would change. Attorney Derek Rooney responded that he believed the contract estimate was accurate and the retainer was a realistic figure. Vice Mayor Levitan noted that work on the Comprehensive Plan would begin in the Fall and suggested adding additional funds into the attorney budget. Discussion ensued regarding whether the amount proposed was sufficient. Mr. Lombardi suggested that Council negotiate a retainer with Nancy Stroud for the work that she would be performing on the Comprehensive Plan and development regulations. Vice Mayor Levitan stated that the Council had not yet determined what Ms. Stroud's role would be related to the Comprehensive Plan. Discussion followed regarding whether to put additional funds in Village Attorney expenditures or another category. Mayor Batos suggested that the Village Manager review the numbers with the attorneys to determine if the legal fees were accurate; if additional legal fees were needed, another line item could be added based on recommendations from legal counsel. Discussion ensued regarding the amount that was in the Feasibility Study for legal fees, which did not include the Comprehensive Plan. Councilmember Errington inquired whether it was typical to have two attorneys working for a Village the size of Estero. Mr. Lombardi responded that there would typically be one Village attorney; however, the attorney may not always have experience in all areas. He added that he felt the recommended amount in the attorney expenditures budget at $480,000 would be adequate; if it was believed that the $120,000 in the Community Development budget was inadequate, he suggested increasing that number as well as charging legal fees to the same account because it was related to Community Development, i.e., planning, zoning, etc. He added that through internal accounting systems it would be known on a month to month basis how the expenditures were coming out. In conclusion, Mayor Batos asked that the Village Manager review the numbers, Councilmembers could make suggestions, hold discussions with the attorneys, and come up with a number that was realistic. Page 9, Village Clerk - Village Manager Lombardi stated that this was the first cost center where the Interlocal Agreement with Lee County came into play; under Contractual Services - Elections March 2015, $78,830, the cost of the Village election to be paid, which depended upon the final outcome of the Interlocal Agreement. Mayor Batos inquired whether it was customary for the total cost of the election to be expensed in the year the election occurred or could the expense be pro-rated over a two year period. Mr. Lombardi responded that it could be done either way. Vice Mayor Levitan noted that he did not have a problem creating an expenditure; however, he objected to the amount in the budget for March 2015. He added that the Legislature clearly stated that Lee County would pay for the election cost; however, creating a reserve for the 2017 election would be appropriate. Discussion ensued regarding whether to leave the amount in the budget. Consensus was to remove the election expense. Vice Mayor Levitan inquired regarding the line item for legal notices, noting concern whether $500 would be sufficient. Mr. Lombardi responded that there was an additional legal notices line item in the Community Development budget. Village Finance Director Lisa Pace called attention to footnote #4 on page 9, explaining that this line item represented the cost as required for ordinances, Truth in Millage Compliance and other required advertisements. Vice Mayor Levitan recommended increasing the allocation in the Community Development budget. Page 10, Finance - Mayor Batos inquired about the auditing fee. Vice Mayor Levitan inquired regarding the timing on hiring an auditor. Village Manager Lombardi responded that an RFP would go out in August and a recommendation would go to Council in September. Discussion ensued regarding (1) the necessity of getting an auditor on-board and (2) training expense. It was noted that, for the initial budget and until the Village has history of these types of expenses, Travel, Per Diem and Training line items were combined for a total of $2,000 for all cost centers (footnote #4, page 10). Page 11, Community Development - Village Manager Lombardi noted that the Planning Initiative line item was the contract with Mr. Spikowski. Vice Mayor Levitan believed that the full $79,180 would not be spent this fiscal year and inquired whether the Village Manager wanted to roll some of the funds from this fiscal year to the next fiscal year. Mr. Lombardi responded that, when the budget closes on September 30, staff would be presenting budget adjustments to Council in October, which would include adjustments for funds not spent that were anticipated for this fiscal year. Councilmember Errington asked for an explanation regarding Comprehensive Plan, land development regulations, and community development services. After providing a detailed explanation of the reasons and undertaking of a Comprehensive Plan, Vice Mayor Levitan stated that the $695,740 reflected the initial proposal from Lee County and was now up to $713,000. He added that there was no revenue amount in the budget on a contractual basis; however, if the Village took over the services, the Village would be entitled to revenues including fees for planning and zoning, code enforcement, animal control, plus building permit fees. He said the County's revenue estimate for an annual basis for fiscal year 2014 was approximately $1.7M, which would have a tremendous impact on the Village's budget. Mayor Batos added that the budgeted $695,740 would be more than sufficient. Mr. Lombardi stated that he would recommend changing the $695,740 to $713,290, reflecting the latest amount in the Interlocal Agreement. Page 12 - Animal Control - Village Manager Lombardi stated that the $194,140 was the figure that the County provided in the Interlocal Agreement first draft; however, the amount was now $193,720. Mayor Batos added that the County would bill the Village on that amount and whatever history they gain over the first year would establish what the second year fee would be. Discussion ensued regarding the fee amount, the possibility of subcontracting, the lack of history on the number of calls, and the possibility of a retroactive adjustment. Page 13 - Public Works - Village Manager Lombardi stated that this was another area that had Interlocal Agreement ramifications; the new total expenditures were $288,750. Brief discussion ensued. Page 14 - Public Works Transportation - Village Manager Lombardi stated that this was another area that had Interlocal Agreement ramifications; the new total expenditures were $2,322,260. Page 15 - Information Technologies - Vice Mayor Levitan inquired whether the Village had migrated to its own server. Village Manager Lombardi responded that the server had been | delivered; however, he was not certain whether installation was complete. Vice Mayor Levitan ' acknowledged the helpfulness of Assistant Fire Chief Wahlig and inquired whether the Village should retain a technician. Mr. Lombardi responded that the $30,000 contract amount for the IT Services line item was for the technician that would be responsible for the system. Discussion ensued regarding the contractor the Fire District has used for a number of years, which was the same contractor that provided a proposal to maintain the Village's system. Vice Mayor Levitan addressed concern regarding the Village being on a virtual server with the Fire District and believed that, since the Village had the equipment, it should be installed. Mr. Lombardi explained that there were three separate servers that the Fire District provided the Village to use; the new Village server will replace the three borrowed servers. Councilmember Errington inquired regarding security. Mr. Lombardi responded that there were various levels of security on the system and the new server would have higher security than the three current servers. Councilmember Boesch spoke regarding the concept of internships through FGCU. Mayor Batos responded that he had been speaking with the FGCU regarding interns. Page 16 - General Government Operations Expenditures - Village Manager Lombardi noted that no additional personnel was listed; however, if Councilmembers believed there was a need due to work load, an additional $135,000 could be entered for additional personnel on an as needed basis. Vice Mayor Levitan responded that there were many volunteers available in Estero and the Village should explore that opportunity prior to hiring part-time employees. He inquired whether the Village was in a position to begin discussions with potential landlords. Councilmember Ribble responded that information will be placed on the July 22 workshop agenda. Vice Mayor Levitan believed that the Village should begin budgeting for a lease. Mayor Batos explained that funds were budgeted in Capital Outlay. Vice Mayor Levitan inquired about budgeting for charitable contributions, economic development, Chamber of Commerce or other Estero groups that would request funds to help citizens, as well as contributions for emergencies and money available for economic development needs. Councilmember Ribble believed that agencies were available to fill some of the needs. Discussion ensued regarding the Bonita Springs Estero Economic Development Council. Councilmember Boesch believed that funds needed to be budgeted for economic development. He also spoke to a new economic development program in the business department at FGCU and suggested that Mayor Batos speak with the FGCU President. Councilmember Errington stated that there were many non-profit organizations in Estero that provided service; it would be nice to recognize them, however criteria would need to be developed. Mayor Batos noted the Contingency line item on page 16, and spoke to the reserve in the budget, which would be available if needed; however, that did not preclude the fact if Council wanted to have a line for economic development. Consensus was to add a line for economic development. Regarding the charitable aspects, Vice Mayor Levitan stated that Council had been approached already and believed that there should be a process in place. Mayor Batos directed the Village Manager to schedule the topic of the Council's role for a workshop. He added that he would try to contact other cities for information regarding how they handle economic development and charitable requests. Councilmember Boesch suggested that the Village hire a one shift sheriff from the Sheriff's Department to be involved with traffic control. He addressed speeding concerns and the need for a police presence in Estero. Mayor Batos directed the Village Manager to place the topic of additional police needs on a workshop agenda for discussion. He also stated that information from the Sheriff's office could be obtained. Discussion ensued. Mayor Batos referred to the Insurance line item on page 16 and inquired whether the amount should be increased to take care of the proposed increase in coverage. Village Manager Lombardi responded the amount reflected the estimated increase. Discussion ensued regarding the 6-month amount versus the 12-month amount. Village Manager Lombardi stated that he and the Village Finance Director would review the amount. Mayor Batos believed the 12-month figure was incorrect and he also wanted to make certain that the Village had the additional coverage Council would need to have the maximum coverage for potential lawsuits. Attorney Derek Rooney responded that generally there were standard exclusions for land use. Discussion ensued, Vice Mayor Levitan inquired regarding an ordinance to create a magistrate system. Attorney Derek Rooney responded that the ordinance and process could be set up rather quickly. Brief discussion followed"
21,20,Consent Agenda,True,,No location name/address matched,"approved development orders and homeowner's association documents. He stated that this was not the stage to make changes. Vice Mayor Levitan stated that plat approvals may not need to come to the Council for formal approval and suggested that staff enter this on their list of items that Council ultimately may want to change and adopt Lee County's process; once plats went through legal and staff review, the Mayor would sign off. Mayor Batos said that for at least the time being, the plat approvals could have been put on the consent agenda. Brief discussion followed along with an inquiry regarding a sidewalk issue related to this plat"
22,20,Contract Approval,True,,No location name/address matched,"adopted by the Village""; page 2, item number 4, first sentence was revised to read ""The County is entitled to charge and collect an amount up to three percent of impact fees it collects in cash...""; page 3, item number 14, first sentence was revised to read ""The County will maintain all records of impact fees collected from permitting activities on development with the Village by reference to the fee payer's name and address and STRAP number."" Councilmember Errington inquired whether the Estero Park was considered a regional park or community park. Village Manager Lombardi responded ""regional park."" Regarding page 2, item 3 and page 3, item 15, Councilmember Wilson inquired whether the County would get all of the money and when would it be turned over to the Village. Mayor Batos responded that the County would get all of the money up until this point. Village Manager Lombardi responded that the Village would receive impact fees for roads, regional parks, and community parks. He noted that the first payment would be made five days after the execution of the Interlocal Agreement, retroactively from the first of the year. Mayor Batos added that the County would continue to collect and pay the Village until the Village took over the permitting process. Discussion followed regarding percentages of payments. Vice Mayor Levitan noted that the Village was required by State law to review justification for the impact fee levels. He noted that the County adopted a new report from Duncan Associates in February. He stated that, with the Interlocal Agreement ready for approval, the Village would need a similar adoption of the findings of the Duncan report update, the basis for the impact fee levels, which was the actual dollars per cost level for each different type of development. He indicated that a proposal for adoption would probably come before the Council in September. Mayor Batos asked that the Village Manager arrange to have this on an upcoming agenda. Mayor Batos called for"
24,21,Administrative,True,,No location name/address matched,"adopted the Lee County version; first reading/public hearing would be held at the September 16, 2015 Council meeting and the second reading would need to occur on September 23, 2015. He noted that the Special Magistrate ordinance first reading/public hearing would be held at the September 16, 2015 Council meeting, with second reading/hearing on September 23, 2015. Discussion followed regarding the process allowing for a regular meeting and workshop on September 23, 2015. Councilmember Errington requested to be excused for the October 9, 2015 Council workshop. The request was accepted. 13. ADJOURN A motion to adjourn was called and carried unanimously. Mayor Batos"
26,27,Vote,True,,No location name/address matched,approved to make certain that the Village was participating in the National Flood Insurance Program. Mayor Batos called for
30,36,No Action,False,,No location name/address matched,Meeting Cancelled
31,37,Vote,True,,No location name/address matched,Approved the agenda as revised: pulled agenda item 3
33,37,Resolution,True,,No location name/address matched,Adopted Resolution No. 2017
34,37,Resolution,True,,No location name/address matched,Adopted Resolution No. 2017-03 and approved the agreement between the Village and Pritchard Construction LLC as amended
36,37,Ordinance,True,,No location name/address matched,"Passed first reading and set second reading and public hearing date for January 18, 20"
37,37,Ordinance,True,Comprehensive Plan; Comprehensive Plan / Land Development Code,No location name/address matched,Passed second reading and adopted Ordinance No. 2016
38,38,Vote,True,,No location name/address matched,Approved the agenda
39,38,Consent Agenda,True,,No location name/address matched,Approved the Consent Agenda
40,38,Ordinance,True,Budget / Capital Improvement,No location name/address matched,Approved first reading of Ordinance No. 2016
41,38,Resolution,True,,No location name/address matched,Adopted Resolution No. 2016
42,38,Unknown,False,,No location name/address matched,No action required
45,40,Vote,True,,No location name/address matched,Approved the agenda
46,40,Consent Agenda,True,,No location name/address matched,Approved the Consent Agenda
47,40,Ordinance,True,Budget / Capital Improvement,No location name/address matched,Adopted Ordinance No. 2016
49,40,Vote,True,,No location name/address matched,Approved the Council Appointments list
53,41,Vote,True,,No location name/address matched,Approved the agenda
54,41,Consent Agenda,True,,No location name/address matched,"Approved the Consent Agenda, revising minutes as necessary"
55,41,Vote,True,Comprehensive Plan; Comprehensive Plan / Land Development Code,No location name/address matched,Authorized staff to distribute RFQ 2016
56,41,Vote,True,,No location name/address matched,Authorized staff to distribute RFP 2016
57,41,Unknown,False,,No location name/address matched,Appointed Robert King as Village CAC Representative to MPO
58,41,Unknown,False,,No location name/address matched,"Accepted the letter of resignation from Jeffrey Mass dated January 12, 2016 and directed the Village Clerk to advertise the vacancy and solicit applications"
59,41,Resolution,True,,No location name/address matched,Adopted Resolution 2016-05 as amended
60,41,Vote,True,,No location name/address matched,"Authorized the Mayor to sign the letter and approved and endorsed the white paper entitled ""Caloosahatchee Watershed Regional Water Management Issues."""
61,41,Resolution,True,,No location name/address matched,Adopted Resolution No. 2016
62,42,Vote,True,,No location name/address matched,Approved the agenda with the removal of agenda item 6(A)
63,42,Vote,True,,No location name/address matched,Approved the Notice of Competitive Negotiation
66,42,Vote,True,,No location name/address matched,Approved the agenda
67,43,Discussion,True,,No location name/address matched,Approved the agenda
69,45,Vote,True,,No location name/address matched,Approved the agenda
70,45,Consent Agenda,True,,No location name/address matched,Approved the Consent Agenda
71,45,Unknown,False,,No location name/address matched,Accepted the report
72,45,Resolution,True,,No location name/address matched,Adopted Resolution No. 2016
73,45,Ordinance,True,,No location name/address matched,"Approved first reading of Ordinance No. 2016-03 and set second reading for April 6, 20"
74,45,Unknown,False,,No location name/address matched,"Directed staff to prepare a letter for builder WCI, to inform them that they need to come before Estero' s Planning and Zoning Board, as Estero has jurisdiction with their DRI"
76,46,Vote,True,,No location name/address matched,Approved the agenda
77,46,Ordinance,True,,No location name/address matched,Adopted Ordinance No. 2016-02 as amended
78,46,Unknown,False,Comprehensive Plan; Comprehensive Plan / Land Development Code,No location name/address matched,"Accepted all submissions, appointed the Village Manager, Finance"
79,46,Unknown,False,,No location name/address matched,"Accepted all submissions, appointed the Village Manager, Finance Director and Community Development Director as the interview committee, directed the committee to interview each firm (these would be posted and public interviews), and return to the Council with a staff recommendation"
81,46,Vote,True,,No location name/address matched,"Authorized the Village Manager to submit a letter to Lee County requesting support for traffic control for Bella Terra and Corkscrew Road, the sidewalk project on Estero Parkway, and resurfacing Estero Parkway"
82,46,Vote,True,,No location name/address matched,Approved commencing Council meetings at 9:30 a.m. beginning with the first meeting in April and move zoning hearings from the second Wednesday of the month to the third Wednesday of the month
83,47,Vote,True,,No location name/address matched,Approved the agenda
84,47,Ordinance,True,Comprehensive Plan; Comprehensive Plan / Land Development Code,No location name/address matched,Passed first reading and transmittal of Ordinance No. 2016
85,48,Vote,True,,No location name/address matched,Approved the agenda
86,48,Consent Agenda,True,,No location name/address matched,Approved the Consent Agenda
87,48,Ordinance,True,,No location name/address matched,Adopted Ordinance No. 2016
88,48,Resolution,True,,No location name/address matched,Adopted Resolution No. 2016-07 with the following Board Members and terms: Board Member
89,48,Resolution,True,,No location name/address matched,"Adopted Resolution No. 2016-08 with the following Board Members and terms: Board Member 1. ~~~~--'-W~·~S~c=o~tt~An...=cd=e=rs=o=n=--~~- 2. ~~~~~-W~il_h~·a=m~P~ry_.__s_i~~~~ 3. ~~~~~-P~ru~ty,<......c..W~h=i~te_h~ea~d~~~~ 4. ~~~~~---=B~a=rry'-.1---'J~o=n=es=c._~~~~"
90,49,Vote,True,,No location name/address matched,Approved the agenda
91,49,Consent Agenda,True,,No location name/address matched,Approved the Consent Agenda
92,49,Unknown,False,,No location name/address matched,"Accepted Roger Strelow's resignation, with thanks from the Council for all of his service, past and present, and accepted his offer to remain on the Board until appointment of a new Board Member"
93,50,Vote,True,,No location name/address matched,"Approved the agenda as revised by updated agenda provided, adding agenda item 8 (c)"
94,50,Consent Agenda,True,,No location name/address matched,Approved the Consent Agenda
95,50,Ordinance,True,,No location name/address matched,"Approved first reading of Ordinance No. 2016-05 and advanced to second reading on May 18, 20"
96,50,Contract Approval,True,Comprehensive Plan; Comprehensive Plan / Land Development Code,No location name/address matched,"Awarded RFQ 2016-01 - Comprehensive Plan to LaRue Planning & Management Services, Inc. and authorized the Village Manager, with the assistance of staff, to negotiate a contract to be reviewed by Council at a later date"
97,51,Vote,True,,No location name/address matched,"Approved the agenda, with a revision to address Agenda Item 4 (b)"
98,51,Consent Agenda,True,,No location name/address matched,Approved the Consent Agenda
99,51,Ordinance,True,,No location name/address matched,"Adopted Ordinance No. 2016-05, amending the Commercial Planned Development Zoning Resolution No. Z-09-037, Section 2.B, as revised by including a statement that this approval is unique to this particular petition and is not to be considered a precedent in other matters"
100,51,Ordinance,True,,No location name/address matched,"Approved first reading of Ordinance No. 2016-06 and advanced to second reading and public hearing on June 1, 20"
101,51,Resolution,True,,No location name/address matched,Adopted Resolution No. 2016-10 establishing a Village Credit Card Account with SunTrust
102,51,Contract Approval,True,,No location name/address matched,"Awarded RFP 2016-01 - Village Traffic Study to Kimley-Horn and authorized the Village Manager, with the assistance of staff, to negotiate a contract to be reviewed by Council at a later date"
103,51,Vote,True,,No location name/address matched,"Approved the letter of support to be sent to Office of Environmental Services Division of State Lands, Department of Environmental Protection as revised with the language suggested by Mayor Batos"
104,51,Contract Approval,False,,No location name/address matched,"No one on the Council shall participate in discussions about the issues involving roads and continuation of the Interlocal Agreement in the second budget year, except for the Village Manager, until the Council has had a public discussion/workshop and Council decides to delegate authority to one Councilmember"
105,53,Vote,True,,No location name/address matched,Approved the agenda
106,53,Consent Agenda,True,,No location name/address matched,Approved the Consent Agenda
107,53,Ordinance,True,,No location name/address matched,Approved Ordinance No. 2016
108,53,Ordinance,True,Comprehensive Plan; Comprehensive Plan / Land Development Code,No location name/address matched,"Approved first reading of Ordinance No. 2016-07 and advanced to second reading and public hearing on June 22, 20"
109,53,Resolution,True,,No location name/address matched,Adopted Resolution No. 2016
110,54,Discussion,True,,No location name/address matched,Approved the revised agenda
111,55,Vote,True,,No location name/address matched,Approved the agenda
112,55,Resolution,True,,No location name/address matched,"Appointed William Campos to the Planning and Zoning Board to a term expiring March 31, 2018 and adopted Resolution No. 2016"
113,55,Resolution,True,,No location name/address matched,Adopted Resolution No. 2016-14 as amended
114,55,Ordinance,True,Comprehensive Plan; Comprehensive Plan / Land Development Code,No location name/address matched,Adopted Ordinance No. 2016
115,56,Vote,True,,No location name/address matched,Approved the agenda
116,56,Consent Agenda,True,,No location name/address matched,Approved the Consent Agenda
118,56,Ordinance,True,,No location name/address matched,Passed the first reading of Ordinance No. 2016
119,56,Resolution,True,,No location name/address matched,Appointed Councilmember Ribble as the voting delegate and adopted Resolution No. 2016
121,57,Vote,True,,No location name/address matched,"Approved the agenda, added agenda item 4"
123,57,Contract Approval,True,,No location name/address matched,Appointed Councilmember Bill Ribble as the Council liaison to the County Commission for purposes of facilitating an agreement and bringing it back to the Council for discussion and vote
124,57,Unknown,False,,No location name/address matched,"Appointed a staff review committee consisting of Steve Sarkozy, Kyle Coleman, Mary Gibbs and Lisa Pace to evaluate proposals submitted by 14 consulting firms for miscellaneous engineering related professional services; staff to return to the Council with a recommendation in August"
125,57,Vote,True,,No location name/address matched,The case was continued to a future date
126,57,Ordinance,True,,No location name/address matched,Adopted Ordinance No. 2016-08 with revisions and additions to conditions and adopting findings
127,58,Consent Agenda,True,,No location name/address matched,Approved the Consent Agenda
128,58,Budget,False,,No location name/address matched,Review proposed Budget for Fiscal Year 2020-2021 Financial Impact: The proposed budget will provide funding for the Fiscal Year 2020-2021
129,58,Resolution,True,Budget / Capital Improvement,No location name/address matched,Adopted Resolution No. 2020-13
130,58,Resolution,False,Budget / Capital Improvement,No location name/address matched,"Approve Resolution 2020-12 Naming the Lee County Supervisor of Elections as the Village ofEstero's Qualifying Official and authority for the Village Manager to enter into the attached agreement with the Lee County Supervisor of Elections, which is an expansion of the existing interlocal agreement between the parties"
131,58,Resolution,True,,No location name/address matched,"Motion to approve Resolution 2020-12 Naming the Lee County Supervisor of Elections as the Village ofEstero's Qualifying Official and authority for the Village Manager to enter into the attached agreement with the Lee County Supervisor of Elections, which is an expansion of the existing interlocal agreement between the parties. MEotion by: Seconded by: Councilmember Nick Batos Vice Mayor Katy Errington Approved Resolution 2020-12 Naming the Lee County Supervisor of Elections as the Village ofEstero's Qualifying Official and authority for the Village Manager to enter into the attached agreement with the Lee County Supervisor of Elections, which is an expansion of the existing interlocal agreement between the parties"
132,58,Contract Approval,False,,No location name/address matched,Approve the WCI/Lennar Transportation Impact Fee Credit Agreement between WCVLennar and the Village of Estero for the Pelican Colony Traffic Signal. Authorize the Mayor to execute this agreement on behalf of the Village ofEstero Council
133,58,Contract Approval,True,,No location name/address matched,Approved the WCI/Lennar Transportation Impact Fee Credit Agreement between WCI/Lennar and the Village ofEstero for the Pelican Colony Traffic Signal. Authorize the Mayor to execute this agreement on behalf of the Village ofEstero Council
135,58,Contract Approval,True,,No location name/address matched,"Approved the attached ""Inter-Local Agreement for Municipal Solid Waste Disposal, Solid Waste System Assessment and Supplemental Services"" with Lee County"
136,58,Ordinance,False,,No location name/address matched,"Pass first reading and set second reading for September 9, 2020 at 5:30 p.m"
137,58,Ordinance,True,,No location name/address matched,"Passed the first reading of Ordinance 2020-06 and set second reading for September 9, 2020 at 5:30 p.m"
138,58,Ordinance,True,,No location name/address matched,Approved Ordinance 2020-05 Adopting an Official Village Seal
139,58,Resolution,True,,No location name/address matched,Motion to adopt Resolution No. 2020-14
140,58,Resolution,True,Budget / Capital Improvement,No location name/address matched,Approved Resolution No. 2020
141,59,Vote,True,,No location name/address matched,Approved the agenda as revised
142,59,Consent Agenda,True,,No location name/address matched,"Approved the Consent Agenda, revising the July 13, 2016 meeting minutes, correcting the word ""building"" to read ""buildings."""
143,59,Vote,True,,No location name/address matched,"Endorsed the revised Caloosahatchee Watershed Regional Water Management Issues White Paper, dated July 15, 2016, and authorized the Mayor to sign a letter indicating Council's endorsement"
144,59,Resolution,True,,No location name/address matched,Adopted Resolution No. 2016
145,59,Vote,True,,No location name/address matched,Approved the request for the Mayor to sign a letter of support for the Edward Byrne Memorial Justice Assistance Grant (JA
146,59,Contract Approval,True,Comprehensive Plan; Comprehensive Plan / Land Development Code,No location name/address matched,"Approved the agreement between the Village ofEstero and LaRue Planning & Management Services, Inc"
147,59,Vote,True,Comprehensive Plan; Comprehensive Plan / Land Development Code,No location name/address matched,Continued to next Council meeting
148,59,Contract Approval,True,,No location name/address matched,"Approved the agreement as amended, between the Village of Estero and Nancy Stroud of Lewis Stroud & Deutsch, PL, for continuing legal services related to land use matters, including legal assistance with the Comprehensive Plan"
151,60,Vote,True,,No location name/address matched,Approved the agenda as revised
152,60,Consent Agenda,True,,No location name/address matched,Approved the Consent Agenda
153,60,Ordinance,True,,No location name/address matched,Adopted Ordinance No. 2016-10 as amended
154,60,Resolution,True,,No location name/address matched,Adopted Resolution No. 2016
155,60,Unknown,False,,No location name/address matched,Moved to Workshops: agenda item 7 (a)(6)
156,60,Vote,True,,No location name/address matched,"Continued to September 21, 2016 Council meeting"
158,61,Vote,True,,No location name/address matched,Approved the agenda
159,61,Resolution,True,,No location name/address matched,Adopted Resolution No. 2016
160,61,Ordinance,True,,No location name/address matched,Passed first reading of Ordinance No. 2016
161,61,Contract Approval,True,,No location name/address matched,"Approved the Interlocal Agreement for Municipal Solid Waste Collection, Customer Services, Billing, and Disposal"
162,61,Contract Approval,True,,No location name/address matched,Approved the Interlocal Agreement for a Disposal Facilities Assessment
163,61,Contract Approval,True,,No location name/address matched,Approved the Interlocal Agreement for Distribution of Local Option Gas Taxes
164,61,Contract Approval,True,,No location name/address matched,Approved the Interlocal Agreement for Providing Municipal Services
165,62,Vote,True,,No location name/address matched,Approved the agenda
166,62,Consent Agenda,True,,No location name/address matched,Approved the Consent Agenda
167,62,Resolution,True,,No location name/address matched,"Adopted Resolution No. 2016-28, as amended"
168,62,Resolution,True,Budget / Capital Improvement,No location name/address matched,Adopted Resolution No. 2016
169,62,Ordinance,True,,No location name/address matched,Adopted Ordinance No. 2016
170,62,Ordinance,True,,No location name/address matched,"Adopted Ordinance No. 2016-12, as amended"
171,62,Vote,True,,No location name/address matched,"Authorized the Mayor to sign letters to Congressman Curt Clawson and Senator Bill Nelson, supporting key pieces oflegislation"
172,63,Administrative,True,,No location name/address matched,Approved the agenda as amended
173,63,Consent Agenda,True,,No location name/address matched,Approved the Consent Agenda
174,63,Contract Approval,True,,No location name/address matched,"Approved the agreement for elections services with Sharon Harrington, the Supervisor of Elections of Lee County, Florida"
175,63,Contract Approval,True,,No location name/address matched,"Approved the agreement between the Village ofEstero and Kimley-Hom for the Village Traffic Study, as amended"
176,63,Resolution,True,,No location name/address matched,"Adopted Resolution No. 2016-30 and amended Section 5 of the agreement to include ""not to exceed $15,600 annually."""
177,64,Administrative,True,,No location name/address matched,Approved the agenda as amended
178,64,Consent Agenda,True,,No location name/address matched,Approved the Consent Agenda
179,64,Resolution,True,,No location name/address matched,"Approved Resolution No. 2016-31 with modifications to the attachment. The policy shall be adopted retroactively and reflected in the fiscal year end September 30, 2016 Audited Financial Statements of the Village"
180,64,Resolution,True,,No location name/address matched,Approved Resolution No. 2016
181,64,Unknown,False,,No location name/address matched,The Village will not engage in early voting
182,64,No Action,False,,No location name/address matched,"Cancelled the December 21, 2016 Council meeting"
184,65,Administrative,True,,No location name/address matched,"Approved the agenda as amended: changing agenda item 5 from Public Hearings to the topic of Coconut Road, renumbering agenda items 8 through 12, moving Workshop Items after Village Manager's Report"
185,65,Consent Agenda,True,,No location name/address matched,Approved the Consent Agenda
188,65,Resolution,True,,No location name/address matched,Adopted Resolution No. 2016
189,65,Unknown,False,,No location name/address matched,Instructed staff to proceed with the process of preparing the documents to take over the roads and maintenance responsibilities from Lee County
190,65,Vote,True,,No location name/address matched,Authorized the Village Manager to provide 65-day notice to Lee County for Village assumption of road maintenance responsibilities
191,65,Unknown,False,,No location name/address matched,Tabled the agenda item and another invitation will be extended to the Executive Director to come to a Council meeting to provide further information
192,65,Vote,True,,No location name/address matched,"Approved 4% increase for staff during fiscal year 2015-2016, including retroactive to October 1, 2016, for 4 staff members"
193,65,Vote,True,,No location name/address matched,"Approved a modification to the Benefits Policy that would add spousal or dependent child coverage, with the affected employee paying 25% of the cost"
194,66,Vote,True,,No location name/address matched,Approved the agenda
195,66,Consent Agenda,True,,No location name/address matched,Approved the Consent Agenda
196,66,Ordinance,True,,No location name/address matched,Passed first reading of Ordinance No. 2016
197,66,Ordinance,False,,No location name/address matched,"Scheduled second reading and public hearing for 9:30 a.m. on December 7, 20"
198,66,Resolution,True,Budget / Capital Improvement,No location name/address matched,"Adopted Resolution No. 2016-35, creating a Special Revenue Fund for"
199,66,Resolution,True,,No location name/address matched,"Adopted Resolution No. 2016-36, clarifying the effective date of October 1, 2015 for paid time off (vacatio"
200,66,Unknown,False,,No location name/address matched,The Village will join the organization based on the fee waiver for the first year
201,66,Unknown,False,,No location name/address matched,Appointed Councilmember Wilson as the Village Council liaison to the Southwest Florida Regional Planning Council
202,66,Ordinance,True,,No location name/address matched,Passed first reading and approved transmitting amendments to the state for further review
203,67,Vote,True,,No location name/address matched,Approved the agenda
204,67,Consent Agenda,True,,No location name/address matched,Approved the Consent Agenda
205,67,Contract Approval,True,,No location name/address matched,"Concurred with the Competitive Negotiations staff review committee recommendation of award for CN 2016-02 and authorized the Village Manager to negotiate an agreement with the number one ranked firm of J .R. Evans Engineering to prepare the Village's Stormwater Master Plan. Village Council Meeting Final Action Agenda/Minutes - December 7, 2016 Page 2 of9"
206,67,Unknown,False,,No location name/address matched,"Tabled until December 20, 20"
207,67,Contract Approval,True,,No location name/address matched,"Approved the mowing contract with Superior Landscaping and Lawn Service, Inc"
208,67,Contract Approval,True,,No location name/address matched,"Approved the landscaping contract with Hannula Landscaping & Irrigation, Inc"
209,67,Contract Approval,True,,No location name/address matched,"Approved the irrigation contract with P&T Lawn & Tractor Service, Inc"
210,67,Contract Approval,True,,No location name/address matched,"Approved the street sweeping contract with USA Services of Florida, Inc"
211,67,Ordinance,True,,No location name/address matched,Passed second reading and adopted Ordinance No. 2016
212,67,Ordinance,True,,No location name/address matched,"Passed second reading and adopted Ordinance No. 2016-13, with additional requirement, drafted by Village Land Use Attorney Stroud, for a plat approval in Condition #3, supporting the Planning and Zoning Board decision"
213,68,Vote,True,,No location name/address matched,Approved the agenda
214,68,Contract Approval,True,,No location name/address matched,"Approved the Interlocal Agreement which formally transfers all responsibilities from the County to the Village effective January 7, 20"
215,69,Vote,True,,No location name/address matched,Approved Councilmember Levitan's attendance via teleconference
216,69,Vote,True,,No location name/address matched,"Approved the agenda, with the addition of Agenda Item 10"
217,69,Consent Agenda,True,,No location name/address matched,Approved the Consent Agenda
218,69,Resolution,True,,No location name/address matched,Adopted Resolution No. 2019
219,69,Ordinance,True,,No location name/address matched,Continued first reading of Ordinance No. 2019-27 and referred it to the Design Review Board to review the concems/issues that Councilmembers raised related to: the lack of details in the Pattern Book; landscaping buffer (ber
220,69,Ordinance,True,,No location name/address matched,Passed first reading of Ordinance No. 2019
221,69,Contract Approval,True,Septic to Sewer,No location name/address matched,Approved Supplemental Task Authorization (STA)-l under CN 2018-02 Miscellaneous Professional Services to Banks Engineering to perform a suite of design services for the Water and Sewer Expansion Project
222,69,Unknown,False,,No location name/address matched,Tabled this agenda item until the Staff can get more information
223,70,No Action,False,,No location name/address matched,Meeting Cancelled
224,71,No Action,False,,No location name/address matched,Meeting Cancelled
225,72,No Action,False,,No location name/address matched,Meeting Cancelled
226,73,No Action,False,,No location name/address matched,Meeting Cancelled
227,74,Vote,True,,No location name/address matched,Approved the agenda
228,74,Consent Agenda,True,,No location name/address matched,Approved the Consent Agenda
230,74,Unknown,False,,No location name/address matched,"Revised item No. 2 on the legislative priorities list to read: ""Support"
231,74,Vote,True,,No location name/address matched,Approved the Village of Estero 2017 State Legislative Priorities as revised
232,74,Vote,True,,No location name/address matched,"Approved the Village of Estero membership in the Bonita Springs Estero Economic Development Council for a one-year trial period at a cost of $5,000; designated Councilmember Wilson as the liaison; and thanked the Estero Community Improvement Foundation for their $5,000 matching contribution"
233,74,Unknown,False,,No location name/address matched,Designated Mayor Batos as the Village spokesman at the Legislative Delegation meeting
234,74,Ordinance,True,,No location name/address matched,"Passed second reading and adopted Ordinance No. 2017-01 with revised wording for Conditions 1, 3, 7, 10, and"
235,75,Vote,True,,No location name/address matched,"Approved the agenda as revised, adding Edison Farms as Agenda Item 10 (c)"
236,75,Consent Agenda,True,,No location name/address matched,Approved the Consent Agenda
237,75,Resolution,True,,No location name/address matched,Adopted Resolution No. 2017
238,75,Unknown,False,,No location name/address matched,Staff recommends that
239,75,Unknown,False,,No location name/address matched,A workshop will be scheduled
241,76,Vote,True,,No location name/address matched,Approved the agenda
242,76,Vote,True,,No location name/address matched,Motion failed
243,76,Vote,True,,No location name/address matched,"Approved the February 1, 2017 Council meeting minutes as presented"
244,76,Unknown,False,,No location name/address matched,"The ""Whereas"" clause appointing a liaison will have no name in it and the clause will indicate that the Council will appoint a liaison for the project"
245,76,Resolution,True,,No location name/address matched,"Adopted Resolution No. 2017-05 as amended: the third ""Whereas"" to read ""Whereas, the Village Council of the Village of Estero supports Lee County in its efforts to acquire Edison Farms for preservation purposes in perpetuity"" and the fourth ""Whereas"" to read ""Whereas, the Village Council will appoint a Councilmember to act as liaison for the project."""
246,76,Unknown,False,,No location name/address matched,Appointed Councilmember Jim Boesch as liaison for the project
247,76,Resolution,True,,No location name/address matched,"Adopted Resolution No. 2017-06 supporting the Village ofEstero membership in the Charlotte Harbor National Estuary Program for a three year period, to be reauthorized annually, with an annual membership fee of $5,000, and appointing Councilmember Katy Errington as liaison; amended Section 4 of the resolution, changed Village Manager to Mayor, and added the word ""fiscal"" in the last sentence of Section 1 of the funding agreement: ""The Council may extend this Agreement for two additional fiscal years ... """
248,76,Vote,True,,No location name/address matched,"Amended the recently approved Village Council Legislative Agenda to add support for State funding of $3,550,000 for a Visitor and Environmental Education Center at Lovers Key State Park"
250,77,Discussion,True,,No location name/address matched,Approved the agenda as revised; comments from the public on non- agenda items will be heard prior to the workshop discussion
251,78,Presentation,True,BERT Rail Trail,No location name/address matched,"passed overwhelmingly on November 4, 2014 by Florida voters; Ten Percent for Trails - ask legislators to allocate funding from 2014 Constitutional Amendment One; recommendations from the Florida Greenways and Trails Foundation on how the 10% should be committed were provided, as well as economic, tourism, and safety goals of paved trails for Florida. 8. COUNCIL QUESTIONS: Discussion followed regarding safety record to date; experience with local cities; average cost for one mile of trail; how to make intersections safe; minimum building standards and safety features; steps to get going; maintenance and replacement costs; availability of grant funds; asphalt vs. concrete; purchasing railroad right-of-way; references for all of the great ideas in archives, rails with trails, and engineering resources; and shading of trails. 9. PRESENTATION ON SUNTRAIL FROM LEE COUNTY MPO PERSPECTIVE - DON SCOTT, EXECUTIVE DIRECTOR, LEE COUNTY METROPOLITAN PLANNING ORGANIZATION: Mr. Scott addressed and provided information regarding the following maps: Lee County Corridors from 2015 Office of Green ways Land Trail Opportunity; Southwest Coastal Regional Trail; Land Trail Opportunity; Priority Trail; Area Attractions map; The Coastal Loop - addition to the Southwest Coastal Regional Trail; Trail along Seminole Gulf Railroad Right-of-Way- in Estero and Bonita Springs, the SW Coastal Regional Trail is proposed along the Seminole Gulf Railroad right-of-way from Alico Road to Riverside Park; and Lee County MPO Rail Feasibility Study map. Mr. Scott spoke to the development of the SUNTrail Network/Southwest Coast Connector Priorities; SUNTrail Network Timeline; SUNTrail Project Applications; the Kismet Parkway Multi-Use Trail Project; and the John Yarbrough Trail Extension. 10. COUNCIL QUESTIONS: Discussion followed regarding timeline and the possibility of updating the maps in the near future; materials preference; resurfacing maintenance; there were no matching Joint Workshop: Village Council and Bonita Springs City Council Final Action Agenda/Minutes - February 28, 2017 Page 3 of4 funds; MPO railroad right-of-way study; and the interest shown by the Seminole Gulf Railway representatives. 11"
252,79,Vote,True,,No location name/address matched,Approved the agenda
253,79,Unknown,False,,No location name/address matched,"A hearing will be scheduled to speak to two Board Members, one on the Planning and Zoning Board and one on the Design Review Board, regarding whether they should be removed"
254,79,Consent Agenda,True,,No location name/address matched,Approved the Consent Agenda
255,79,Contract Approval,True,,No location name/address matched,"Approved the agreement with J .R. Evans Engineering for preparation of a Stormwater Master Plan for the Village, to be completed by approximately July 20"
256,80,Discussion,True,,No location name/address matched,Approved the agenda
257,81,Administrative,True,,No location name/address matched,Approved the agenda as amended
258,81,Consent Agenda,True,,No location name/address matched,Approved the Consent Agenda
259,81,Vote,True,,No location name/address matched,Approved support for the project and to continue fact finding
260,81,Unknown,False,,No location name/address matched,Appointment of a liaison was tabled
261,82,Administrative,True,,No location name/address matched,"Approved the agenda as amended, pulling Agenda Item 10 ( c )"
262,82,Consent Agenda,True,,No location name/address matched,Approved the Consent Agenda
263,82,Resolution,True,,No location name/address matched,"Amended the beginning date of the terms to April 1, 2017 and adopted Resolution No. 2017-07 as amended. Village Council Meeting Final Action Agenda/Minutes -April 5, 2017 Page 3 of7"
264,82,Unknown,False,,No location name/address matched,"Amended the beginning date of the terms to April 1, 20"
265,82,Resolution,True,,No location name/address matched,Adopted Resolution No. 2017-08 as amended
266,83,Vote,True,,No location name/address matched,Approved the agenda as revised
267,83,Consent Agenda,True,,No location name/address matched,Approved the Consent Agenda
268,83,Unknown,False,,No location name/address matched,Accepted the audit report
269,83,Unknown,False,,No location name/address matched,Appointed Robert King to fill the unexpired term of Ned Dewhirst; term expiration date of3/31/20
270,83,Resolution,True,,No location name/address matched,Approved the vacation of part of a drainage easement for Estero Veterinary Clinic and adopted Resolution No. 2017
272,83,Contract Approval,False,,No location name/address matched,Supported Option B and the lease agreement will be brought back to the next Council meeting
273,85,Vote,True,,No location name/address matched,"Approved the agenda as revised, adding agenda item 5 (e)"
274,85,Consent Agenda,True,,No location name/address matched,Approved the Consent Agenda
275,85,Vote,True,,No location name/address matched,Approved the proposed lease amendment
276,85,Vote,True,,No location name/address matched,Adopted the Village Council Liaison Assignments and Areas of Strategic Concern as revised
277,85,Resolution,True,,No location name/address matched,"Adopted Resolution No. 2017-11, as amended"
278,85,Vote,True,,No location name/address matched,"Continued the agenda item to May 31, 20"
279,85,Unknown,False,,No location name/address matched,Accepted Councilmember Brown's resignation with regret
280,86,Vote,True,,No location name/address matched,Motion died due to substitute motion. Substitute
281,86,Unknown,False,,No location name/address matched,Section 13
282,86,Vote,True,,No location name/address matched,Motion failed due to tie vote
283,86,Unknown,False,,No location name/address matched,Revised the first sentence in Section 13
284,86,Unknown,False,,No location name/address matched,Accepted the wording in Section
285,86,Unknown,False,,No location name/address matched,Included Section 13
286,87,Vote,True,,No location name/address matched,Approved the agenda
287,87,Consent Agenda,True,,No location name/address matched,Approved the Consent Agenda
288,87,Ordinance,True,,No location name/address matched,Passed Ordinance No. 2017-06 for first reading
289,87,Ordinance,True,,No location name/address matched,Passed Ordinance No. 2017-03 for first reading
290,87,Vote,True,,No location name/address matched,"Approved a3-month trial period to place full-page articles in Estero Life Magazine, beginning with the July 2017 issue"
291,88,Vote,True,,No location name/address matched,Continued the request to a time uncertain
292,89,Vote,True,,No location name/address matched,Approved the agenda
293,89,Ordinance,True,,No location name/address matched,Passed second reading of Ordinance No. 2017
294,90,Vote,True,,No location name/address matched,Approved the agenda
295,90,Consent Agenda,True,,No location name/address matched,Approved the Consent Agenda
296,90,Resolution,True,,No location name/address matched,Adopted Resolution No. 2017
297,91,Vote,True,,No location name/address matched,Approved the agenda
298,91,Consent Agenda,True,,No location name/address matched,Approved the Consent Agenda
299,91,Unknown,False,,No location name/address matched,Suspended Council rules
301,91,Resolution,True,,No location name/address matched,Adopted Resolution No. 2017
304,91,Vote,True,,No location name/address matched,"Approved release ofRFQ 2017-04, which solicits proposals for the Pipe Replacement under Broadway A venue"
305,91,Vote,True,,No location name/address matched,"Approved release ofRFQ 2017-02, which solicits proposals for Disaster Debris Monitoring"
306,91,Vote,True,,No location name/address matched,"Approved release ofRFQ 2017-03, which solicits proposals for Disaster Recovery Services and approved a letter to Pete Minton, Assistant Lee County Manager/Chief Financial Officer, requesting Lee County disaster response services, in the case of Lee County declaring an emergency"
307,92,Vote,True,,No location name/address matched,Approved the agenda
308,92,Consent Agenda,True,,No location name/address matched,Approved the Consent Agenda
309,92,Discussion,True,Budget / Capital Improvement,No location name/address matched,"Discussion will be continued at the second hearing on August 2, 20"
310,92,Ordinance,True,,No location name/address matched,"Adopted Ordinance No. 2017-03 with the revision to the second ""Whereas"" replacing ""prior to the incorporation of the Village"" with ""prior to March 17, 2015."""
311,92,Resolution,True,,No location name/address matched,Appointed Vice Mayor Ribble as the voting delegate for the Village of Estero for the 2017 Florida League of Cities annual conference and business meeting and adopted Resolution No. 2017
312,92,Resolution,True,,No location name/address matched,"Adopted Resolution No. 2017-18 authorizing the waiving of competitive bidding procedures and authorizing the Village Manager to execute an agreement with Windham Studio, Inc. for landscape design services"
313,92,Unknown,False,,No location name/address matched,Membership will be withdrawn from Southwest Florida Regional Planning Council
315,94,Vote,True,,No location name/address matched,Authorized Vice Mayor Ribble to participate via telecommunications
316,94,Unknown,False,,No location name/address matched,Agenda item 6
317,94,Vote,True,,No location name/address matched,Approved the agenda as revised
318,94,Consent Agenda,True,,No location name/address matched,Approved the Consent Agenda
319,94,Resolution,True,Budget / Capital Improvement,No location name/address matched,Adopted Resolution No. 2017-20 adopting the Capital Improvement Program for fiscal year 2017-20
320,94,Resolution,True,Budget / Capital Improvement,No location name/address matched,Adopted Resolution No. 2017
321,94,Resolution,True,,No location name/address matched,Resolution No. 2017-09 was continued
322,94,Vote,True,Comprehensive Plan; Comprehensive Plan / Land Development Code,No location name/address matched,"Approved release ofRFQ 2017-01, which solicits proposals for the Village's first Land Development Code"
323,94,Contract Approval,True,,No location name/address matched,"Approved First Amendment agreement extending the expiration date of the Local Option Gas Taxes Interlocal Agreement with Lee County to August 31, 20"
324,94,Resolution,True,,No location name/address matched,"Adopted Resolution No. 2017-22 authorizing the waiving of competitive bidding procedures and authorizing the Village Manager to execute an agreement with The Valuation Advisory Group, Inc. for professional property record and valuation services as required to comply with Generally Accepted Village Council Meeting Final Action Agenda/Minutes - August 2, 20 I7 Page 7 of13 Accounting Principles (GAA"
325,94,Resolution,True,,No location name/address matched,"Adopted Resolution No. 2017-23 Authorizing the Waiving of Competitive Bidding Procedures and Authorizing the Village Manager to Execute a Contract for Emergency Replacement of the Culvert, Abutments, and Related Ditching for the Stonnwater Conveyance System under Broadway Avenue West, near US 41, with a Contractor Chosen by Village Staff; and Providing an Effective Date"
326,94,Unknown,False,,No location name/address matched,Rebalance of liaison assignments will be scheduled for the next available meeting agenda
327,94,Ordinance,True,,No location name/address matched,Passed first reading of Ordinance No. 2017-07 and scheduled for second reading
328,94,Ordinance,True,,No location name/address matched,Passed first reading of Ordinance No. 2017-08 and scheduled for second reading
329,95,Vote,True,,No location name/address matched,"Authorized Vice Mayor Ribble, Councilmember Levitan, and Councilmember Wilson to participate via teleconference"
330,95,Resolution,True,,No location name/address matched,Adopted Resolution No. 2017
331,95,Contract Approval,True,,No location name/address matched,"Approved Disaster Recovery Services RFB 2017-03 award to CrowderGulf, LLC, and authorized the Village Manager to decide the standardized contract for that purpose"
332,95,Contract Approval,True,,No location name/address matched,"Approved Disaster Debris Monitoring RFB 2017-02 award to Rostan Solutions, LLC and authorized the Village Manager to decide the standardized contract for that purpose"
334,95,Contract Approval,True,,No location name/address matched,Approved the Interlocal Agreement with San Carlos Park Fire Protection & Rescue Services District for fire services
335,96,Vote,True,,No location name/address matched,Authorized Councilmember Levitan to attend the upcoming Board of Lee County Commissioners meeting and provide verbal input regarding development in the DRGR
336,96,Vote,True,,No location name/address matched,Approved the agenda with the addition of Council Liaison Assignments as agenda item 5 (f)
337,96,Consent Agenda,True,Budget / Capital Improvement,No location name/address matched,Approved the Consent Agenda
338,96,Vote,True,,No location name/address matched,"Approved placement of full-page articles in Estero Life Magazine, beginning with the October 1, 2017 issue through September 30, 20"
339,96,Vote,True,,No location name/address matched,"Approved the content of the bid package and authorized the advertisement for competitive solicitation ofRFB 2017-05 Mowing for Village ofEstero Roadways, Step One - Qualifications and Step Two - Pricing"
340,96,Vote,True,,No location name/address matched,Approved the content of the bid package and authorized the advertisement for competitive solicitation ofRFB 2017-07 for Miscellaneous R.O.W. Work for the Village of Estero Right-of-Ways
342,97,Vote,True,,No location name/address matched,Approved Councilmember Batos to participate in the meeting via teleconference
343,97,Unknown,False,,No location name/address matched,Agenda Item l0(a) - Council Rules of Procedure Workshop was moved to Agenda Item 5(
344,97,Administrative,True,,No location name/address matched,Approved the agenda as amended
345,97,Resolution,True,,No location name/address matched,Adopted Resolution No. 2017
346,97,Contract Approval,True,,No location name/address matched,Approved the Interlocal Agreement with Lee County for Natural Resources Services
348,98,Vote,True,,No location name/address matched,Approved the agenda
349,98,Resolution,True,,No location name/address matched,"Adopted Resolution No. 2017-27 as amended, with a final ad valorem operating millage rate of 0. 7798 mills, at 5:39 p.m"
350,98,Resolution,True,Budget / Capital Improvement,No location name/address matched,"Adopted Resolution No. 2017-28, at 5:43 p.m"
351,98,Ordinance,False,,No location name/address matched,Ordinance No. 2017-07 was tabled indefinitely
352,98,Ordinance,True,,No location name/address matched,Adopted Ordinance No. 2017
353,98,Ordinance,True,,No location name/address matched,Passed first reading of Ordinance No. 2017
354,98,Resolution,True,,No location name/address matched,Adopted Resolution No. 2017
355,99,Vote,True,,No location name/address matched,Approved the agenda
356,99,Consent Agenda,True,,No location name/address matched,Approved the Consent Agenda
357,99,Resolution,True,,No location name/address matched,Adopted Resolution No. 2017-19 as revised
358,99,Contract Approval,True,,No location name/address matched,"Approved Amendment One to increase Contract EC 2017-04- Stormwater Master Plan with JR Evans in the amount of $40,0"
359,100,Presentation,False,,No location name/address matched,Waived Council Rules regarding timely receipt of the PowerPoint Presentation and allowed this hearing to go forward
360,100,Ordinance,True,,No location name/address matched,"Motion died due to lack of a second. Questions or Comments: Councilmembers Batos, Levitan, Wilson, and Vice Mayor Levitan. Discussion included the fact that water issues go way beyond one development and the need to look at how water feeds into the Village; it was not fair to hold up this development; the applicant proposed several additional conditions to justify their moving forward, including several elevation requirements; and a suggestion to re-draft the ordinance and move forward"
361,101,Administrative,True,,No location name/address matched,"Approved the agenda as amended, adding agenda item 6"
362,101,Consent Agenda,True,,No location name/address matched,Approved the Consent Agenda
363,101,Contract Approval,True,,No location name/address matched,Approved the Interlocal Agreement with Lee County for Stray Animal Control Services
364,101,Vote,True,,No location name/address matched,Approved the amended 2018 Village of Estero Legislative Priorities
365,101,Vote,True,,No location name/address matched,"Approved a letter to President Trump regarding continued support for the repairs to the Herbert Hoover Dike and moving forward on the Everglades restoration projects, signed by the Mayor"
366,101,Ordinance,True,Comprehensive Plan; Comprehensive Plan / Land Development Code,No location name/address matched,"Passed first reading and scheduled second reading/public hearing for November 15, 2017, at 9:30 a.m"
367,101,Ordinance,True,,No location name/address matched,"Passed first reading and scheduled second reading/public hearing for November 15, 20"
368,102,Administrative,True,,No location name/address matched,"Approved the agenda as amended, tabling agenda item 5 (b )"
370,102,Ordinance,True,Comprehensive Plan; Comprehensive Plan / Land Development Code,No location name/address matched,Passed second reading and adopted Ordinance No. 2017
371,102,Resolution,True,,No location name/address matched,Adopted Resolution No. 2017
374,103,Discussion,True,,No location name/address matched,Approved the agenda
375,104,Vote,True,,No location name/address matched,Approved the agenda
376,104,Consent Agenda,True,Comprehensive Plan; Comprehensive Plan / Land Development Code,No location name/address matched,Approved the Consent Agenda
377,104,Vote,True,Comprehensive Plan; Comprehensive Plan / Land Development Code,No location name/address matched,( 1) Concurred with and approved the ranking of consultants for RFQ 2017-01 Village ofEstero Land Development Code Update as follows: Number 1 - Canin Associates; Number 2 - Clarion Associates; Number 3 - Johnson Engineering; Number 4 - The Mellgren Planning Group; Number 5 - Kimley-Hom and Number 6-Keith & Schnars; and
378,104,Contract Approval,True,,No location name/address matched,Approved the five provided railroad crossing agreements and one provided general agreement
380,104,Resolution,True,Budget / Capital Improvement,No location name/address matched,"Adopted Resolution No. 2017-34, which provides 2017-2018 funding for the remodel of the 2nd floor of Village"
381,104,Contract Approval,True,,No location name/address matched,"Approved the contract and authorized Village Manager to sign the Legal Services Agreement with Smolker, Bartlett, Loeb, Hinds & Sheppard, P.A. for litigation services"
382,105,Vote,True,,No location name/address matched,Approved the agenda
384,106,Vote,True,,No location name/address matched,Approved the agenda
385,106,Consent Agenda,True,,No location name/address matched,Approved the Consent Agenda
386,107,Vote,True,,No location name/address matched,Approved the agenda
387,108,Vote,True,,No location name/address matched,Approved the agenda with the addition of Agenda Item 6
388,108,Contract Approval,False,,No location name/address matched,"Approve Supplemental Task Authorization (STA) -1 under CN 2018-02 Miscellaneous Professional Services to Stantec Consulting Services, Inc. to perform a suite of design and permitting services for the Corkscrew Road Traffic Signal Design Project"
393,109,Contract Approval,True,,No location name/address matched,"Motion to approve Supplemental Task Authorization (STA)-2 under CN 2018-02 Miscellaneous Professional Services to AIM Engineering & Surveying, Inc. to perform a suite of design services for the Trailside Drive and Poinciana Avenue resurfacing. Financial Impact: The Village of Estero will pay up to $54,202.52 for the proposed services"
394,109,Contract Approval,False,,No location name/address matched,"Move to approve the Village Manager to sign the Memorandum of Agreement. Financial Impact: This represents zero financial impact to the Village (the State of Florida holds the contract with Everbridge, and therefore, any applicable costs of the agreement)"
395,109,Vote,True,,No location name/address matched,"Move to schedule an Attorney/Client Session on February 27, 2019 Pursuant to 286.011(8), Florida Statutes. Motion by: Councilmember Wilson Seconded by: Councilmember Batos"
396,109,Unknown,False,,No location name/address matched,"Move to schedule an Attorney/Client Session on February 27, 2019 Pursuant to 286.011(8), Florida Statutes"
397,109,Contract Approval,False,,No location name/address matched,"Move to approve Amendment One to Contract EC 2018-06 with Kimley-Horn and Associates, Inc. to add Task 6 - Additional FDOT Coordination/Design Variation Submittal for the US 41 Landscape Design project. Financial Impact: Task 6 will be performed for the additional lump sum fee of $9,5"
398,109,Contract Approval,False,,No location name/address matched,"Move to approve Amendment One to Contract EC 2018-06 with Kimley-Horn and Associates, Inc. to add Task 6 - Additional FDOT Coordination/Design Variation Submittal for the US 41 Landscape Design project"
399,109,Vote,True,,No location name/address matched,"Motion to approve the Village Manager to expend up to $30,000 for the litigation against South Florida Water Management District. Questions or Comments: Councilmembers commented on whether the Village should have to spend $20,000 or $30,0"
400,109,Unknown,False,,No location name/address matched,Roll taken to adjourn
401,110,Vote,True,,No location name/address matched,| Approved the agenda
402,110,Consent Agenda,True,,No location name/address matched,| Approved the Consent Agenda
403,111,Unknown,False,,No location name/address matched,Elected Councilmember Ribble as Mayor
404,111,Unknown,False,,No location name/address matched,Elected Councilmember Errington as Vice Mayor
405,111,Administrative,True,,No location name/address matched,"Approved the agenda as amended, pulling 12 (a)"
406,111,Consent Agenda,True,,No location name/address matched,Approved the Consent Agenda
407,111,Unknown,False,,No location name/address matched,"e Reappoint Planning and Zoning Board members Marlene Naratil and James Tatooles for a one-year term expiring March 31, 20"
408,111,Unknown,False,,No location name/address matched,"| Reappointed Planning and Zoning Board Members Marlene Naratil and James Tatooles for a full three-year term expiring March 31, 20"
409,111,Unknown,False,,No location name/address matched,"Reappointed Design Review Board Member Barry Jones to a two-year term expiring on March 31, 20"
410,111,Vote,True,,No location name/address matched,Authorized staff to advertise for the three
411,111,Ordinance,True,,No location name/address matched,Passed first reading of Ordinance No. 2019
412,112,Administrative,True,,No location name/address matched,"Approved the agenda as amended, adding two items under Agenda Item 10 - Village Attorney's Report"
413,112,Consent Agenda,True,,No location name/address matched,Approved the Consent Agenda
414,112,Contract Approval,True,,No location name/address matched,Approved contract #Z0803 between the Village of Estero and the State of Florida
415,112,Resolution,True,,No location name/address matched,Adopted Resolution No. 2019-03 as amended
416,112,Unknown,False,,No location name/address matched,"Denied the request of $10,000 to support the Bonita Springs - Estero Economic Development Council for 2019"
417,112,Unknown,False,,No location name/address matched,Reaffirmed that the Smolker Law Firm will continue to represent the Village in Case No. 19-0005
418,113,Administrative,True,,No location name/address matched,"Approved the agenda as amended, adding agenda item 8 (c)"
419,113,Vote,True,,No location name/address matched,Approved the Comprehensive Annual Financial Report (CAF
420,113,Consent Agenda,True,,No location name/address matched,Approved the Consent Agenda
421,113,Ordinance,True,,No location name/address matched,Adopted Ordinance No. 2019
422,113,Contract Approval,True,,No location name/address matched,Approved the contract renewal for Code Enforcement Special Magistrate
423,113,Contract Approval,True,,No location name/address matched,"| Approved extending the contract with Spikowski Planning Associates not to exceed $10,0"
424,114,Administrative,True,,No location name/address matched,"| Approved the agenda as amended, adding Agenda Item 8 (c)"
425,114,Consent Agenda,True,,No location name/address matched,Approved the Consent Agenda
426,114,Contract Approval,True,,No location name/address matched,"Approved the Settlement Agreement between the Village of Estero and Argo Corkscrew Crossing, LP; Argo US LLC; Argo Land US, LLC; and Richard I. Templeton Family Trust"
427,114,Vote,True,,No location name/address matched,Approved participating in the Community Development Block Grant program
428,114,Vote,True,,No location name/address matched,Endorsed Councilmember Batos for the position of Lee County Commissioner District #3 seat vacated by Commissioner Kiker's untimely death and authorized a letter of endorsement signed by all Councilmembers to be sent to Governor DeSantis
429,115,Vote,True,Septic to Sewer,No location name/address matched,"Approved the agenda with the revision to Agenda Item 9 continued to the June 5, 2019 Council meeting"
430,115,Consent Agenda,True,,No location name/address matched,Approved the Consent Agenda
431,115,Ordinance,False,,No location name/address matched,Suspended applications until such time as the consultants working on the Village Land Development Code provide suggested alternatives on the Design Review Board ordinance in the Fall
432,115,Vote,True,,No location name/address matched,Approved the Council Liaison Appointments
433,116,Vote,True,,No location name/address matched,Approved Councilmember Levitan's attendance via teleconference
434,116,Vote,True,,No location name/address matched,Approved removing Agenda Item 6
435,116,Consent Agenda,True,,No location name/address matched,Approved the Consent Agenda
436,116,Resolution,True,,No location name/address matched,Adopted Resolution No. 2019-04 approving the Miromar Factory Outlet III Replat
438,117,Vote,True,,No location name/address matched,Approved the agenda
439,117,Consent Agenda,True,,No location name/address matched,Approved the Consent Agenda
440,117,Resolution,True,,No location name/address matched,Adopted Resolution No. 2019
441,117,Vote,True,,No location name/address matched,"Approved a letter to be sent to Lee County, from Village Manager Sarkozy, requesting Lee County disaster response services, in the case of a Lee County declared emergency"
444,118,Vote,True,,No location name/address matched,Approved the agenda with revisions
445,118,Consent Agenda,True,,No location name/address matched,"Approved the Consent Agenda, pulling Agenda Item 4"
446,118,Ordinance,True,,No location name/address matched,"Passed first reading of Ordinances No. 2019-14 through 201 9-20 and schedules second reading and public hearings for October 2, 20"
447,118,Vote,True,,No location name/address matched,"Authorized the Village Manager to sign the letter of support to Ms. Rona Kay Cradit, Bureau Chief, Office of Criminal Justice Grants, Florida Department of Law Enforcement"
451,118,Unknown,False,Budget / Capital Improvement,No location name/address matched,Moved to second public hearing; staff to include revisions in the document
452,119,Vote,True,,No location name/address matched,Approved the agenda
453,119,Consent Agenda,True,,No location name/address matched,Approved the Consent Agenda
454,119,Resolution,True,Budget / Capital Improvement,No location name/address matched,Adopted Resolution No. 2019
455,119,Resolution,True,,No location name/address matched,Adopted Resolution No. 2019-11 and authorized the Village Mayor to execute the agreement on behalf of the Village ofEstero Council
457,119,Ordinance,True,Comprehensive Plan; Comprehensive Plan / Land Development Code,No location name/address matched,Passed first reading of Ordinance No. 2019-23 and approved transmittal of CPA 2019
458,119,Ordinance,True,Comprehensive Plan; Comprehensive Plan / Land Development Code,No location name/address matched,Passed first reading of Ordinance No. 2019-24 and approved transmittal of CPA 2019
459,119,Ordinance,True,,No location name/address matched,Passed first reading of Ordinance No. 2019
460,120,Vote,True,,No location name/address matched,Approved the agenda
461,120,Resolution,True,,No location name/address matched,Adopted Resolution No. 2019-16 with a rate of 0.7726 mills
462,120,Resolution,True,Budget / Capital Improvement,No location name/address matched,Adopted Resolution No. 2019
465,120,Contract Approval,True,,No location name/address matched,"Approved Master Interlocal Agreement Regarding Distribution Formula for Allocation of Revenue from Local Option Fuel Tax among Lee County, City ofBonita Springs, City of Cape Coral, City of Fort Myers, City ofSanibel, Town of Fort Myers Beach and the Village ofEstero"
466,121,Contract Approval,True,Comprehensive Plan; Comprehensive Plan / Land Development Code,No location name/address matched,Adopted the Compliance Agreement
467,121,Ordinance,True,Comprehensive Plan; Comprehensive Plan / Land Development Code,No location name/address matched,Adopted Ordinance No. 2019
468,122,Vote,True,,No location name/address matched,Approved the agenda
469,122,Resolution,True,,No location name/address matched,"Adopted Resolution No. 2019-21 with an effective date of September 1, 20"
470,122,Ordinance,True,,No location name/address matched,Adopted Ordinance No. 2019
471,122,Ordinance,True,,No location name/address matched,Adopted Ordinance No. 2019-15
472,122,Ordinance,True,,No location name/address matched,Adopted Ordinance No. 2019-17
473,122,Ordinance,True,,No location name/address matched,Adopted Ordinance No. 2019-18 with a correction on line #1311 leaving the word sheriff in
474,122,Ordinance,True,,No location name/address matched,Adopted Ordinance No. 2019-20
475,123,Vote,True,,No location name/address matched,Approved the agenda
476,123,Consent Agenda,True,,No location name/address matched,Approved the Consent Agenda
477,123,Ordinance,True,,No location name/address matched,Passed first reading of Ordinance No. 2019
478,123,Resolution,True,,No location name/address matched,Adopted Resolution No. 20 19
481,124,Vote,True,,No location name/address matched,Approved Councilmember Levitan attending the meeting via teleconference
482,124,Vote,True,,No location name/address matched,Approved the agenda
483,124,Resolution,True,,No location name/address matched,"Adopted Resolution No. 2019-23 as provided by Section 163.08, F.S., to authorize the PACE program in the Village ofEstero for commercial properties and execute the following agreements: 1) Party Membership Agreement to the Florida Green Finance Authority; 2) Limited Purpose Party Membership Agreement with the Florida Resiliency and Energy District; 3) Non-Exclusive Interlocal Subscription Agreement Relating to the Funding and Financing of Qualifying Improvements by the Florida PACE Funding Agency; and 4) Membership Agreement with the Green Corridor Property Assessment Clean Energy (PAC"
484,124,Vote,True,,No location name/address matched,Adopted the following standards: Fixture - Side Mounted Cyclone Domia; Pole - Nova NPT866050D28-AB-BAW-BR-TX; Arm - (Option 2) Nova Modified NP529-72; Base - Nova NP Alder; Color - Dark Bronze
485,125,Administrative,False,,No location name/address matched,Council will recognize Councilmember Wilson's absences as excused
486,125,Unknown,False,,No location name/address matched,Waived Council Rules in order to approve the agenda with revisions: move workshop 11
487,125,Contract Approval,True,,No location name/address matched,Approved the Lee County Interlocal Agreement for Subgrant Funding via the West Coast Inland Navigation District (WCIND)
488,125,Contract Approval,True,,No location name/address matched,Approved the 2019-2020 Interlocal Agreement between Village of Estero and Lee County for Stray Animal Control Services
489,125,Vote,True,,No location name/address matched,"Approved renewal of the Estero Chamber of Commerce sponsorship in the amount of $25,0"
490,126,Vote,True,,No location name/address matched,Approved the agenda
491,126,Consent Agenda,True,,No location name/address matched,Approved the Consent Agenda
496,126,Vote,True,,No location name/address matched,"Approved supporting the mission and vision of the Estero Forever Foundation as set forth in their document entitled ""Executive Overview of the Estero Forever Foundation."""
498,127,Vote,True,,No location name/address matched,Approved the agenda
499,127,Contract Approval,True,,No location name/address matched,Authorized the Village Manager to enter into an agreement with Mark Ebelini to continue representing the Village ofEstero utilizing their Government Public Rate
500,127,Contract Approval,True,,No location name/address matched,"Approved the Memorandum of Agreement and First Amendment, and authorized the Village Manager to take all steps necessary to complete the transaction of the Happehatchee property to the Village ofEstero"
501,128,Vote,True,,No location name/address matched,Approved the agenda
502,128,Consent Agenda,True,,No location name/address matched,Approved the Consent Agenda
503,128,Contract Approval,True,Estero on the River,No location name/address matched,Authorized the Village Manager to execute the contract and any other related ancillary documents on behalf of the Village of Estero Council
505,128,Resolution,True,,No location name/address matched,Approved Resolution No.2020-09 Naming Steve Sarkozy Acting Village Clerk
506,128,Unknown,False,,No location name/address matched,"Appointed Barry Freedman and Jim Wallace to an interim term through March 31, 2021, or upon the effective date of the Land Development Code"
507,128,Contract Approval,True,,No location name/address matched,Approved the Village Manager to sign the provided agreement with the YMCA
508,128,Vote,True,,No location name/address matched,"Approved letter to be sent to Lee County, from Village Manager Sarkozy, requesting Lee County disaster response services, in case of a Lee County declared emergency"
509,128,Ordinance,True,,No location name/address matched,"Approved motion to pass first reading of Ordinance No. 2020-03 and schedule second reading/public hearing for July 15, 20"
510,128,Ordinance,True,,No location name/address matched,"Approved motion to pass first reading of Ordinance No. 2020-04 and schedule second reading/public hearing for July 15, 20"
511,128,Vote,True,,No location name/address matched,Approved the Village Manager to sign the renewal of the retainer dealing with Lobbying Issues with Gray Robinson
512,129,Consent Agenda,True,,No location name/address matched,Approved the Consent Agenda
513,129,Contract Approval,True,,No location name/address matched,"Approved the Supplemental Task Authorization (STA)-02 under CN 2020-01 Miscellaneous Professional Services for Johnson Engineering, Inc. to perform a suite of services for the Village ofEstero Water Quality Monitoring Assistance, and authorize the Village Manager to sign the STA and other additional implementing documents"
515,129,Ordinance,True,,No location name/address matched,"Passed first reading of Ordinance No. 2020-05 and schedule second reading/public hearing for July 22, 2020"
516,129,Vote,True,Budget / Capital Improvement,No location name/address matched,Motion Failed
517,129,Budget,True,Budget / Capital Improvement,No location name/address matched,"Approved to move to second public hearing on July 22, 2020 and remove the Estero River Preserve line item from 2020-21 CIP and instead moved to 2021-22 budget"
519,130,Ordinance,False,,No location name/address matched,"Move to adopt Ordinance No. 2020-04 with staff conditions and the additional conditions that building repainting will be in accordance with the Pattern Book, and the handicap parking spaces will be in proximity to the doors. Also, there is an additional Finding of Fact that there is no increase in intensity of use as defined in the Land Development Code"
521,131,Vote,True,,No location name/address matched,Approved the Agenda
522,131,Consent Agenda,True,,No location name/address matched,Approved the Consent Agenda
523,131,Resolution,True,,No location name/address matched,Adopted Resolution No. 2020-15
524,131,Resolution,True,Budget / Capital Improvement,No location name/address matched,"Adopted Resolution No. 2020-16 with the addition of budgeting an additional $35,000 for extra marine patrol on the Estero River and $10,000 to upgrade the audio equipment Village Council Chambers"
525,131,Ordinance,True,,No location name/address matched,Adopted Ordinance 2020
528,131,Resolution,True,,No location name/address matched,Adopted Resolution No. 2020
529,131,Resolution,True,,No location name/address matched,"Adopted Resolution No. 2020-18, waived the competitive bidding procedure and approve the award of the lowest of three bids received electronically to Custom Earth Promos at a cost of $55,598"
530,132,Vote,True,,No location name/address matched,Approved the Agenda with the deletion of 7b
531,132,Consent Agenda,True,,No location name/address matched,Approved the Consent Agenda
532,132,Resolution,True,,No location name/address matched,Adopted Resolution No. 2020-20
533,132,Resolution,True,Budget / Capital Improvement,No location name/address matched,Adopted Resolution No. 2020
534,132,Contract Approval,True,,No location name/address matched,Approved the Interlocal Agreement with Lee County for CARES Act Reimbursement Funding
535,133,Administrative,True,,No location name/address matched,"Approved to permit Councilmembers Levitan, Wilson, and Vice-Mayor Errington to participate remotely in Zoom Presentation"
536,133,Administrative,True,,No location name/address matched,Approved agenda
537,133,Consent Agenda,True,,No location name/address matched,Approved the Consent Agenda
538,133,Vote,True,,No location name/address matched,Approved motion for a continuance until December 9th meeting
539,133,Vote,True,,No location name/address matched,"Approved motion for a continuance until December 9 meeting, and if not ready to be continued until January 6th meeting"
540,133,Ordinance,False,,No location name/address matched,Approve Ordinance No. 2020-08 NPDES Illicit Discharge Ordinance
541,133,Ordinance,True,,No location name/address matched,Approved Ordinance No. 2020-08 NPDES Illicit Discharge Ordinance
542,134,Vote,True,,No location name/address matched,Approved the Agenda
543,134,Consent Agenda,True,,No location name/address matched,Approved the Consent Agenda
544,134,Resolution,True,,No location name/address matched,Adopted Resolution No. 2020-22
545,134,Vote,True,,No location name/address matched,Approved the Village ofEstero Style Guide
546,134,Vote,True,,No location name/address matched,Approved the motion to not take jurisdiction of the Design Review Board decision of Longitude 81 Apartments - Commercial Paint Permit
547,135,Vote,True,,No location name/address matched,Approved the Agenda with the addition of the C.I.P. workshop
548,135,Consent Agenda,True,,No location name/address matched,Approved the Consent Agenda
549,135,Contract Approval,True,,No location name/address matched,Approved the 2020-2021 Interlocal Agreement between Village ofEstero and Lee County for Stray Animal Control Services
550,136,Administrative,True,,No location name/address matched,Approved Motion to permit Councilmember Levitan and Wilson to participate remotely in Zoom Presentation
551,136,Consent Agenda,True,,No location name/address matched,Approved the Consent Agenda
553,136,Vote,True,,No location name/address matched,Approved the Village Council of the Village ofEstero involvement and support of the mission of the Southwest Florida Regional Resiliency Compact
554,136,Unknown,False,,No location name/address matched,"Appointed applicant Kristin Jeannin for an interim term expiring March 31, 2021 or upon the effective date of the Land Development Code"
555,137,Vote,True,,No location name/address matched,Approved the Agenda
556,137,Consent Agenda,True,,No location name/address matched,Approved the Consent Agenda
557,137,Ordinance,True,Comprehensive Plan; Comprehensive Plan / Land Development Code,No location name/address matched,Approved motion to transmit Ordinance 2020-07 to State for Review
558,137,Ordinance,True,,No location name/address matched,Approved motion to pass the first reading of Ordinance 2020
559,137,Ordinance,True,,No location name/address matched,"Approved motion to pass the first reading of Ordinance 2020-09 and schedule the second reading for December 2,20"
560,137,Contract Approval,True,,No location name/address matched,"Approved both contracts; one for masks with Full-Throttle Marketing and contract for testing with Lab 24, and an approval to pay Lab 24 the $90,000 deposit up front of the $120,000 expected total"
561,138,Administrative,True,,No location name/address matched,"Approved to permit Councilmembers Levitan, Wilson, and Vice-Mayor Errington to participate remotely in Zoom Presentation"
562,138,Administrative,True,,No location name/address matched,Approved agenda
563,138,Consent Agenda,True,,No location name/address matched,Approved the Consent Agenda
564,138,Vote,True,,No location name/address matched,Approved motion for a continuance until December 9th meeting
565,138,Vote,True,,No location name/address matched,"Approved motion for a continuance until December 9 meeting, and if not ready to be continued until January 6th meeting"
566,138,Ordinance,False,,No location name/address matched,Approve Ordinance No. 2020-08 NPDES Illicit Discharge Ordinance
567,138,Ordinance,True,,No location name/address matched,Approved Ordinance No. 2020-08 NPDES Illicit Discharge Ordinance
568,139,Administrative,True,,No location name/address matched,Approved motion to approve agenda with the deletion of the December 2^ 2020 minutes
569,139,Consent Agenda,True,,No location name/address matched,Approved the Consent Agenda
570,139,Resolution,True,,No location name/address matched,Adopted Resolution 2020
571,139,Vote,True,,No location name/address matched,Approved motion for a continuance until January 6th meeting
572,139,Ordinance,True,Comprehensive Plan; Comprehensive Plan / Land Development Code,No location name/address matched,Approved motion to hold a Workshop on January 13th and the second reading of the Land Development Code on January 27t at 9:30 am
573,140,Administrative,True,,No location name/address matched,Approved Motion to permit Councilmembers Levitan and Wilson to participate remotely in Zoom Presentation
574,140,Administrative,True,,No location name/address matched,Approved motion to approve agenda
575,140,Contract Approval,True,,No location name/address matched,Approved Amendment 1 to the CARES Act reimbursement Interlocal Agreement with Lee County
576,141,Vote,True,,No location name/address matched,"Approved the agenda as revised: Continue until January 22, 2020, 9:30 a.m., Agenda Item 9"
577,141,Consent Agenda,True,,No location name/address matched,Approved the Consent Agenda
581,141,Ordinance,True,,No location name/address matched,"Passed first reading of Ordinance No. 2020-01 and scheduled second reading/public hearing for January 22, 20"
582,142,Vote,True,,No location name/address matched,"Approved the agenda as revised, pulling Agenda Item 13 ("
583,142,Contract Approval,True,,No location name/address matched,"1) Approved award of Request for Bids No. RFB 2020-02, Disaster Recovery Services for the Village ofEstero to CrowderGulf Joint Venture, Inc. to provide on-call disaster recovery services as provided in the Village Council Meeting Minutes - January 22, 2020 Page 2 of6 contract for a one-year period, at the rates listed in the contract (including all Options). 2) Authorized the Village Manager to execute the contract documents on behalf of the Village ofEstero Council. 3) Granted the Village Manager the authority to renegotiate and execute the renewal of this contract for three"
584,142,Contract Approval,True,,No location name/address matched,"1) Approved award ofRequest for Bids No. RFB 2020-01, Disaster Debris Monitoring for the Village ofEstero to Rostan Solutions, LLC to provide on­ call disaster debris monitoring services as provided in the contract for a one­ year period, at the rates listed in the contract. 2) Authorized the Village Manager to execute the contract documents on behalf of the Village ofEstero Council. 3) Granted the Village Manager the authority to renegotiate and execute the renewal ofthis contract for three"
585,142,Ordinance,True,,No location name/address matched,"Adopted Ordinance No. 2020-01 as revised: Line 19 - "" .. .includes motorized scooters and motorized bicycles as defined in the chapter""; and""; Line 58 ­ ..."" This term includes motorized scooters and motorized bicycles""; Page 2, section ("
587,143,Ordinance,True,,No location name/address matched,Approved Ordinance No. 2019-29 with revisions
588,144,Vote,True,,No location name/address matched,"Approved the agenda as revised, pulling Agenda Item 6"
591,145,Ordinance,True,Comprehensive Plan; Comprehensive Plan / Land Development Code,No location name/address matched,"Passed first reading ofOrdinance No. 2020-02 and scheduled second reading / public hearing for March 4, 20"
592,145,Ordinance,True,Comprehensive Plan; Comprehensive Plan / Land Development Code,No location name/address matched,Adopted Ordinance No. 2019
593,146,Vote,True,,No location name/address matched,Approved the agenda
594,146,Consent Agenda,True,,No location name/address matched,Approved the Consent Agenda
596,146,Resolution,True,,No location name/address matched,Adopted Resolution No. 2020
598,146,Unknown,False,,No location name/address matched,"Reappointed Board Members William Glass and Michael Sheeley to the Design Review Board for two-year terms expiring March 31, 2022 and reappointed Barry Jones as Design Review Board Chairman for one year"
599,146,Unknown,False,,No location name/address matched,"Reappointed Board Members Anthony Gargano and John Yarbrough to the Planning and Zoning Board for three-year terms expiring March 31, 2023 and reappointed Scotty Wood as Planning and Zoning Board Chairman for one year"
600,146,Ordinance,True,Comprehensive Plan; Comprehensive Plan / Land Development Code,No location name/address matched,Adopted Ordinance No. 2020
601,147,Vote,True,,No location name/address matched,Approved the Comprehensive Annual Financial Report
602,147,Resolution,True,,No location name/address matched,Adopted Resolution No. 2020
603,147,Contract Approval,True,,No location name/address matched,"1) Approved award ofRequest for Bids No. RFB 2020-04 Street Sweeping for the Village ofEstero to USA Services of Florida, Inc. to provide street sweeping services as provided in the contract for a one-year period, at the rates listed in the contract. 2) Authorized the Village Manager to execute the contract documents on behalfofthe Village ofEstero Council. 3) Granted the Village Manager the authority to renegotiate and execute the renewal ofthis contract for three"
604,147,Vote,True,Corkscrew Road,No location name/address matched,"Authorized the Village Manager to proceed to litigation and directed staffto explore whether or not this is a code violation and, ifso, to take appropriate action immediately on the code violation"
605,147,Ordinance,True,,No location name/address matched,"Adopted Resolution No. 2020-03 with the recognition that Council was complying with Ordinance No. 2018-08 dealing with what happens when there is an emergency; however, Sections 8 (a),"
606,147,Unknown,False,,No location name/address matched,"The Village Manager, with consultation with the Mayor, will determine when the next substantive Council meeting will be. If there is a need to have a meeting due to an emergency, it will be taken care ofvia telephone"
608,149,Vote,True,,No location name/address matched,Approved the agenda
609,149,Resolution,True,,No location name/address matched,Adopted Resolution No. 2020-04 and authorized the Village Mayor to execute the agreement on behalf ofthe Village ofEstero Council
610,149,Resolution,True,,No location name/address matched,Adopted Resolution No. 2020-05 and authorized the Village Mayor to execute the agreement on behalf of the Village of Estero Council
611,149,Contract Approval,True,,No location name/address matched,Approved the FPL right of way consent agreement and authorized the Village Manager to execute the agreement and other additional implementing documents within the scope of the agreement on behalf of the Village ofEstero Council
612,149,Vote,True,,No location name/address matched,"Authorized the Village Manager to sign the letter of support to Ms. Rona Kay Cradit, Bureau Chief, Office of Criminal Justice Grants, Florida Department ofLaw Enforcement"
613,149,Consent Agenda,True,,No location name/address matched,"Following the titles of Resolutions 2020-04 and 2020-05 being read into the record by Village Clerk Hall, the Consent Agenda was approved"
619,149,Vote,True,Budget / Capital Improvement,No location name/address matched,"1) Approved award of Request for Bids No. RFB 2020-08 Trailside Drive and Poinciana Avenue Resurfacing/Rebuild to Ajax Paving Industries of Florida, LLC at a total bid cost of $377,679.65. 2) Approved a contingency fund amount of $37,767 (an amount equal to 10% ofthe total project cos"
620,149,Unknown,False,,No location name/address matched,This agenda item was tabled
621,149,Vote,True,,No location name/address matched,"Authorized the Village Manager to approve the purchase of new computers from ProAudio for the Council Chambers, the purchase ofnew laptops, briefcases, and docking stations from Dell for staff, and the purchase of new laptops and briefcases from Dell or Apple for Council, depending on preference"
622,149,Vote,True,,No location name/address matched,Authorized the Village Manager to sign and accept minor settlements
623,151,Administrative,True,,No location name/address matched,"Approved to permit Councilmembers Levitan, and Wilson to participate remotely in Zoom Presentation, and to combine agenda items 7(a)/6(b). Final Action Agenda/Minutes are supplemented by audio and video recordings of the meetings, as well as transcripts. Video recordings of Village Council meetings from June 8, 2016 forward, as well agendas, staff reports, resolutions, ordinances, and other documents related to the meetings can be viewed online at https://estero-fl.gov/agendas/ at the corresponding meeting date"
624,151,Consent Agenda,True,,No location name/address matched,Approved the Consent Agenda
625,151,Contract Approval,True,,No location name/address matched,"Approved Motion to approve award of Request for Bid No. RFB 2021-01, Mowing, Landscape, and Irrigation Maintenance for the Village of Estero to P & T Lawn and Tractor Service, Inc. to provide mowing, landscape, and irrigation maintenance services as provided in the contract for a one-year period, at a rate of $127,075.00 per year, authorize the Village Manager to renegotiate and execute the renewal of this contract for three additional one year terms under the same terms and conditions, which would include adding Estero Parkway maintenance and US 41 maintenance, if doing so is in the best interest of the Village of Estero, approve a contingency fund amount of $13,000 (10% contingenc"
626,151,Ordinance,True,,No location name/address matched,"Approved Ordinance 2020-11 with the change to Section 2, adding one additional condition that says the Village Manager may waive the agreement that the traffic light be operational prior to the first certificate of completion for the vertical development, if the Village Manager determines that the light will be operational within four months"
628,151,Ordinance,True,Budget / Capital Improvement,No location name/address matched,Approved Ordinance 2021
629,152,Administrative,True,,No location name/address matched,"Approved to permit Councilmembers Levitan, Wilson, and McLain to participate remotely in Zoom Presentation. Final Action Agenda/Minutes are supplemented by audio and video recordings of the meetings, as well as transcripts. Video recordings of Village Council meetings from June 8, 2016 forward, as well agendas, staff reports, resolutions, ordinances, and other documents related to the meetings can be viewed online at https://estero-fl.gov/agendas/ at the corresponding meeting date"
630,152,Administrative,True,,No location name/address matched,Approved agenda
631,152,Resolution,True,,No location name/address matched,Approved Resolution No. 2021
632,152,Ordinance,True,Comprehensive Plan; Comprehensive Plan / Land Development Code,No location name/address matched,"Adopted the Land Development Code Ordinance 2020-10 and Official Zoning Map as amended in the ""Addendum of Recommended Changes"" document dated January 19, 2021 as well as the addition of a sentence to Table 3-405.C that states ""A stand-alone car wash which has applied but has not been determined to be complete for an application for Development Order prior to January 27, 2021, and which submits a complete application for Development Order prior to April 27, 2021, a permitted use and not a special exception use shall apply."""
633,153,Administrative,True,,No location name/address matched,Approved agenda
634,153,Consent Agenda,True,,No location name/address matched,Approved the Consent Agenda
635,153,Unknown,False,,No location name/address matched,Estero Chamber of Commerce approval of financial support for Strategic Plans for Future Growth and Impact
636,153,Vote,True,,No location name/address matched,Approved motion for financial support Estero Chamber of Commerce Strategic Plans for Future Growth and Impact
638,153,Ordinance,True,Comprehensive Plan; Budget / Capital Improvement; Comprehensive Plan / Land Development Code,No location name/address matched,"Passed first reading of Ordinance No. 2021-01 and schedule second reading/public hearing for January 20, 20"
639,153,Vote,True,,No location name/address matched,Approved motion for a continuance until February 3 with the goal of making a final decision
641,154,Vote,True,,No location name/address matched,Approved motion to excuse Councilmember Wilson's absence
642,154,Administrative,True,,No location name/address matched,Approved agenda
643,154,Resolution,True,,No location name/address matched,Approved Resolution No. 2021-02 and authorize the Village to modify the Resolution if needed
644,154,Vote,True,,No location name/address matched,"Approved motion to conclude interviews, and schedule the item at the March 3rd meeting, where a final decision will be made"
645,155,Administrative,True,,No location name/address matched,"Approved to permit Councilmembers Levitan and Wilson to participate remotely in Zoom Presentation. Final Action Agenda/Minutes are supplemented by audio and video recordings of the meetings, as well as transcripts. Video recordings of Village Council meetings from June 8, 2016 forward, as well agendas, staff reports, resolutions, ordinances, and other documents related to the meetings can be viewed online at https://estero-fl.gov/agendas/ at the corresponding meeting date"
646,155,Administrative,True,,No location name/address matched,Approved agenda with the moving items of 7A and 8A up to be heard after the Consent Agenda
647,155,Consent Agenda,True,,No location name/address matched,Approved the Consent Agenda
648,155,Ordinance,False,,No location name/address matched,"Denied request to amend the zoning for the Estero Town Center CPD for a Firestone Complete Auto Care, and adopt Ordinance 2020"
651,156,Consent Agenda,True,,No location name/address matched,Approved the Consent Agenda
652,156,Unknown,False,,No location name/address matched,"Appointed nine members, Kristin Jeannin, Barry Jones, Michael Sheeley, Jim Wallace, Anthony Gargano, Marlene Naratil, James Tatooles, Leonard Scotty Wood, and Howard Levitan"
653,156,Unknown,False,,No location name/address matched,"Appointed Kristin Jeannm, Barry Jones, Jim Wallace, and Howard Levitan. to a two-year term and Michael Sheeley, Anthony Gargano, Marlene Naratil, James Tatooles, and Leonard Scotty Wood to a three- year term"
654,156,Unknown,False,,No location name/address matched,"Appointed Howard Levitan and Leonard Scotty Wood as co-chairs of the Planning, Zoning, and Design Board"
656,156,Ordinance,True,,No location name/address matched,Approved Ordinance No. 2021-02 with Council's additional conditions and revisions
657,157,Unknown,False,,No location name/address matched,Elected Vice Mayor Errington to be Mayor
658,157,Unknown,False,,No location name/address matched,Elected Councilmember McLain to be Vice Mayor
659,157,Administrative,True,,No location name/address matched,Approved agenda
660,157,Consent Agenda,True,,No location name/address matched,Approved the Consent Agenda
661,157,Resolution,True,,No location name/address matched,Approved Resolution 2021
662,157,Vote,True,,No location name/address matched,"Authorized the Mayor to provide letters to our legislative delegation on several issues of local government preemption that are being considered by the legislature, one being building design standards preemption, the other being the comprehensive plan language in Senate Bill 284, and the language in House Bill 403, which is the home-based business preemption"
663,157,Unknown,False,,No location name/address matched,Appointed Councilmember Ribble to be our liaison to the Florida League of Cities
664,158,Administrative,True,,No location name/address matched,Approved agenda with deletion of item 12 and to move 5 to after 7c
665,158,Consent Agenda,True,,No location name/address matched,Approved the Consent Agenda
666,159,Administrative,True,,No location name/address matched,Approved agenda
667,159,Consent Agenda,True,,No location name/address matched,Approved the Consent Agenda
672,159,Contract Approval,True,,No location name/address matched,"Approved award of Supplemental Task Authorization 06 to Contract EC 2020-32 to Johnson Engineering to provide water monitoring services for The Village of Estero for $41,352, approve a 10% contingency for additional services that may be required to complete the project, and authorize the Village Manger to sign the STA and other additional implementing documents within the scope of the STA on behalf of the Village of Estero Council"
673,159,Ordinance,True,Budget / Capital Improvement,No location name/address matched,"Passed First Reading and set Second Reading for April 21, 2021 at 9:30 a.m"
674,160,Administrative,True,,No location name/address matched,"Approved to permit Councilmember Wilson to participate remotely in Zoom Presentation. Final Action Agenda/Minutes are supplemented by audio and video recordings of the meetings, as well as transcripts. Video recordings of Village Council meetings from June 8, 2016 forward, as well agendas, staff reports, resolutions, ordinances, and other documents related to the meetings can be viewed online at https://estero-fl.gov/agendas/ at the corresponding meeting date"
675,160,Administrative,True,,No location name/address matched,Approved agenda
676,160,Consent Agenda,True,,No location name/address matched,Approved the Consent Agenda
677,160,Contract Approval,True,,No location name/address matched,Approved the Interlocal Agreement and forward to Lee County Port Authority for their approval and signature
678,160,Resolution,True,,No location name/address matched,Approved Resolution 2021
679,160,Ordinance,True,,No location name/address matched,"Passed First Reading and set Second Reading for May 5, 2021 at 9:30 a.m"
680,160,Ordinance,True,Budget / Capital Improvement,No location name/address matched,Approved Ordinance 2021
681,161,Administrative,True,,No location name/address matched,Approved motion to move 6a to the May 19th or June 2nd meeting and approve agenda
682,161,Consent Agenda,True,,No location name/address matched,Approved the Consent Agenda
683,161,Resolution,True,,No location name/address matched,"Approved the acceptance of North Commons Drive from Coconut Road to Pelican Colony Boulevard for maintenance as a Village-maintained road, issue impact fee credits in the amount of $325,000 upon acceptance of the road, and approve Resolution No. 2021-11 as modified to include landscaping, and revision to the end of Section 2 to add language ""including a letter issuing impact fee credits"""
684,161,Vote,True,,No location name/address matched,Approved council liaison assignments
685,161,Ordinance,True,,No location name/address matched,Approved Ordinance No. 2021
686,162,Administrative,True,,No location name/address matched,Approved agenda
687,162,Consent Agenda,True,,No location name/address matched,Approved the Consent Agenda
688,162,Vote,True,,No location name/address matched,Approved the final plat
689,163,Administrative,True,,No location name/address matched,Approved to permit Councilmember Fiesel to participate remotely in Zoom Presentation and to excuse Councilmember Wilson from the meeting today
690,163,Administrative,True,,No location name/address matched,Approved agenda
691,163,Ordinance,True,Comprehensive Plan; Comprehensive Plan / Land Development Code,No location name/address matched,Approved the first reading of the ordinance and to transmit the Comprehensive Plan Amendment request to the State reviewing agencies with staff's recommended language
692,164,Administrative,True,,No location name/address matched,Approved agenda with the addition of 7(c) - Letter to Lee County Visitor & Convention Bureau and 7
693,164,Consent Agenda,True,,No location name/address matched,Approved the consent agenda
695,164,Contract Approval,True,Budget / Capital Improvement,No location name/address matched,"Approved the selection of Provion Inc. as the consultant of record under Request for Information No. RFI 2020-02 Community Development Software Consultant and authorize the Village Manager to negotiate and execute a contract on behalf of the Village of Estero Council for a not-to-exceed amount of $250,000 which covers an approximate time period of 18 months and approve a contingency fund amount of $25,000 (an amount equal to 10% of the total contract cos"
696,164,Vote,True,,No location name/address matched,Approved the motion to support The Estero Council of Community Leaders (ECC
697,164,Vote,True,,No location name/address matched,Authorized the Council to sign a letter to U.S. Army Corps of Engineers regarding the blue-green algae and red tide as a result of the discharge from Lake Okeechobee
698,164,Ordinance,True,Comprehensive Plan; Comprehensive Plan / Land Development Code,No location name/address matched,"Passed first reading of Ordinance 2021-04 and set second reading for June 16, 20"
699,164,Ordinance,True,,No location name/address matched,"Passed first reading of Ordinance 2021-08 and set second reading for June 16, 20"
700,165,Administrative,True,,No location name/address matched,Approved agenda with the deletion of 6(b)
701,165,Consent Agenda,True,,No location name/address matched,Approved the consent agenda
702,165,Contract Approval,True,,No location name/address matched,"Approved award of Contract to Woodard & Curran in the amount of $159,0"
703,165,Ordinance,True,Comprehensive Plan; Comprehensive Plan / Land Development Code,No location name/address matched,Passed Ordinance 2021
704,166,Administrative,True,,No location name/address matched,Motion to permit Councilmembers Ward and Wilson to participate remotely in Zoom Presentation
705,166,Administrative,True,,No location name/address matched,Approved agenda
706,166,Consent Agenda,True,,No location name/address matched,"Approved the consent agenda with the correction to the June 16, 2021 minutes"
707,166,Vote,True,,No location name/address matched,Approved Comprehensive Annual Financial Report
708,166,Vote,True,,No location name/address matched,"Authorized the Village Manager to execute the attached three letters of engagement, or similarly priced alternatives, and other invoices related to these services"
709,166,Unknown,False,Comprehensive Plan; Comprehensive Plan / Land Development Code,No location name/address matched,"Set public hearing date and time for July 14, 2021 at 9:30am"
711,166,Ordinance,True,,No location name/address matched,"Passed first reading of Ordinance 2021-09 and set second reading for July 21, 20"
712,167,Administrative,True,,No location name/address matched,Motion to permit Councilmember Ward to participate remotely via Zoom and to excuse Councilmember Wilson's absence from today's meeting
713,167,Administrative,True,,No location name/address matched,Approved agenda
714,167,Ordinance,True,Comprehensive Plan; Comprehensive Plan / Land Development Code,No location name/address matched,Approved Ordinance 2021
715,168,Administrative,True,,No location name/address matched,Motion to permit Councilmember Ward to participate remotely in Zoom Presentation
716,168,Administrative,True,,No location name/address matched,Approved agenda with the deletion of 6
717,168,Consent Agenda,True,,No location name/address matched,Approved the consent agenda with the correction to minutes
718,168,Contract Approval,True,,No location name/address matched,"Approved the committee ranking for the purchase of a Community Development Software package as follows: Number 1 -- CityView; Number 2 -- EnerGov (Tyler Technologies); Number 3 -- Accela (Silver Lining Solutions, LLC), and authorize Village Manager to negotiate a contract with the Number 1 ranked firm, CityView (pricing based on a piggyback of The City of Naples contrac"
719,168,Resolution,True,,No location name/address matched,Approved Resolution 2021
720,168,Contract Approval,True,,No location name/address matched,"Approved award Request for Bid No. RFB 2021-01, Mowing, Landscape, and Irrigation Maintenance for the Village of Estero to P & T Lawn and Tractor Service, Inc. to provide mowing, landscape, and irrigation maintenance services for US 41 Median Landscaping as provided in the contract for a one-year period, at a rate of $260,854.20 per year. Authorize the Village Manager to renegotiate and execute the renewal of this contract for three additional one-year terms under the same terms and conditions, which would include adding Estero Parkway maintenance if doing so is in the best interest of the Village of Estero, approve a contingency fund amount of $52,170 (20% contingenc"
721,168,Contract Approval,True,,No location name/address matched,"Approved award of Contract to Woodard & Curran in the amount not to exceed $100,000 and authorize the Village Manager to execute the contract and any other related ancillary documents on behalf of the Village of Estero Council"
722,168,Ordinance,True,,No location name/address matched,Approved Ordinance 2021
723,168,Vote,True,,No location name/address matched,Approved to take jurisdiction of the architectural portion of the 5/3 Bank design and schedule for the September 9th Council Meeting
724,169,Administrative,True,,No location name/address matched,Motion to permit Councilmember Ward to participate remotely in Zoom Presentation
725,169,Administrative,True,,No location name/address matched,Approved agenda
726,169,Consent Agenda,True,,No location name/address matched,Approved the consent agenda
729,169,Contract Approval,True,,No location name/address matched,"Approved executing the attached contract with CW3 Engineering to provide River Ranch Road Improvement Design and Permitting services for a not to exceed contract amount of $552,245.00, approve a contingency fund amount of $55,200 (an amount equal to 10% of the total project cos"
730,169,Contract Approval,True,,No location name/address matched,"Approved executing the attached contract with HighSpans to provide River Ranch Road Improvement project management services for a not to exceed contract amount of Village Council Minutes - Thursday, September 09, 2021 5 $52,548.00, approve a contingency fund amount of $5,300 (an amount equal to 10% of the total project cos"
731,169,Contract Approval,True,,No location name/address matched,"Approved executing the attached contract with HighSpans to provide Williams Road Bike-Ped Improvements project management services for a not to exceed contract amount of $41,934.00, approve a contingency fund amount of $4,200 (an amount equal to 10% of the total project cos"
732,169,Contract Approval,True,,No location name/address matched,"Authorized the rejection of all of the proposals received under RFP 2021-01 and authorize the Village Manager and staff to negotiate contracts with the two lobbying firms it believes can collectively best represent the Village's interests: Ronald L. Book, P.A. and JEJ & Associates, Inc"
733,169,Resolution,True,,No location name/address matched,Approved Resolution No. 2021
734,170,Administrative,True,,No location name/address matched,Motion to permit Councilmember Ward to participate remotely in Zoom Presentation
735,170,Administrative,True,,No location name/address matched,Approved agenda with the correction of the typo in 8a
736,170,Consent Agenda,True,,No location name/address matched,Approved the Consent Agenda
737,170,Contract Approval,True,,No location name/address matched,"Approved the contracts with Ronald L. Book, P.A. (annual cost: $35,000) and JEJ & Associates, Inc. (annual cost: $36,000) to provide professional State Legislative and Executive Branch Lobbying Services for a one-year period. Grant the Village Manager the authority to renegotiate and execute the renewal of these contracts for three additional one-year terms under the same terms and conditions, if doing so is in the best interest of the Village of Estero, approve a contingency fund amount of $7,000 (an amount equal to 10% of the total project cos"
738,170,Vote,True,,No location name/address matched,"Authorized staff through the Village Manager to dispose of, or donate, the inoperable computers that remain in Village possession. Grant the Village Manager the authority to execute any ancillary documents related to the responsible disposal of computer equipment on behalf of the Village of Estero Council"
742,170,Contract Approval,True,,No location name/address matched,"Approved award of Supplemental Task Authorization 09 to Contract EC 2020-32 to Johnson Engineering to provide water monitoring services for The Village of Estero for $83,780, approve a 10% contingency for additional services that may be required to complete the project, and authorize the Village Manager to sign the STA and other additional implementing documents within the scope of the STA on behalf of the Village of Estero Council"
743,170,Ordinance,True,,No location name/address matched,"Passed the First Reading and scheduled Second Reading for October 20, 20"
744,170,Resolution,True,,No location name/address matched,Approved Resolution No. 2021-21 with the Mill rate of 0
745,170,Resolution,True,Budget / Capital Improvement,No location name/address matched,Approved Resolution No. 2021
746,171,Administrative,True,,No location name/address matched,Approved agenda
747,171,Consent Agenda,True,,No location name/address matched,Approved the Consent Agenda
748,171,Contract Approval,True,,No location name/address matched,"Approved the award of Supplemental Task Authorization 10 to Contract EC 2020-32 to Johnson Engineering to provide engineering service to The Village of Estero for $98,000, approve a 10% contingency for additional services that may be required to complete the project, and authorize the Village Manager to sign the STA and other additional implementing documents within the scope of the STA on behalf of the Village of Estero Council"
749,171,Ordinance,True,,No location name/address matched,Approved Ordinance 2021-10 with the additional condition number 26 and the revision to condition 19 regarding maintenance
750,171,Resolution,True,,No location name/address matched,Approved Resolution 2021
751,172,Administrative,True,,No location name/address matched,Motion to permit Councilmember Wilson to participate remotely in Zoom Presentation
752,172,Administrative,True,,No location name/address matched,Approved agenda
753,172,Vote,True,,No location name/address matched,Approved motion to allow legal representative of homeowners' associations a limited time to speak on each item
754,172,Unknown,False,,No location name/address matched,"Acknowledged based on substantial competent evidence and applicable laws the vesting for the use of ""multifamily low rise"" for the property owner Long Bay Partners, LLC only, as to use only. No vested rights exist for any specific number of units in the Town Center or the Proposed project and no vested right exist for an administrative (staf"
755,172,Unknown,False,,No location name/address matched,"Based on substantial competent evidence, affirmed the Staff's decision that a final plan approval is not an Administrative Decision and that a Minor Planned Development Amendment is necessary for the project"
756,173,Administrative,True,,No location name/address matched,Approved agenda
757,173,Consent Agenda,True,,No location name/address matched,Approved the Consent Agenda
760,173,Contract Approval,True,Estero on the River,No location name/address matched,"Approved the award of Supplemental Task Authorization 1 to Contract EC 2020-58 to Ensite, Inc. to provide professional services to The Village of Estero under the Village's Misc. Services Contract CN 2020-01 for $370,400, approve a 10% contingency for additional services that may be required to complete the project, and authorize the Village Manager to sign the STA and other additional implementing documents within the scope of the STA on behalf of the Village of Estero Council"
761,173,Ordinance,True,,No location name/address matched,"Passed First Reading and scheduled Second Reading for November 17, 20"
762,174,Administrative,True,,No location name/address matched,Approved agenda
763,174,Consent Agenda,True,,No location name/address matched,Approved the Consent Agenda
764,174,Resolution,True,Budget / Capital Improvement,No location name/address matched,Approved Resolution No. 2021
765,174,Ordinance,True,,No location name/address matched,"Passed First Reading and scheduled Second Reading for December 1, 20"
766,174,Ordinance,True,,No location name/address matched,Approved Ordinance No. 2021-12
767,175,Administrative,True,,No location name/address matched,Approved agenda
768,175,Consent Agenda,True,,No location name/address matched,Approved the Consent Agenda
769,175,Ordinance,True,,No location name/address matched,Passed Ordinance 2021
770,176,Administrative,True,,No location name/address matched,Approved agenda
771,176,Consent Agenda,True,,No location name/address matched,Approved the Consent Agenda
772,176,Vote,True,,No location name/address matched,"Approved to conduct interviews of new applicants on February 24, 20"
773,176,Ordinance,False,,No location name/address matched,"Pass First Reading and schedule Second Reading for March 3 or March 10, 20"
774,176,Ordinance,True,,No location name/address matched,"Passed First Reading and schedule Second Reading for March 3, 20"
775,177,Administrative,True,,No location name/address matched,Approved agenda
776,177,Consent Agenda,True,,No location name/address matched,Approved the Consent Agenda
777,177,Resolution,True,,No location name/address matched,Adopted Resolution No. 2022
779,177,Vote,True,,No location name/address matched,Authorized the Village Manager and Village Attorney to execute any documents necessary to maintain participation in the State of Florida settlement
780,177,Ordinance,True,,No location name/address matched,"Passed first reading and schedule second reading and public hearing for January 19, 20"
781,178,Administrative,True,,No location name/address matched,Approved to permit Councilmember Wilson to participate remotely in Zoom Presentation
782,178,Administrative,True,,No location name/address matched,Approved agenda
783,178,Consent Agenda,True,,No location name/address matched,Approved the Consent Agenda with the revision of the minutes
786,178,Ordinance,True,,No location name/address matched,Adopted Ordinance No. 2022-01
787,178,Vote,True,,No location name/address matched,"Approved the Village to spend up to $7,000 on the 7th Anniversary Celebration on March 5, 20"
788,179,Administrative,True,,No location name/address matched,Approved to permit Village Attorney Burt Saunders to participate remotely in Zoom Presentation
789,179,Administrative,True,,No location name/address matched,Approved agenda
790,179,Consent Agenda,True,,No location name/address matched,Approved the Consent Agenda
791,179,Resolution,True,,No location name/address matched,Adopted Resolution No. 2022
795,180,Administrative,True,,No location name/address matched,Approved agenda
796,180,Consent Agenda,True,,No location name/address matched,Approved the Consent Agenda
797,180,Contract Approval,True,,No location name/address matched,Approved the 2021-2022 Interlocal Agreement between Village of Estero and Lee County for Stray Animal Control Services
798,181,Administrative,True,,No location name/address matched,Approved agenda
799,181,Consent Agenda,True,,No location name/address matched,Approved the Consent Agenda
800,181,Vote,True,,No location name/address matched,Motion Failed due to lack of a second
801,181,Vote,True,,No location name/address matched,"Approved Greater Estero Chamber of Commerce $12,500 for financial support for Strategic Plans for Future Growth and Impact, and the Greater Estero Chamber of Commerce can come back to Council to request another $12,500 in six months (September)"
802,182,Administrative,True,,No location name/address matched,Approved agenda
803,182,Consent Agenda,True,,No location name/address matched,Approved the Consent Agenda
804,182,Vote,True,Comprehensive Plan; Comprehensive Plan / Land Development Code,No location name/address matched,"Approved initiation of a rezoning and Comprehensive Plan Amendment for property south of Estero River, East of US 41 and north of Corkscrew Road"
806,182,Ordinance,True,,No location name/address matched,"Approved First Addendum to Peoples Gas System, Inc. ""(TECO)"" Franchise Agreement Ordinance 2021"
808,183,Administrative,True,,No location name/address matched,Approved agenda
809,183,Consent Agenda,True,,No location name/address matched,Approved the Consent Agenda
810,183,Resolution,True,,No location name/address matched,Adopted Resolution 2022-03 which approves the updated Multijurisdictional Program for Public Information related to flood hazards
811,183,Vote,True,,No location name/address matched,Approved final Plat for Estero Crossing
812,183,Vote,True,,No location name/address matched,Approved final Plat for Rivercreek Phase One (formerly known as Corkscrew Crossing)
815,183,Vote,True,,No location name/address matched,"Approved the following list of short-listed firms listed below. Delegate authority to staff to interview these firms on April 11, 2022, and Council to interview the top 2 candidates individually. • Nason Yeager Gerson Harris & Fumero, P.A. • Roetzel & Andress, LPA • Trask Daigneault, LLP • Vose Law Firm LLP"
816,183,Administrative,False,,No location name/address matched,"Excused Vice Mayor McLain from the April 13 and April 20, 2022 Village Council meetings"
817,184,Administrative,True,,No location name/address matched,"Approved agenda. Final Action Agenda/Minutes are supplemented by audio and video recordings of the meetings, as well as transcripts. Video recordings of Village Council meetings from June 8, 2016, forward, as well as agendas, staff reports, resolutions, ordinances, and other documents related to the meetings can be viewed online at https://estero-fl.gov/agendas/ at the corresponding meeting date"
818,185,Administrative,True,,No location name/address matched,Approved motion to permit Councilmember Wilson to participate remotely in Zoom Presentation
819,185,Administrative,True,,No location name/address matched,Approved agenda with the deletion of Action Item 7e
820,185,Consent Agenda,True,,No location name/address matched,Approved the Consent Agenda
822,185,Contract Approval,False,Estero on the River,No location name/address matched,"Amendment One to Contract No. EC 2020-31 for Estero on the River Structure Demolition and updating contract to keep structure #6, the bomb shelter"
825,186,Administrative,True,,No location name/address matched,Approved agenda
826,186,Consent Agenda,True,,No location name/address matched,Approved the Consent Agenda
827,186,Contract Approval,False,,No location name/address matched,"Approve Misc. Contractor Services contract EC 2019-66 STA 21 with P & T Lawn & Tractor Services for $109,872 to replace trees along US 41 and provide additional landscape maintenance work on medians 22-24, approve a contingency fund amount of $11,000 (an amount equal to 10% of the total project cos"
829,186,Resolution,True,,No location name/address matched,Approved Resolution No. 2022-07 which amends Resolution No. 2015
831,187,Administrative,True,,No location name/address matched,Approved agenda to move up agenda item 7
832,187,Consent Agenda,True,,No location name/address matched,Approved the Consent Agenda
833,187,Resolution,True,Budget / Capital Improvement,No location name/address matched,"Approved Resolution 2022-09, to amend the 2021-2022 Fiscal Year Budget to recognize increased revenues and increased expenditures for capital projects and debt retirement"
834,187,Resolution,True,,No location name/address matched,"Approved Resolution 2022-10, providing authority to pay off the 2019 series debt early, during fiscal year 2021-20"
839,187,Contract Approval,True,Septic to Sewer; Broadway Avenue Utility Extension,No location name/address matched,"Approved the contract with Tetra Tech, Inc. to provide design and permitting services for Broadway Ave. East UEP in the amount of $1,134,239, approve a contingency fund amount of $114,000 (an amount equal to 10% of the total project cos"
840,187,Vote,True,,No location name/address matched,Motion Failed
841,187,Ordinance,True,,No location name/address matched,"Passed first reading of Ordinance 2022-03 and set second reading for June 1, 20"
843,188,Administrative,True,,No location name/address matched,Approved agenda
844,188,Consent Agenda,True,,No location name/address matched,Approved the Consent Agenda
845,188,Resolution,True,,No location name/address matched,"Approved a Joint Resolution with Lee County for participation in CDBG and related Programs, authorize Mayor to sign and forward to Lee County"
846,188,Vote,True,,No location name/address matched,"Approved termination as of June 1, 2022, CN 2020-01 Miscellaneous Professional Services to allow for the immediate use of the firms approved under CN 2022"
847,188,Contract Approval,True,,No location name/address matched,"Approved the recommendation of the evaluation committee to select all 36 consulting firms that submitted Letters of Interest under CN 2022-06, for a contract period of three"
848,188,Contract Approval,True,,No location name/address matched,"Authorized the Village Manager to execute agreements for individual projects as needed at or below $50,000 (contracts in excess of $50,000 will require Village Council approval)"
849,188,Ordinance,True,,No location name/address matched,Passed Ordinance 2022
850,189,Administrative,True,,No location name/address matched,Approved motion to permit Councilmember Wilson to participate remotely in Zoom Presentation
851,189,Administrative,True,,No location name/address matched,Approved agenda
852,189,Consent Agenda,True,,No location name/address matched,Approved the Consent Agenda
853,189,Contract Approval,True,,No location name/address matched,"Approved the contract with N. Harris Computer Corporation to provide ""CityView"" software for Community Development for an estimated cost of $397,379, approve a contingency fund amount of $49,153 (an amount equal to 15% of the total project cost minus annual fee"
854,189,Resolution,True,,No location name/address matched,Approved Resolution No. 2022
855,189,Ordinance,True,,No location name/address matched,"Passed first reading of Ordinance No. 2022-04 and set second reading for July 6, 20"
857,190,Administrative,True,,No location name/address matched,"Approved motion to permit Councilmembers Wilson and Ward to participate remotely in Zoom Presentation. Final Action Agenda/Minutes are supplemented by audio and video recordings of the meetings, as well as transcripts. Video recordings of Village Council meetings from June 8, 2016, forward, as well as agendas, staff reports, resolutions, ordinances, and other documents related to the meetings can be viewed online at https://estero-fl.gov/agendas/ at the corresponding meeting date"
858,190,Administrative,True,,No location name/address matched,Approved agenda with tabling 8b
859,190,Consent Agenda,True,,No location name/address matched,Approved the Consent Agenda
860,190,Vote,True,,No location name/address matched,Approved Comprehensive Annual Financial Report
861,190,Resolution,True,,No location name/address matched,Adopted Resolution No. 2022
862,190,Ordinance,True,,No location name/address matched,"Passed first reading of Ordinance No. 2022-05 with the map 2A-1 and set second reading for July 20, 20"
863,190,Ordinance,True,Comprehensive Plan; Comprehensive Plan / Land Development Code,No location name/address matched,Approved motion to transmit Comprehensive Plan Amendment and Ordinance No. 2022-06 to state review agency
866,190,Resolution,True,Budget / Capital Improvement,No location name/address matched,"Passed motion to move Capital Improvement Hearing and Resolution 2022-19 on to second public hearing on July 20, 20"
867,190,Ordinance,True,,No location name/address matched,Approved Ordinance No. 2022-04
868,191,Administrative,True,,No location name/address matched,"Approved motion to permit Councilmembers Ribble and Ward to participate remotely in Zoom Presentation. Final Action Agenda/Minutes are supplemented by audio and video recordings of the meetings, as well as transcripts. Video recordings of Village Council meetings from June 8, 2016, forward, as well as agendas, staff reports, resolutions, ordinances, and other documents related to the meetings can be viewed online at https://estero-fl.gov/agendas/ at the corresponding meeting date"
869,191,Administrative,True,,No location name/address matched,Approved agenda
870,191,Consent Agenda,True,,No location name/address matched,Approved the Consent Agenda
871,191,Resolution,True,Budget / Capital Improvement,No location name/address matched,Adopted Resolution No. 2022
872,191,Ordinance,True,,No location name/address matched,"Passed second reading of Ordinance No. 2022-05 with Map 2A-1 and ordinance shall take effect immediately upon adoption, for implementation for the next regular Village Council election"
873,192,Resolution,True,Budget / Capital Improvement,No location name/address matched,Approved Resolution No. 2022
874,192,Administrative,True,,No location name/address matched,Approved agenda
875,192,Consent Agenda,True,,No location name/address matched,Approved the Consent Agenda
876,192,Resolution,True,Estero on the River,No location name/address matched,Adopted Resolution No. 2022
877,192,Contract Approval,True,,No location name/address matched,"Approved Supplemental Task Authorization (STA)-28 under RFQ 2019- 03 Miscellaneous Contractor Services to P & T Lawn and Tractor Service, Inc. for the engagement of a Contractor to construct and install a monument sign on Imperial Parkway (in the roadway median at the Village's southern limits approximately 645 feet south of Salerno Bay Roa"
878,192,Contract Approval,True,,No location name/address matched,"Approved the Seminole Gulf Railway license agreement and approve payment of $131,400 in fees to Seminole Gulf Railway to secure the license agreement and authorize the Village Manager to execute the agreement on behalf of the"
880,192,Contract Approval,True,,No location name/address matched,"Approved First Amendment to Master Interlocal Agreement Regarding Distribution Formula for Allocation of Revenue from Local Option Fuel Tax among Lee County, City of Bonita Springs, City of Cape Coral, City of Fort Myers, City of Sanibel, Town of Fort Myers Beach and the Village of Estero"
881,193,Administrative,True,,No location name/address matched,Approved agenda
882,193,Consent Agenda,True,,No location name/address matched,Approved the Consent Agenda
884,193,Ordinance,True,,No location name/address matched,"Passed first reading of Ordinance No. 2022-09 and set second reading and public hearing for October 5, 20"
885,193,Ordinance,True,,No location name/address matched,"Passed first reading of Ordinance No. 2022-10 and set second reading and public hearing for October 5, 20"
886,193,Ordinance,True,,No location name/address matched,"Passed first reading of Ordinance No. 2022-11 and set second reading and public hearing for October 5, 20"
887,193,Ordinance,True,Comprehensive Plan; Comprehensive Plan / Land Development Code,No location name/address matched,"Passed first reading of Ordinance No. 2022-12 and set second reading and public hearing for October 5, 20"
888,193,Resolution,True,Budget / Capital Improvement,No location name/address matched,Approved Resolution No. 2022-27 with the Mill rate
889,193,Resolution,True,Budget / Capital Improvement,No location name/address matched,Approved Resolution No. 2022
890,193,Ordinance,True,Comprehensive Plan; Comprehensive Plan / Land Development Code,No location name/address matched,Approved Ordinance No. 2022
891,194,Administrative,True,,No location name/address matched,Approved agenda
892,194,Resolution,True,,No location name/address matched,Adopted Resolution No. 2022
893,195,Administrative,True,,No location name/address matched,Approved agenda
894,195,Consent Agenda,True,,No location name/address matched,Approved the Consent Agenda
895,195,Resolution,True,,No location name/address matched,Adopted Resolution No. 2022
896,195,Ordinance,True,Comprehensive Plan; Comprehensive Plan / Land Development Code,No location name/address matched,"Passed first reading of Ordinance No. 2022-13 and set second reading and public hearing for November 2, 20"
897,195,Ordinance,True,,No location name/address matched,"Passed first reading of Ordinance No. 2022-14 and set second reading and public hearing for November 2, 20"
900,195,Ordinance,True,,No location name/address matched,Approved Ordinance No. 2022
901,195,Vote,True,,No location name/address matched,"Approved 2022-10 with changes to language to allow only one free- standing fast-food restaurant, and revise conditions related to the buffer and the public gathering areas"
902,195,Ordinance,True,,No location name/address matched,"Approved to continue this Ordinance No. 2022-11 until November 16, 2022 Council meeting"
903,195,Ordinance,True,Comprehensive Plan; Comprehensive Plan / Land Development Code,No location name/address matched,"Approved to continue this Ordinance No. 2022-12 until November 2, 2022 Council meeting"
904,196,Administrative,True,,No location name/address matched,"Approved agenda with item 6a deferred to the November 16th agenda Final Action Agenda/Minutes are supplemented by audio and video recordings of the meetings, as well as transcripts. Video recordings of Village Council meetings from June 8, 2016, forward, as well as agendas, staff reports, resolutions, ordinances, and other documents related to the meetings can be viewed online at https://estero-fl.gov/agendas/ at the corresponding meeting date"
905,196,Consent Agenda,True,,No location name/address matched,Approved the Consent Agenda
906,196,Ordinance,True,,No location name/address matched,"Passed first reading of Ordinance No. 2022-17 and set second reading and public hearing for November 16, 20"
907,196,Ordinance,True,Comprehensive Plan; Comprehensive Plan / Land Development Code,No location name/address matched,Approved Ordinance No. 2022
908,196,Ordinance,True,Comprehensive Plan; Comprehensive Plan / Land Development Code,No location name/address matched,"Approved continuance of Ordinance 2022-13 until the November 16, 2022 Village Council Agenda"
909,196,Ordinance,True,,No location name/address matched,Approved Ordinance No. 2022-14 with the addition that the applicant will modify the proposed white color to a white tone acceptable to the Village staff
912,197,Administrative,True,,No location name/address matched,"Approved motion to permit Councilmember Wilson and Vice Mayor McLain to participate remotely in Zoom Presentation. Final Action Agenda/Minutes are supplemented by audio and video recordings of the meetings, as well as transcripts. Video recordings of Village Council meetings from June 8, 2016, forward, as well as agendas, staff reports, resolutions, ordinances, and other documents related to the meetings can be viewed online at https://estero-fl.gov/agendas/ at the corresponding meeting date"
913,197,Administrative,True,,No location name/address matched,Approved agenda with the addition of a couple of Workshop items
914,197,Resolution,True,Budget / Capital Improvement,No location name/address matched,Approved Resolution No. 2022-33 with the Mill rate 0.75
915,197,Resolution,True,Budget / Capital Improvement,No location name/address matched,Approved Resolution No. 2022
916,198,Administrative,True,,No location name/address matched,Approved agenda
917,198,Consent Agenda,True,,No location name/address matched,Approved the Consent Agenda
918,198,Vote,True,,No location name/address matched,"Approved Greater Estero Chamber of Commerce approval of financial support of $12,500 remaining balance for Strategic Plans for Future Growth and Impact"
919,198,Resolution,True,,No location name/address matched,Approved Resolution No. 2022
920,198,Ordinance,True,,No location name/address matched,Approved Ordinance No. 2022-11 with conditions including the revision to condition 13 for Option
921,198,Ordinance,True,Comprehensive Plan; Comprehensive Plan / Land Development Code,No location name/address matched,"Adopted Ordinance No. 2022-13 as amended by the ""Revised Option"" language in handout dated November 15, 2022"
922,198,Ordinance,True,,No location name/address matched,Adopted Ordinance No. 2022
923,199,Administrative,True,,No location name/address matched,"Motion to permit Councilmember Wilson to participate remotely in Zoom Presentation. Final Action Agenda/Minutes are supplemented by audio and video recordings of the meetings, as well as transcripts. Video recordings of Village Council meetings from June 8, 2016, forward, as well as agendas, staff reports, resolutions, ordinances, and other documents related to the meetings can be viewed online at https://estero-fl.gov/agendas/ at the corresponding meeting date"
924,199,Administrative,True,,No location name/address matched,Approved agenda
925,199,Consent Agenda,True,,No location name/address matched,Approved the Consent Agenda
926,199,Vote,True,,No location name/address matched,Approved initiation of the rezoning process for Village-owned property on the north side of Williams Road
928,199,Resolution,True,,No location name/address matched,Approved Resolution No. 2022
929,199,Contract Approval,True,,No location name/address matched,"Approved award of Supplemental Task Authorization 01 to Contract EC 2022-29 to Weston & Sampson to prepare a reclaimed water feasibly study for The Village of Estero for $70,500, approve a $7,100 contingency (10%) for additional services that may be required to complete the project, and authorize the Village Manager to sign the STA and other additional implementing, documents within the scope of the STA on behalf of the Village of Estero Council"
930,199,Contract Approval,True,,No location name/address matched,"Approved award of Supplemental Task Authorization 02 to Contract EC 2022-38 to Johnson Engineering to provide water monitoring services for The Village of Estero for $91,776, approve a $8,224 contingency for additional services that may be required to complete the project, and authorize the Village Manager to sign the STA and other additional implementing documents within the scope of the STA on behalf of the Village of Estero Council"
931,200,Administrative,True,,No location name/address matched,"Motion to permit Councilmember Ribble to participate remotely in Zoom Presentation. Final Action Agenda/Minutes are supplemented by audio and video recordings of the meetings, as well as transcripts. Video recordings of Village Council meetings from June 8, 2016, forward, as well as agendas, staff reports, resolutions, ordinances, and other documents related to the meetings can be viewed online at https://estero-fl.gov/agendas/ at the corresponding meeting date"
932,200,Administrative,True,,No location name/address matched,Approved agenda
933,200,Consent Agenda,True,,No location name/address matched,Approved the Consent Agenda
935,200,Unknown,False,,No location name/address matched,"Accepted the Village's portion of the Opiod Settlement in the amount of $14,4"
936,201,Administrative,True,,No location name/address matched,"Motion to permit Councilmember Wilson to participate remotely in Zoom Presentation. Final Action Agenda/Minutes are supplemented by audio and video recordings of the meetings, as well as transcripts. Video recordings of Village Council meetings from June 8, 2016, forward, as well as agendas, staff reports, resolutions, ordinances, and other documents related to the meetings can be viewed online at https://estero-fl.gov/agendas/ at the corresponding meeting date"
937,201,Administrative,True,,No location name/address matched,Approved agenda
938,201,Consent Agenda,True,,No location name/address matched,Approved the Consent Agenda
939,201,Ordinance,True,,No location name/address matched,"Passed first reading of Zoning Ordinance 2023-01 and set second reading for February 15, 20"
940,202,Administrative,True,,No location name/address matched,Approved agenda
941,202,Consent Agenda,True,,No location name/address matched,Approved the Consent Agenda
942,202,Vote,True,,No location name/address matched,Motion passed to authorize Village Manager to take the necessary actions to demolish the residential structure and convey salvaged elements to third parties in the Village's best interests
943,202,Contract Approval,True,,No location name/address matched,Motion passed to authorize Village Manager to execute the Federally Funded Subaward and Grant Agreement for Hurricane Ian between the Village and the State of Florida
944,202,Contract Approval,True,Estero on the River,No location name/address matched,"Approved award of Request for Bids No. RFB 2023-01, Estero on the River Non-Native Invasive and Nuisance Plant Treatments to Milborne, LLC to provide the services as provided in the contract, at a grand total cost of $82,317.41, approve a contingency fund amount of $8,230 (an amount equal to 10% of the total project cos"
945,202,Contract Approval,True,,No location name/address matched,"Approved agreement for Land Use and Code Enforcement Special Magistrate Services with Robert Pritt at the hourly rate listed in the Agreement. Grant the Village Manager the authority to renegotiate and execute the renewal of this Agreement on an annual basis, if doing so is in the best interest of the Village of Estero, authorize the Village Manager to execute the contract documents on behalf of the Village of Estero Council"
946,202,Ordinance,True,Comprehensive Plan; Comprehensive Plan / Land Development Code,No location name/address matched,"Passed first reading of Ordinance No. 2023-02 and set second reading for March 1, 2023"
947,202,Ordinance,True,,No location name/address matched,Approved Zoning Ordinance 2023
948,202,Resolution,True,,No location name/address matched,Approved Resolution 2023-01 (12th Amendment to Development of Regional Impact Development Order)
949,203,Administrative,True,,No location name/address matched,"Motion to permit Councilmember Wilson to participate remotely in Zoom Presentation. Final Action Agenda/Minutes are supplemented by audio and video recordings of the meetings, as well as transcripts. Video recordings of Village Council meetings from June 8, 2016, forward, as well as agendas, staff reports, resolutions, ordinances, and other documents related to the meetings can be viewed online at https://estero-fl.gov/agendas/ at the corresponding meeting date"
950,203,Administrative,True,,No location name/address matched,Approved agenda with moving workshop 12a to item 3b
951,203,Consent Agenda,True,,No location name/address matched,"Approved the Consent Agenda items a, b, and c"
953,203,Ordinance,True,Comprehensive Plan; Comprehensive Plan / Land Development Code,No location name/address matched,Approved Ordinance No. 2023-02 the recommended changes made by the
954,204,Unknown,False,,No location name/address matched,Elected Vice Mayor McLain as Mayor
955,204,Unknown,False,,No location name/address matched,Elected Councilmember Ribble as Vice Mayor
956,204,Administrative,True,,No location name/address matched,Approved agenda with item 14a starting at 11:00 am
957,204,Consent Agenda,True,,No location name/address matched,Approved the Consent Agenda
959,205,Administrative,True,,No location name/address matched,"Approved agenda with combining 4a into 8a, 8b, and 8c"
960,205,Consent Agenda,True,,No location name/address matched,Approved the Consent Agenda
961,205,Resolution,True,,No location name/address matched,Adopted Resolution No. 2023
964,205,Contract Approval,True,,No location name/address matched,"Approved the revised Hagerty Consulting, Inc. contract and authorize the Village Manager to execute the contract document on behalf of the Village of Estero Council. Grant the Village Manager the authority to renegotiate and execute the renewal of this contract for four additional one-year terms under the same terms and conditions, if doing so is in the best interest of the Village of Estero"
965,206,Administrative,True,,No location name/address matched,Approved agenda
966,206,Consent Agenda,True,,No location name/address matched,Approved the Consent Agenda
967,206,Contract Approval,True,,No location name/address matched,"Approved the award of Supplemental Task Authorization 05 to Contract EC 2022-21 to Banks Engineering, Inc. for the See See Street Utility Expansion Design and Permitting of $240,500, approve a $24,000 contingency (10%) for additional services that may be required to complete the project, and authorize the Village Manager to sign the STA and other additional implementing documents within the scope of the STA on behalf of the Village of Estero Council"
968,206,Contract Approval,True,,No location name/address matched,"Approved Village Staff's recommendation to select all three firms, Atkins, Legacy Professional Solutions and RVi Planning + Landscape Architecture, to provide supplemental staffing to the Village of Estero and authorize staff to negotiate contracts with one or more of the firms to provide supplemental staffing"
969,206,Resolution,True,,No location name/address matched,Approved Resolution No. 2023
970,206,Ordinance,True,,No location name/address matched,"Passed first reading of Ordinance No. 2023-05 and set second reading for May 17, 20"
971,207,Administrative,True,,No location name/address matched,Approved agenda with the deletion of 12
972,207,Consent Agenda,True,,No location name/address matched,Approved the Consent Agenda
974,207,Ordinance,True,,No location name/address matched,Passed second reading of Ordinance No. 2023
975,208,Administrative,True,,No location name/address matched,Approved agenda
976,208,Consent Agenda,True,,No location name/address matched,Approved the Consent Agenda
977,208,Contract Approval,True,,No location name/address matched,"Approved the Vieste, LLC Agreement"
978,208,Contract Approval,True,,No location name/address matched,"Approved Village Staff's recommendation to select two firms, Hagerty Consulting and Anser Advisory Consulting, LLC to provide Grant Management Services to the Village of Estero, authorize the Village Manager to execute the attached contracts with Hagerty Consulting and Anser Advisory Consulting, LLC. to provide professional Grant Management Services for a one-year period at the rates listed in the contracts, and authorize the Village Manager to renegotiate and execute the renewal of this contract for four additional one-year terms under the same terms and conditions, if doing so is in the best interest of the Village of Estero"
979,208,Contract Approval,True,,No location name/address matched,"Approved Supplemental Staffing Contract with RVi and Supplemental Task Authorization No. 01 to the Contract for Landscape Maintenance Inspections Services for $60,000, approve a $6,000 contingency (10%) for additional services that may be required to complete the project, and authorize the Village Manager to sign the Contract, STA, and other additional implementing documents within the scope of the Contract and STA on behalf of the Village of Estero Council"
981,208,Resolution,False,Budget / Capital Improvement,No location name/address matched,"Moved Capital Improvement Hearing and Resolution 2023-11 on to second public hearing on June 21, 20"
982,209,Administrative,True,,No location name/address matched,Approved agenda
983,209,Consent Agenda,True,,No location name/address matched,Approved the Consent Agenda
984,209,Vote,True,,No location name/address matched,Approved Plat
985,209,Contract Approval,True,Septic to Sewer,No location name/address matched,"Approved STA 02 to Contract EC 2022-29 with Weston & Sampson to design and permit the extension of utilities to Cypress Park Circle for $311,650, approve a $31,000 contingency (10%) for additional services that may be required to complete the project, and authorize the Village Manager to sign the STA and other additional implementing documents within the scope of the STA on behalf of the Village of Estero Council"
989,209,Contract Approval,True,,No location name/address matched,Approved the software as a service agreement (Saa
990,209,Contract Approval,True,,No location name/address matched,"Approved STA 01 to Contract EC 2022-33 with RWA Engineering to design and permit the Estero Entertainment District for $485,045, subject to the consultant's acceptance of a revised Exhibit ""C"" (Project Schedul"
994,209,Resolution,True,Budget / Capital Improvement,No location name/address matched,Approved approve Resolution No. 2023
995,210,Administrative,True,,No location name/address matched,Approved agenda with moving 7
996,210,Consent Agenda,True,,No location name/address matched,Approved the Consent Agenda
998,210,Contract Approval,True,,No location name/address matched,"Approved the terms set forth in the Chicken N Pickle and High 5 term sheets dated July 5th, 2023, and to authorize the Village Manager to proceed with negotiating a final Public Private Partnership Agreement and related CAM and lease agreements with each company based on these terms"
999,210,Resolution,True,,No location name/address matched,Adopted Resolution No. 2023
1000,210,Vote,True,,No location name/address matched,Approved Comprehensive Annual Financial Report
1001,210,Contract Approval,True,,No location name/address matched,"Approved award of Supplemental Task Authorization 06 to Contract EC 2022-38 to Johnson Engineering to provide water monitoring services for The Village of Estero for $146,340, approve a $14,600 contingency for additional services that may be required to complete the project and authorize the Village Manager to sign the STA and other additional implementing documents within the scope of the STA on behalf of the Village of Estero Council"
1003,210,Contract Approval,True,,No location name/address matched,"Approved the STA 1 to Contract 2022-32 with Tetra Tech, Inc. for the preparation of an engineering assessment of the existing roads and sidewalks maintained by the Village of Estero for $256,060, approve a $25,600 contingency (10%) for additional services that may be required to complete the project, and authorize the Village Manager to sign the STA and other additional implementing documents within the scope of the STA on behalf of the Village of Estero Council"
1004,210,Contract Approval,True,,No location name/address matched,"Approved the Seminole Gulf Railway license agreement and approve payment of $55,233.34 to Seminole Gulf Railway to secure the license agreement and authorize the Village Manager to execute the agreement on behalf of the Village Council"
1005,211,Administrative,True,,No location name/address matched,Approved agenda
1006,211,Consent Agenda,True,,No location name/address matched,Approved the Consent Agenda
1008,211,Vote,True,Septic to Sewer,No location name/address matched,Approved a Sovereignty Submerged Lands easement with the Florida Department of Environmental Protection for the Sunny Groves force main and authorize the Village Mayor to sign the easement and any other associated documents on behalf of the Village
1009,212,Administrative,True,,No location name/address matched,Approved agenda
1010,212,Resolution,True,,No location name/address matched,"Approved Resolution 2023-20 waiving the provision of SECTION 5, NUMBER"
1011,213,Resolution,True,,No location name/address matched,Approved Resolution 2023
1012,213,Administrative,True,,No location name/address matched,Approved agenda
1013,213,Consent Agenda,True,,No location name/address matched,Approved consent agenda
1018,214,Resolution,True,Budget / Capital Improvement,No location name/address matched,Approved Resolution No. 2023-23 with the Mill rate 0.74
1019,214,Resolution,True,Budget / Capital Improvement,No location name/address matched,Approved Resolution No. 2023
1020,214,Administrative,True,,No location name/address matched,Approved agenda
1021,214,Consent Agenda,True,,No location name/address matched,Approved consent agenda
1022,214,Vote,True,,No location name/address matched,"Approved Council appropriation up to $10,000 for 2023 Veteran Day event"
1023,214,Vote,True,,No location name/address matched,"Approved the engagement for Horizon Solutions Group, Inc. between the Village of Estero and Horizon Solutions Group, Inc and authorize the Village Manager to execute the engagement documents on behalf of the Village of Estero Council"
1024,215,Administrative,True,,No location name/address matched,Approved agenda with the deletion of 5(b)
1025,215,Consent Agenda,True,,No location name/address matched,Approved consent agenda with agenda item 5b removed
1030,215,Resolution,True,,No location name/address matched,Approved Resolution No. 2023
1031,215,Contract Approval,True,,No location name/address matched,"Approved consultants ranking for The Village Wide Traffic Study as follows: Number 1 - Johnson Engineering; Number 2 - Trebilcock Consulting Solutions; Number 3 - Pennoni and authorize staff to negotiate a contract with the Number 1 ranked firm, Johnson Engineering, to provide professional consulting services for the Village Wide Traffic Study"
1032,215,Ordinance,True,,No location name/address matched,"Passed first reading and set second reading and public hearing for October 18, 20"
1033,216,Administrative,True,,No location name/address matched,Approved agenda
1034,216,Consent Agenda,True,,No location name/address matched,Approved consent agenda with agenda
1035,216,Resolution,True,,No location name/address matched,Adopted Resolution No. 2023
1037,216,Vote,True,,No location name/address matched,Approved the Fiscal Year 2024-2025 Village of Estero legislative priorities to include
1038,216,Ordinance,True,,No location name/address matched,Approved Ordinance No. 2023
1039,217,Administrative,True,,No location name/address matched,Approved agenda
1040,217,Consent Agenda,True,,No location name/address matched,Approved consent agenda with agenda
1043,217,Resolution,True,,No location name/address matched,Adopted Resolution No. 2023
1044,217,Ordinance,True,Comprehensive Plan; Comprehensive Plan / Land Development Code,No location name/address matched,"Passed first reading of Ordinance No. 2023-03 and set second reading for November 15, 20"
1045,218,Administrative,True,,No location name/address matched,Approved agenda
1046,218,Consent Agenda,True,,No location name/address matched,Approved consent agenda
1047,218,Contract Approval,True,,No location name/address matched,"Approved the ranking of construction management firms for RFP 2021- 01 as recommended by the Village's selection committee. 1 - Wright Construction, 2 - Seagate, 3 - Manhattan, 4 - Brooks & Freund and authorize Village Staff to negotiate a contract with the top ranked firm"
1049,218,Ordinance,True,Comprehensive Plan; Comprehensive Plan / Land Development Code,No location name/address matched,"Passed first reading and set second reading for December 6, 20"
1050,218,Ordinance,True,Comprehensive Plan; Comprehensive Plan / Land Development Code,No location name/address matched,"Passed second reading of Ordinance No. 2023-03 with the recommended changes from the Planning Zoning and Design Board of changing the size of the accessory garage to 580 square feet instead of 500 square feet, strike the language ""may not exceed two doors and two bays"", and on page 2 number 2 change 240 square feet to 280 square feet"
1051,219,Administrative,True,,No location name/address matched,"Motion to permit Mayor Errington to participate remotely in Zoom Presentation. Final Action Agenda/Minutes are supplemented by audio and video recordings of the meetings, as well as transcripts. Video recordings of Village Council meetings from June 8, 2016, forward, as well as agendas, staff reports, resolutions, ordinances, and other documents related to the meetings can be viewed online at https://estero-fl.gov/agendas/ at the corresponding meeting date"
1052,219,Administrative,True,,No location name/address matched,Approved agenda
1053,219,Consent Agenda,True,,No location name/address matched,Approved the Consent Agenda
1054,220,Unknown,False,,No location name/address matched,"Affirmed the decision of the Planning Zoning & Design Board to issue the development order, including the conditions that have been set forth therein"
1055,221,Administrative,True,,No location name/address matched,Approved agenda
1056,221,Consent Agenda,True,,No location name/address matched,Approved the Consent Agenda
1057,221,Vote,True,,No location name/address matched,Concurred with and approved the ranking of consultants for RFP 2023-01 Disaster Management Services to The Village of Estero
1060,222,Administrative,True,,No location name/address matched,Approved agenda
1061,222,Consent Agenda,True,,No location name/address matched,Approved consent agenda
1062,222,Vote,True,,No location name/address matched,Adopted the Village of Estero Information Security Policy
1064,222,Contract Approval,True,,No location name/address matched,"Approved Contract EC 2024-07 with Johnson Engineering, Inc. to prepare the Village Wide Traffic Study for $249,480, approve a $25,000 contingency for additional services that may be required to complete the project, authorize the Village Manager to sign the contract and other additional implementing documents within the scope of the contract on behalf of the Village of Estero Council, and authorize the Village Manager to execute an amendment to the agreement to add the locations added by council. Vice Mayor Ribble would like to add the intersection Meadowbrook and Coconut to the study. Councilmember Zalucki would like to add the intersections Corkscrew and Estero Crossing Blvd and Corkscrew and Bella Terra Blvd to the study"
1065,222,Contract Approval,True,,No location name/address matched,Approved contract EC 2024-06 with Florida Acquisition Services to provide right-of-way acquisition services to the Village of Estero and authorize the Village Manager to sign the contract and other implementing documents within the scope of the contract on behalf of the Village of Estero Council
1067,223,Administrative,True,,No location name/address matched,Approved agenda
1068,223,Consent Agenda,True,,No location name/address matched,Approved consent agenda
1069,223,Contract Approval,True,,No location name/address matched,Approved Interlocal Agreement for Election Services with the Supervisor of Elections
1070,223,Contract Approval,True,Estero on the River,No location name/address matched,"Approved EC 2024-10 in the amount of $151,440 for CW3 Engineering, Inc. to provide construction engineering and inspection services for the Estero on the River Phase 1 Improvements, approve a $15,000 contingency for additional services that may be required to complete the project and authorize the Village Manager to sign the contract and other additional implementing documents within the scope of the contract on behalf of the Village of Estero Council, and to approve and execute and subsequent amendments which do not require an increase in the not to exceed budget (with contingency)"
1072,223,Resolution,True,,No location name/address matched,Adopted Resolution No. 2024
1074,223,Contract Approval,True,,No location name/address matched,Approved Recreation Lease Agreement with the Lee County School Board
1075,223,Contract Approval,True,,No location name/address matched,"Approved Joint Use Agreement of Estero High School recreational facilities, and to authorize the Village Manager to administratively approve any amendments to the Agreement or related Lease Agreement which may be required to satisfy School Board requirements or to make necessary clarifications, so long as any such amendments do not increase the financial commitments of the Village beyond those set forth in those respective documents"
1076,224,Administrative,True,,No location name/address matched,Approved agenda
1077,224,Consent Agenda,True,,No location name/address matched,Approved consent agenda
1078,224,Vote,True,,No location name/address matched,Approved schedule for
1079,224,Resolution,True,,No location name/address matched,Adopted Resolution No. 2024
1084,225,Administrative,True,,No location name/address matched,Approved agenda
1085,225,Consent Agenda,True,,No location name/address matched,Approved consent agenda
1087,225,Ordinance,True,,No location name/address matched,"Passed first reading of Ordinance No. 2024-03 and set second reading for March 6, 20"
1088,226,Administrative,True,,No location name/address matched,Approved agenda
1089,226,Consent Agenda,True,,No location name/address matched,Approved consent agenda
1090,226,Contract Approval,True,,No location name/address matched,"Approved EC 2024-26 in the amount of $1,967,667 for Hellas Construction, Inc. to install artificial turf on The Jeff Sommer Stadium football field, approve a $197,000 contingency for additional services that may be required to complete the project, and authorize the Village Manager to sign the contract and other additional implementing documents within the scope of the contract on behalf of the Village of Estero Council, and to approve and execute any subsequent amendments which do not require an increase in the not to exceed budget (with contingency)"
1091,226,Contract Approval,True,,No location name/address matched,"Approved the attached Professional Services agreement with Vieste, LLC"
1092,226,Ordinance,True,,No location name/address matched,"Passed first reading of Ordinance No. 2024-01 and set second reading for March 20, 20"
1093,226,Ordinance,True,,No location name/address matched,"Passed first reading of Ordinance No. 2024-02 and set second reading for March 20, 20"
1094,226,Ordinance,True,,No location name/address matched,"Passed first reading of Ordinance No. 2024-04 and set second reading for March 20, 20"
1095,226,Ordinance,True,,No location name/address matched,Adopted Ordinance No. 2024-03 subject to changing the word enforcement to compliance
1096,228,Administrative,True,,No location name/address matched,Approved agenda
1097,228,Consent Agenda,True,,No location name/address matched,Approved consent agenda
1098,228,Contract Approval,True,,No location name/address matched,"Approved EC 2023-38 STA-02 in the amount of $203,782 for Hagerty Consulting, Inc. to assist the Village of Estero in preparing and submitting CDBG-DR Infrastructure Grant applications, approve a $20,000 contingency for additional services that may be required to complete the project, and authorize the Village Manager to sign the contract and other additional implementing documents within the scope of the contract on behalf of the Village of Estero Council, and to approve and execute any subsequent amendments which do not require an increase in the not to exceed budget (with contingency)"
1099,228,Contract Approval,True,,No location name/address matched,Approved EC 2024-27 Chris-Tel Construction Piggyback Agreement for Construction Manager at Risk services and to authorize the Village Manager to execute the agreement and any related documents or amendments as may be necessary
1100,228,Contract Approval,True,,No location name/address matched,Approved EC 2024-28 Manhattan Construction Piggyback Agreement for Construction Manager at Risk services and to authorize the Village Manager to execute the agreement and any related documents or amendments as may be necessary
1101,228,Ordinance,True,,No location name/address matched,Adopted Ordinance No. 2024
1102,229,Administrative,True,,No location name/address matched,Approved agenda
1103,229,Consent Agenda,True,,No location name/address matched,Approved consent agenda
1104,229,Resolution,False,,No location name/address matched,"Selected Al Paivandy, James E Tatooles, and Leonard E Scotty Wood III to a one-year term to the Planning, Zoning, and Design Board members, Dan Williams, Anthony Gargano, and Michael Sheeley to a three-year term to the Planning Zoning and Design Board and approve Resolution No. 2024"
1105,229,Unknown,False,,No location name/address matched,Selected Anthony Gargano as Chairperson of the Planning Zoning and Design Board
1106,229,Vote,True,,No location name/address matched,Approved the Framework of Cooperation Between the Village of Estero and the Estero Forever Foundation
1107,229,Contract Approval,True,,No location name/address matched,Approved EC 2024-29 Wright Construction Group Piggyback Agreement for Construction Manager At Risk services and to authorize the Village Manager to execute the agreement and any related documents or amendments as may be necessary
1108,229,Contract Approval,True,,No location name/address matched,"Approved EC 2019-66 STA-44 in the amount of $57,500 with P & T Lawn & Tractor to relocated twelve palm trees at Jeff Sommer Stadium, approve a $5,000 contingency for additional services that may be required to complete the project, and authorize the Village Manager to sign the contract and other additional implementing documents within the scope of the contract on behalf of the Village of Estero Council, and to approve and execute any subsequent amendments which do not require an increase in the not to exceed budget (with contingency)"
1109,229,Contract Approval,True,,No location name/address matched,"Approved EC 2022-38 STA-13 in the amount of $175,486 with Johnson Engineering to perform construction site inspections for all projects within the Village of Estero, approve a $17,000 contingency for additional services that may be required to complete the project, authorize the Village Manager to sign the contract and other additional implementing documents within the scope of the contract on behalf of the Village of Estero Council, and to approve and execute any subsequent amendments which do not require an increase in the not to exceed budget (with contingency)"
1112,229,Vote,True,,No location name/address matched,Approved motion to support Village Manger and staff along with the other communities to inquire about the FEMA rate increase and to allow the Village any latitude it will require to get the answers needed
1113,230,Administrative,True,,No location name/address matched,"Approved agenda. Final Action Agenda/Minutes are supplemented by audio and video recordings of the meetings, as well as transcripts. Video recordings of Village Council meetings from June 8, 2016, forward, as well as agendas, staff reports, resolutions, ordinances, and other documents related to the meetings can be viewed online at https://estero-fl.gov/agendas/ at the corresponding meeting date"
1114,230,Consent Agenda,True,,No location name/address matched,Approved consent agenda
1115,230,Contract Approval,True,Septic to Sewer,No location name/address matched,"Approved EC 2024-06 STA-05 in the amount of $81,000 with Florida Acquisition & Appraisal, Inc. to assist the Village in obtaining easement and property required to construction the Broadway Ave East UEP Areas 2 & 3, approve a $8,100 contingency for additional services that may be required to complete the project, and authorize the Village Manager to sign the contract and other additional implementing documents within the scope of the contract on behalf of the Village of Estero Council, and to approve and execute any subsequent amendments which do not require an increase in the not to exceed budget (with contingency)"
1116,230,Contract Approval,True,,No location name/address matched,"Approved the Assignment and Amendment of the License Agreement for Sandy Lane Right of Way Occupation, Drainage Pipe Construction and Maintenance agreement with Seminole Gulf Railway and authorize the Village Manager to execute the agreement on behalf of the Village Council"
1118,231,Administrative,True,,No location name/address matched,"Approved agenda with noting a replacement of Resolution for 7(e), 2024- 08 that has been added to the desk packet as the consultants Final Action Agenda/Minutes are supplemented by audio and video recordings of the meetings, as well as transcripts. Video recordings of Village Council meetings from June 8, 2016, forward, as well as agendas, staff reports, resolutions, ordinances, and other documents related to the meetings can be viewed online at https://estero-fl.gov/agendas/ at the corresponding meeting date. recommended more detailed language to the resolution but the substance has not changed"
1119,231,Consent Agenda,True,,No location name/address matched,Approved consent agenda
1123,231,Resolution,True,,No location name/address matched,Adopted Resolution No. 2024
1124,231,Resolution,True,,No location name/address matched,Approved Resolution No. 2024-08 authorizing the Village Manager to perform various duties including accepting and authorizing CDBG-DR grants from HUD and administered by Lee County
1125,231,Resolution,True,,No location name/address matched,Approved Resolution No. 2024-09 Excessive Force Policy
1127,232,Administrative,True,,No location name/address matched,"Approved agenda with the deletion of the Financial Reports from the Consent Agenda and will be presented June 5th Council meeting. Final Action Agenda/Minutes are supplemented by audio and video recordings of the meetings, as well as transcripts. Video recordings of Village Council meetings from June 8, 2016, forward, as well as agendas, staff reports, resolutions, ordinances, and other documents related to the meetings can be viewed online at https://estero-fl.gov/agendas/ at the corresponding meeting date"
1128,232,Consent Agenda,True,,No location name/address matched,Approved consent agenda
1130,232,Contract Approval,True,,No location name/address matched,Approved the Village Manager to execute the High-5 Public Improvement Agreement
1131,232,Vote,True,,No location name/address matched,Approved that Wright Construction Group is granted a Notice to Proceed on their phase 1 construction costs based on GMP#
1132,232,Ordinance,True,Budget / Capital Improvement,No location name/address matched,"Passed First Reading of Ordinance No. 2024-06 and set second reading for June 5, 20"
1133,233,Administrative,True,,No location name/address matched,Approved agenda
1134,233,Consent Agenda,True,,No location name/address matched,Approved consent agenda
1136,233,Contract Approval,True,Estero on the River,No location name/address matched,"Approved the ranking of construction management firms for RFP 2024- 02 as recommended by the Village of Estero's selection committee. 1- Manhattan Construction, 2-Wright Construction, 3-Chris Tel Construction, 4-Seagate Development Group, 5 Brooks & Freund, and authorize Village Staff to negotiate a contract with the top ranked firm"
1139,233,Ordinance,True,Budget / Capital Improvement,No location name/address matched,Passed Second Reading of Ordinance No. 2024
1140,234,Administrative,True,,No location name/address matched,Approved agenda
1141,234,Consent Agenda,True,,No location name/address matched,Approved consent agenda
1142,234,Contract Approval,True,Estero on the River,No location name/address matched,Approved Contract Number 240004 Construction Manager at Risk (CMA
1143,234,Vote,True,,No location name/address matched,"Approved the engagement for Horizon Solutions Group, Inc. between the Village of Estero and Horizon Solutions Group, Inc and authorize the Village Manager to execute the engagement documents on behalf of the Village of Estero Council"
1144,234,Vote,True,,No location name/address matched,Approved Comprehensive Annual Financial Report
1145,234,Resolution,True,,No location name/address matched,Approved this Resolution which authorizes the Village Manager to execute the Statewide Mutual Aid Agreement
1146,234,Resolution,True,,No location name/address matched,Approved this Resolution in partnership with the County in deploying grant funds in a manner required by law
1147,234,Ordinance,True,Comprehensive Plan; Comprehensive Plan / Land Development Code,No location name/address matched,Passed to Transmit Ordinance No. 2024-09 to State and other required review agencies
1149,235,Administrative,True,,No location name/address matched,Approved agenda
1150,235,Consent Agenda,True,,No location name/address matched,Approved consent agenda correction
1151,235,Resolution,True,Budget / Capital Improvement,No location name/address matched,Adopted Resolution No. 2024
1152,235,Contract Approval,True,,No location name/address matched,"Approved award of Invitation to Bid 100124, Disaster Debris Monitoring Services for the Village of Estero to the apparent low bidder, Disaster Program Operations, Inc. to provide on-call disaster debris monitoring services as provided in the contract for a one-year period, at the rates submitted on their bid, authorize the Village Manager to execute contract documents on behalf of the Village of Estero Council. Grant the Village Manager the authority to renegotiate and execute the renewal of this contract for three"
1153,235,Contract Approval,True,,No location name/address matched,"Approved award of Invitation to Bid 100224, Disaster Recovery Services for the Village of Estero to CrowderGulf Joint Venture, Inc. to provide on-call disaster recovery services as provided in the solicitation. Authorize the Village Manager to execute a contract document on behalf of the Village of Estero Council. Grant the Village Manager the authority to renegotiate and execute the renewal of this contract for three"
1154,235,Vote,True,,No location name/address matched,"Approved EC Task Order in the amount of $188,921 for Hagerty Consulting, Inc. to assist the Village of Estero in CDBG-DR Recovery and Resiliency Planning Program Grant Management Support"
1155,235,Contract Approval,True,Septic to Sewer,No location name/address matched,Approved Contract EC 2024-36 Construction Manager at Risk (CMA
1158,235,Contract Approval,True,,No location name/address matched,"Approved Sourcewell Contract 031622-HLC in the amount of $2,429,079.00 for Hellas Construction, Inc. to install 8 tennis courts, 2 basketball courts, and 4 pickleball courts, approve a $242,907.90 contingency for additional services that may be required to complete the project, and authorize the Village Manager to sign the contract and other additional implementing documents within the scope of the contract on behalf of the Village of Estero Council, and to approve and execute any subsequent amendments which do not require an increase in the not to exceed budget (with contingency)"
1159,235,Resolution,True,,No location name/address matched,Approved Resolution No. 2024
1160,235,Contract Approval,True,,No location name/address matched,"Approved the motion to direct the Village Attorney to work with the village manager to send kite an agreement for repayment to require that that agreement be executed by a certain date chosen by the manager and that if the agreement is not executed by that date, to authorize the village attorney to take legal action to collect the money due"
1161,235,Ordinance,True,,No location name/address matched,"Passed first reading and schedule second reading for September 11, 20"
1162,236,Resolution,True,Budget / Capital Improvement,No location name/address matched,Adopted Resolution No. 2024
1163,236,Administrative,True,,No location name/address matched,Approved agenda
1164,236,Consent Agenda,True,,No location name/address matched,Approved consent agenda
1165,236,Ordinance,True,,No location name/address matched,Continued to second reading for future date to be determined by staff
1166,236,Contract Approval,True,,No location name/address matched,Authorized the Village Manager to negotiate a fair and reasonable Agreement with the top ranked firm
1167,236,Contract Approval,True,,No location name/address matched,Approved the Interlocal Agreement Between the Village of Estero and Lee County Utilities (LC
1168,236,Ordinance,True,Comprehensive Plan; Comprehensive Plan / Land Development Code,No location name/address matched,Adopted Ordinance No. 2024
1169,237,Resolution,True,Budget / Capital Improvement,No location name/address matched,Adopted Resolution No. 2024-18 with the Mill rate 0.73
1170,237,Vote,True,Budget / Capital Improvement,No location name/address matched,Approved a Premier Membership of $649 to the Estero Chamber of Commerce
1171,237,Resolution,True,Budget / Capital Improvement,No location name/address matched,Adopted Resolution No. 2024
1172,237,Administrative,True,,No location name/address matched,Approved agenda
1173,237,Consent Agenda,True,,No location name/address matched,Approved consent agenda
1174,237,Ordinance,True,,No location name/address matched,"Passed first reading and schedule second reading for October 2, 20"
1175,238,Administrative,True,,No location name/address matched,Approved agenda
1176,238,Consent Agenda,True,,No location name/address matched,Approved consent agenda
1177,238,Contract Approval,True,,No location name/address matched,"Approved Contract 24025 in the amount of $321,990 with Perez Planning + Design LLC to prepare schematic plan and design guidelines for the Estero Sports Park, approve a $32,000 contingency for additional service that may be required to complete the project, and authorize the Village Manager to sign the contract and other additional implementing documents within the scope of the contract on behalf of the Village of Estero Council, and to approve and execute any subsequent amendments which do not require an increase in the not to exceed budget (with contingency)"
1178,238,Contract Approval,True,Estero on the River,No location name/address matched,"Approved Contract Number 24004 Amendment No. 01 in the amount of $350,100 with Manhattan Construction for Phase 2 Preconstruction Services, approve a $35,000 contingency for additional service that may be required to complete the project, and authorize the Village Manager to sign the contract and other additional implementing documents within the scope of the contract on behalf of the Village of Estero Council, and to approve and execute any subsequent amendments which do not require an increase in the not to exceed budget (with contingency)"
1179,238,Contract Approval,True,,No location name/address matched,"Approved EC 2023-31 Supplemental Task Order # 3 with Hagerty Consulting, Inc. to assist the Village to develop written procedures and training for pre and post disaster and authorize Village Manager to execute contract"
1181,238,Ordinance,True,,No location name/address matched,Approved Ordinance No. 2024-11 with revisions to condition 14 (project phasin
1182,239,Administrative,True,,No location name/address matched,Approved agenda
1183,239,Consent Agenda,True,,No location name/address matched,Approved consent agenda with the correction of the minutes
1184,239,Contract Approval,True,,No location name/address matched,"Approved the renewal contracts with Ronald L. Book, P.A. (annual cost: $42,350) and JEJ & Associates, Inc. (annual cost: $43,560) to provide professional State Legislative and Executive Branch Lobbying Services for a one-year period. Grant the Village Manager the authority to reauthorize the renewal of these contracts for three additional one-year terms under the same terms and conditions, if doing so is in the best interest of the Village of Estero, approve a contingency fund amount of $4,235 for Ronald L. Book, P.A. and $4,356 for JEJ & Associates, Inc. totaling $8,591 (an amount equal to 10% of the total project cos"
1185,239,Ordinance,True,,No location name/address matched,"Passed first reading and schedule second reading for November 6, 20"
1187,239,Ordinance,True,,No location name/address matched,Approved Ordinance No. 2024
1188,240,Administrative,True,,No location name/address matched,Approved agenda
1189,240,Consent Agenda,True,,No location name/address matched,Approved consent agenda
1190,240,Contract Approval,True,,No location name/address matched,"Approved Special Magistrate Services Agreement Between the Village of Estero and Patrick Neale, Esq"
1191,240,Contract Approval,True,,No location name/address matched,"Approved the Agreement Between the Village of Estero and the Estero Forever Foundation for Management of the Happehatchee Complex, and to authorize the Village Manager to execute the agreement"
1192,240,Contract Approval,True,,No location name/address matched,Approved the Interlocal Agreement between the Village and County for acquisition of County Park land
1195,240,Contract Approval,True,,No location name/address matched,"Approved Contract Number 240004 GMP Addendum No. 01 with the adjustment of removing the sidewalk and making it mulch at a savings of $500,0"
1197,240,Ordinance,True,Comprehensive Plan; Comprehensive Plan / Land Development Code,No location name/address matched,Approved Ordinance No. 2024
1198,241,Administrative,True,,No location name/address matched,Approved agenda with the addition of Workshop item regarding Sports Center
1199,241,Consent Agenda,True,,No location name/address matched,Approved consent agenda
1200,241,Resolution,False,,No location name/address matched,Tabled Resolution No. 2024
1201,241,Resolution,True,Budget / Capital Improvement,No location name/address matched,"Adopted Resolution No. 2024-22 with the change to the fund balance carry-over for the driving range funds of $21,5"
1203,241,Contract Approval,False,,No location name/address matched,Authorize the Village Manager to execute the Federally Funded Subaward and Grant Agreement for Hurricane Milton between the Village of Estero and the State of Florida
1204,241,Ordinance,True,,No location name/address matched,Approved Ordinance No. 2024
1205,242,Administrative,True,,No location name/address matched,"Approved agenda. Final Action Agenda/Minutes are supplemented by audio and video recordings of the meetings, as well as transcripts. Video recordings of Village Council meetings from June 8, 2016, forward, as well as agendas, staff reports, resolutions, ordinances, and other documents related to the meetings can be viewed online at https://estero-fl.gov/agendas/ at the corresponding meeting date"
1206,242,Consent Agenda,True,,No location name/address matched,Approved consent agenda
1207,242,Vote,True,,No location name/address matched,Approved the final Sports Park Master Plan
1208,242,Vote,True,,No location name/address matched,Approved motion to accept the Standard & Poor's General Obligation Bond Rating for the Village of Estero
1209,242,Ordinance,True,,No location name/address matched,Approved motion to table the first reading as documents are not in final form
1210,242,Contract Approval,True,,No location name/address matched,"Approved motion to authorize the Village Manager to execute a settlement agreement to resolve the current litigation cases entitled Wyrofsky, et al. v. Village of Estero, et al., to the extent the settlement terms do not require the payment of Village funds or significant deviations from the previously-approved project terms"
1211,243,Administrative,True,,No location name/address matched,Approved agenda
1212,243,Consent Agenda,True,,No location name/address matched,Approved consent agenda
1213,243,Ordinance,True,Comprehensive Plan; Comprehensive Plan / Land Development Code,No location name/address matched,Approved Ordinance No. 2023
1214,243,Vote,True,,No location name/address matched,"Approved motion to support and encourage the applicant, Mark Novitski, to represent Village of Estero at the Lee County MPO Citizen Advisory Committee Application (CAC)"
1215,243,Contract Approval,True,,No location name/address matched,"Approved Construction Manager At Risk agreement between Village of Estero and Wright Construction Group, Inc. and to authorize the Village Manager to execute the agreement and any related documents or amendments as may be necessary, except for the Guaranteed Maximum Price amendment, which will be approved by Council, at a later date"
1217,244,Administrative,True,,No location name/address matched,Approved agenda
1218,245,Administrative,True,,No location name/address matched,Approved agenda
1219,245,Consent Agenda,True,,No location name/address matched,Approved consent agenda
1220,245,Contract Approval,True,,No location name/address matched,"Approved award of Task Authorization 14 to Contract EC 2022-38 to Johnson Engineering to provide water monitoring services for The Village of Estero for $193,411, approve a $19,000 contingency for additional services that may be required to complete the project, and authorize the Village Manager to sign the STA and other additional implementing documents within the scope of the STA on behalf of the Village of Estero Council"
1221,245,Ordinance,True,,No location name/address matched,"Passed first reading and schedule second reading for February 5, 2025 and the applicant will provide us with additional information"
1222,245,Ordinance,True,,No location name/address matched,"Passed first reading and schedule second reading for January 22, 20"
1223,246,Administrative,True,,No location name/address matched,Approved agenda
1224,246,Consent Agenda,True,,No location name/address matched,Approved consent agenda
1225,246,Vote,True,,No location name/address matched,Approved the Alternate Master Plan
1226,246,Ordinance,True,,No location name/address matched,Adopted Ordinance No. 2025
1227,247,Administrative,True,,No location name/address matched,"Approved agenda with the deletion of 6 (b). Final Action Agenda/Minutes are supplemented by audio and video recordings of the meetings, as well as transcripts. Video recordings of Village Council meetings from June 8, 2016, forward, as well as agendas, staff reports, resolutions, ordinances, and other documents related to the meetings can be viewed online at https://estero-fl.gov/agendas/ at the corresponding meeting date"
1228,247,Consent Agenda,True,,No location name/address matched,Approved consent agenda
1229,247,Resolution,True,,No location name/address matched,Approved Resolution No. 2025-01 to reappoint two
1230,247,Ordinance,True,,No location name/address matched,Adopted Ordinance No. 2024-14 with staff revisions
1231,248,Administrative,True,,No location name/address matched,Approved agenda
1232,248,Consent Agenda,True,,No location name/address matched,Approved consent agenda
1233,248,Resolution,True,,No location name/address matched,Adopted Resolution No. 2025
1236,249,Unknown,False,,No location name/address matched,"Elected Vice Mayor Ribble as Mayor. Village Council Minutes - March 19, 2025 Page 1 of8"
1237,250,Administrative,True,,No location name/address matched,Approved agenda
1238,250,Consent Agenda,True,,No location name/address matched,Approved consent agenda
1239,250,Resolution,True,,No location name/address matched,Adopted Resolution No. 2025
1240,250,Vote,True,,No location name/address matched,Adopted the First Amendment
1241,250,Vote,True,,No location name/address matched,"Authorized a deeper solicitation process to search for additional, complimentary sports, entertainment and recreational partners within the Village Center Hub"
1242,250,Contract Approval,True,,No location name/address matched,Approved award of Contract EC 2022-33 Change Order 01 to RWA Engineering to provide additional professional services to update design changes
1244,250,Ordinance,True,,No location name/address matched,"Approved Ordinance No. 2025-03 on First Reading and schedule Second Reading for April 16, 20"
1245,251,Administrative,True,,No location name/address matched,Approved agenda
1246,251,Consent Agenda,True,,No location name/address matched,Approved consent agenda
1247,251,Contract Approval,True,,No location name/address matched,"Approved award of Contract 25028 with APTIM to prepare the Village of Estero Vulnerability Assessment for $425,500, approve a $42,000 contingency for additional services that may be required to complete the project, and authorize the Village Manager to sign the contract and other additional implementing documents within the scope of the contract on behalf of the Village of Estero Council"
1248,251,Vote,True,,No location name/address matched,"Approved Progress Report on Local Mitigation Strategy for inclusion in the Village's recertification to the Insurance Services Office (ISO), Verisk Analytics"
1249,251,Contract Approval,True,,No location name/address matched,"Approved award of Contract 25029 with Suffolk Construction to provide construction manager as risk services for the Estero SportsPark, approve pre-construction services as described in the contract for $4,743,487, approve a $470,000 contingency for additional services that may be required to complete preconstruction services, and authorize the Village Manager to sign the contract and other additional implementing documents within the scope of the contract on behalf of the Village of Estero Council, except for Guaranteed Maximum Price Amendments, which will be approved by Village Council, at a later date"
1250,251,Vote,True,,No location name/address matched,"Approved awards of landscaping, mowing and irrigation services for Village roadways for Mainscape, Inc., in an amount not to exceed $1,432,600 annually, and to P & T Lawn & Tractor, for an amount not to exceed $581,107 annually"
1251,251,Ordinance,True,,No location name/address matched,Approved Ordinance No. 2025
1252,252,Administrative,True,,No location name/address matched,Approved agenda
1253,252,Consent Agenda,True,,No location name/address matched,Approved consent agenda
1254,252,Vote,True,Comprehensive Plan; Comprehensive Plan / Land Development Code,No location name/address matched,Approved sending notification letter and affidavit signed by Mayor to Florida Department of Commerce
1255,252,Contract Approval,True,,No location name/address matched,"Approved the award of Contract 25035 with LandDesign, Inc. to prepare the Village of Estero Eco-Historic planning study for $430,000, approve a $43,000 contingency for additional services that may be required to complete the project, and authorize the Village Manager to sign the contract and other additional implementing documents within the scope of the contract on behalf of the Village of Estero Council"
1256,252,Vote,True,,No location name/address matched,"Approved the award of landscaping, mowing and irrigation services for Village roadways for P & T Lawn & Tractor, for an amount not to exceed $2,896,517.52 annually, approve a $200,000 Contingency for additional services that may be required to complete the project, and authorize the Village Manager to sign the purchase order and other additional implementing documents on behalf of the Village of Estero Council"
1258,252,Contract Approval,True,,No location name/address matched,"Approved GMP Addendum 2 for contract EC 2024 - 12 CMAR for Wright Construction to complete the site work and utility installation for the Estero Entertainment Campus for $ 9,536,910 and authorize the Village Manager to sign the contract and other additional implementation documents within the scope of the GMP addendum on behalf of the Village of Estero Council"
1259,253,Administrative,True,,No location name/address matched,Approved agenda
1260,253,Consent Agenda,True,,No location name/address matched,Approved consent agenda
1261,253,Resolution,True,,No location name/address matched,Adopted Resolution No. 2025
1264,253,Vote,True,,No location name/address matched,Adopted the Second Amendment
1267,254,Administrative,True,,No location name/address matched,"Approved agenda. Final Action Agenda/Minutes are supplemented by audio and video recordings of the meetings, as well as transcripts. Video recordings of Village Council meetings from June 8, 2016, forward, as well as agendas, staff reports, resolutions, ordinances, and other documents related to the meetings can be viewed online at https://estero-fl.gov/agendas/ at the corresponding meeting date"
1268,254,Consent Agenda,True,,No location name/address matched,Approved consent agenda
1269,254,Ordinance,True,Budget / Capital Improvement,No location name/address matched,"Passed first reading of Ordinance No. 2025-05 and set second reading for June 18, 20"
1270,254,Ordinance,True,Comprehensive Plan; Comprehensive Plan / Land Development Code,No location name/address matched,"Passed first reading of Ordinance No. 2025-04 and set second reading for July 2, 20"
1272,254,Ordinance,True,,No location name/address matched,"Passed first reading of Ordinance No. 2025-08 and Set Public Hearing and Second Reading for June 18, 20"
1274,255,Administrative,True,,No location name/address matched,Approved agenda
1275,255,Consent Agenda,True,,No location name/address matched,Approved consent agenda
1276,255,Vote,True,,No location name/address matched,Approved Comprehensive Annual Financial Report
1277,255,Contract Approval,True,,No location name/address matched,"Approved the award of Request for Proposal 101225, Disaster Debris Monitoring Services for the Village of Estero to the highest scoring proposal, Rostan Solutions, LLC. to provide on-call disaster debris monitoring services as provided in the contract for a one-year period, at the rates submitted on their proposal, authorize the Village Manager to execute contract documents on behalf of the Village of Estero Council and grant the Village Manager the authority to renegotiate and execute the renewal of this contract for three"
1279,255,Contract Approval,True,,No location name/address matched,"Approved the service agreement between the Village of Estero and Kemper Sports Management LLC for a total contract amount of $215,580 and authorize the Village Manager to sign the contract and other additional implementation documents on behalf of the Village of Estero Council"
1280,255,Ordinance,True,Budget / Capital Improvement,No location name/address matched,Approved Ordinance No. 2025
1282,256,Administrative,True,,No location name/address matched,Approved agenda
1283,256,Consent Agenda,True,,No location name/address matched,Approved consent agenda
1284,256,Resolution,True,Budget / Capital Improvement,No location name/address matched,Adopted Resolution No. 2025
1285,256,Contract Approval,True,,No location name/address matched,"Approved the scoring ranking and award a mutually agreeable contract to the top scoring firm which is Synovous Bank to provide banking services for the Village. Should negotiations fail with the top scoring firm, authorize negotiations to begin with the second scoring firm and award a mutually agreeable contract and so on, and authorize the Village Manager to sign a contract and any other additional implementation documents within the scope of the contract on behalf of the Village of Estero Council and begin implementation of Banking Services to the awarded bank"
1288,256,Vote,True,,No location name/address matched,"Approved Supplemental Task Order with Hagerty Consulting, Inc. to assist the Village in HMGP Program Management Support and authorize Village Manager or delegate staff to execute a task order"
1289,256,Contract Approval,True,,No location name/address matched,"Approved the contract amendment with Chris-Tel Construction, in addition to a5% owner's contingency for the amount of $2,224,726.00 and authorize the Village Manger to sign the contract and other additional implementation documents on behalf of the Village of Estero Council"
1291,256,Ordinance,True,Comprehensive Plan; Comprehensive Plan / Land Development Code,No location name/address matched,"Passed first reading of Ordinance No. 2025-09 and set second reading and public hearing for September 10, 20"
1292,256,Ordinance,True,Comprehensive Plan; Comprehensive Plan / Land Development Code,No location name/address matched,Approved Ordinance No. 2025
1294,257,Resolution,True,Budget / Capital Improvement,No location name/address matched,Adopted Resolution No. 2025
1295,257,Administrative,True,,No location name/address matched,Approved agenda
1296,257,Consent Agenda,True,,No location name/address matched,Approved consent agenda
1297,257,Resolution,True,,No location name/address matched,Adopted Resolution No. 2025-13 and following adoption Motion to appoint the ASC members
1298,257,Contract Approval,True,,No location name/address matched,Approved Agreement for Tourist Development Tax Funding FY 2025-20
1299,257,Contract Approval,True,,No location name/address matched,Approved agreement between Village of Estero and the Estero Forever Foundation for Happehatchee Complex property management activities
1300,257,Vote,True,,No location name/address matched,Approved the renewal of Forerunner floodplain management software for a period of two years 10/1/2025 through 9/30/20
1301,257,Ordinance,True,Comprehensive Plan; Comprehensive Plan / Land Development Code,No location name/address matched,Approved Ordinance No. 2025
1302,258,Resolution,True,Budget / Capital Improvement,No location name/address matched,Adopted Resolution No. 2025
1303,258,Administrative,True,,No location name/address matched,Approved agenda
1304,258,Consent Agenda,True,,No location name/address matched,Approved consent agenda
1306,258,Ordinance,True,Budget / Capital Improvement,No location name/address matched,"Passed first reading of Ordinance No. 2025-10 and set second reading for October 1, 20"
1307,259,Administrative,True,,No location name/address matched,Approved agenda
1308,259,Consent Agenda,True,,No location name/address matched,Approved consent agenda
1309,259,Contract Approval,True,Septic to Sewer,No location name/address matched,"Approved the Florida DEP Standard Grant Agreement for the Estero Orange Park Utility Extension Project (Agreement Number L0188), and to authorize the Village Manager or designee to execute all related documents"
1310,259,Contract Approval,True,,No location name/address matched,"Approved the Florida DEP Standard Grant Agreement for the Estero Broadway Avenue East Phase 1 project (Agreement Number L0187), and to authorize the Village Manager or designee to execute all related documents"
1311,259,Contract Approval,True,,No location name/address matched,"Approved Third Amendment to the Public Improvement Agreement between the Village and High 5 Up Top, LLC"
1312,259,Ordinance,True,,No location name/address matched,"Adopted Ordinance No. 2025-11 on first reading and schedule 2nd reading on October 15, 20"
1313,259,Ordinance,True,,No location name/address matched,"Adopted Ordinance No. 2025-12 on first reading and schedule 2nd reading on October 15, 20"
1314,259,Ordinance,True,Budget / Capital Improvement,No location name/address matched,Approved Ordinance No. 2025
1315,260,Administrative,True,,No location name/address matched,Approved agenda
1316,260,Consent Agenda,True,,No location name/address matched,Approved consent agenda
1318,260,Contract Approval,True,,No location name/address matched,Approved Change Order No. 2 to Contract EC 2020-37 STA 1 and authorize the Village Manager to sign the Change Order No. 2 and other additional implementing documents within the scope of the contract on behalf of the Village of Estero Council
1319,260,Ordinance,True,,No location name/address matched,Adopted Ordinance No. 2025
1320,261,Administrative,True,,No location name/address matched,Approved agenda
1321,261,Consent Agenda,True,,No location name/address matched,Approved consent agenda
1324,261,Ordinance,True,Comprehensive Plan; Comprehensive Plan / Land Development Code,No location name/address matched,"Adopted Ordinance No. 2025-14 on first reading and setting second reading and public hearing for November 19, 20"
1325,262,Administrative,True,,No location name/address matched,Approved agenda with the deletion of item 13b
1326,262,Consent Agenda,True,,No location name/address matched,Approved consent agenda
1327,262,Contract Approval,True,,No location name/address matched,"Approved the scoring ranking and award a mutually agreeable contract to the top scoring firm which is CBIZ CPAs P.C. to provide audit services for the Village. Should negotiations fail with the top scoring firm, authorize negotiations to begin with the second scoring firm and award a mutually agreeable contract and authorize the Village Manager to sign a contract and any other additional implementation documents within the scope of the contract on behalf of the Village of Estero Council and begin implementation of Audit Services to the awarded firm"
1328,262,Resolution,True,Budget / Capital Improvement,No location name/address matched,Adopted Resolution No. 2025
1329,262,Ordinance,True,,No location name/address matched,"Adopted Ordinance No. 2025-13 on first reading and schedule 2nd reading on December 3, 20"
1330,262,Ordinance,True,,No location name/address matched,Approved Ordinance No. 2025
1331,262,Ordinance,True,Comprehensive Plan; Comprehensive Plan / Land Development Code,No location name/address matched,Adopted Ordinance No. 2025
1332,263,Administrative,True,,No location name/address matched,Approved agenda
1333,263,Consent Agenda,True,,No location name/address matched,Approved consent agenda
1334,263,Resolution,True,,No location name/address matched,Adopted Resolution No. 2025
1337,263,Ordinance,True,,No location name/address matched,"Adopted Ordinance No. 2025-16 on first reading and to schedule a second reading and public hearing for December 17, 2025"
1338,263,Ordinance,True,,No location name/address matched,Adopted Ordinance No. 2025
1339,264,Administrative,True,,No location name/address matched,"Approved agenda with adding a discussion about the Village Council Meeting on January 7, 2026 during agenda item"
1340,264,Consent Agenda,True,,No location name/address matched,Approved consent agenda
1341,264,Contract Approval,True,,No location name/address matched,"Approved award of Contract EC 2022-38 Task Authorization 15 to Johnson Engineering to provide water monitoring services for The Village of Estero for $199,560, approve a $19,000 contingency for additional services that may be required to complete the project, and authorize the Village Manager to sign the STA and other additional implementing documents within the scope of the STA on behalf of the Village of Estero Council"
1345,264,Contract Approval,True,,No location name/address matched,"Authorized the Village Manager to execute GMP Addendum #1 for contract 25029 for Suffolk Construction to complete Phase 1 site work, infrastructure, and road network for the Village Hub in the amount of $19,517,575 upon the Manager's determination that the exceptions, qualifications and assumptions submitted by Suffolk are acceptable and may be incorporated into the GMP Addendum and authorize the Village Manager to execute all other documents related to proceeding with construction under the approved GMP Addendum"
1347,264,Ordinance,True,Comprehensive Plan; Comprehensive Plan / Land Development Code,No location name/address matched,"Adopted Ordinance No. 2025-17 on first reading and to schedule a second reading and public hearing for January 21, 20"
1348,264,Ordinance,True,,No location name/address matched,Adopted Ordinance No. 2025
1349,264,No Action,False,,No location name/address matched,"Cancelled January 7, 2026 Village Council Meeting"
1350,265,No Action,False,,No location name/address matched,Meeting Cancelled
1351,266,No Action,False,,No location name/address matched,Meeting Cancelled
1352,267,No Action,False,,No location name/address matched,Meeting Cancelled
1353,268,No Action,False,,No location name/address matched,Meeting Cancelled
1354,269,No Action,False,,No location name/address matched,Meeting Cancelled
1355,270,No Action,False,,No location name/address matched,Meeting Cancelled
1356,271,Administrative,True,,No location name/address matched,"Approved agenda with combining 4a into 8a, 8b, and 8c"
1357,271,Consent Agenda,True,,No location name/address matched,Approved the Consent Agenda
1358,271,Resolution,True,,No location name/address matched,Adopted Resolution No. 2023-09
1361,271,Contract Approval,True,,No location name/address matched,"Approved the revised Hagerty Consulting, Inc. contract and authorize the Village Manager to execute the contract document on behalf of the Village of Estero Council. Grant the Village Manager the authority to renegotiate and execute the renewal of this contract for four additional one-year terms under the same terms and conditions, if doing so is in the best interest of the Village of Estero"
1362,272,Administrative,True,,No location name/address matched,Approved agenda with the deletion of 12(b) from the agenda
1363,272,Consent Agenda,True,,No location name/address matched,Approved the Consent Agenda
1364,272,Contract Approval,True,,No location name/address matched,"Approved the Agreement for Sale of Mitigation Bank Credits with Corkscrew Mitigation, LLC for 0.83 credits at a cost of $157,700, and authorize the Village Manager to sign the agreement and other additional implementing documents within the scope of the agreement on behalf of the Village of Estero Council"
1365,272,Ordinance,True,,No location name/address matched,Passed second reading of Ordinance No. 2023-05
1366,273,Administrative,True,,No location name/address matched,Approved agenda
1367,273,Consent Agenda,True,,No location name/address matched,Approved the Consent Agenda
1368,273,Contract Approval,True,,No location name/address matched,"Approved the Vieste, LLC Agreement"
1369,273,Contract Approval,True,,No location name/address matched,"Approved Village Staff's recommendation to select two firms, Hagerty Consulting and Anser Advisory Consulting, LLC to provide Grant Management Services to the Village of Estero, authorize the Village Manager to execute the attached contracts with Hagerty Consulting and Anser Advisory Consulting, LLC. to provide professional Grant Management Services for a one-year period at the rates listed in the contracts, and authorize the Village Manager to renegotiate and execute the renewal of this contract for four additional one-year terms under the same terms and conditions, if doing so is in the best interest of the Village of Estero"
1370,273,Contract Approval,True,,No location name/address matched,"Approved Supplemental Staffing Contract with RVi and Supplemental Task Authorization No. 01 to the Contract for Landscape Maintenance Inspections Services for $60,000, approve a $6,000 contingency (10%) for additional services that may be required to complete the project, and authorize the Village Manager to sign the Contract, STA, and other additional implementing documents within the scope of the Contract and STA on behalf of the Village of Estero Council"
1371,273,Ordinance,True,,No location name/address matched,"Passed First Reading of Ordinance 2023-04 and set Public Hearing and Second Reading for June 21, 2023"
1372,273,Resolution,False,Budget / Capital Improvement,No location name/address matched,"Moved Capital Improvement Hearing and Resolution 2023-11 on to second public hearing on June 21, 2023"
1373,274,Administrative,True,,No location name/address matched,Approved agenda
1374,274,Consent Agenda,True,,No location name/address matched,Approved the Consent Agenda
1375,274,Vote,True,,No location name/address matched,Approved Plat
1376,274,Contract Approval,True,,No location name/address matched,"Approved STA 02 to Contract EC 2022-29 with Weston & Sampson to design and permit the extension of utilities to Cypress Park Circle for $311,650, approve a $31,000 contingency (10%) for additional services that may be required to complete the project, and authorize the Village Manager to sign the STA and other additional implementing documents within the scope of the STA on behalf of the Village of Estero Council"
1379,275,Administrative,True,,No location name/address matched,Approved agenda with moving 7 (a) to the start of the meeting and 6 (h)to follow
1380,275,Consent Agenda,True,,No location name/address matched,Approved the Consent Agenda
1381,275,Ordinance,True,,No location name/address matched,Approved Ordinance No. 2023-06 with the Council revisions
1382,275,Contract Approval,True,,No location name/address matched,"Approved the terms set forth in the Chicken N Pickle and High 5 term sheets dated July 5th, 2023, and to authorize the Village Manager to proceed with negotiating a final Public Private Partnership Agreement and related CAM and lease agreements with each company based on these terms"
1383,275,Resolution,True,,No location name/address matched,Adopted Resolution No. 2023-12
1384,275,Vote,True,,No location name/address matched,Approved Comprehensive Annual Financial Report
1385,275,Contract Approval,True,,No location name/address matched,"Approved award of Supplemental Task Authorization 06 to Contract EC 2022-38 to Johnson Engineering to provide water monitoring services for The Village of Estero for $146,340, approve a $14,600 contingency for additional services that may be required to complete the project and authorize the Village Manager to sign the STA and other additional implementing documents within the scope of the STA on behalf of the Village of Estero Council"
1387,275,Contract Approval,True,,No location name/address matched,"Approved the STA 1 to Contract 2022-32 with Tetra Tech, Inc. for the pre"
