ProjectName,Board,MeetingFormat,MeetingType,MeetingDate,ArcGIS_Date,MeetingYear,Status,AgendaItemID,AgendaItemNumber,AgendaItemType,LandUseCategory,ProjectTitle,Summary,ActionTaken,Outcome,MotionText,ProposedBy,SecondedBy,VoteResult,ApplicantName,ApplicationID,District,LocationName,Location,Latitude,Longitude,GeocodeConfidence,StaffCode,Filename,Document_Link,RecordType
Broadway Avenue Utility Extension,Village Council,Regular Meeting,Village Council,2025-12-17,2025-12-17,2025,Cancelled,1346,8,Ordinance,residential,"First Reading of Zoning Ordinance No. 2025-15, 4741 Broadway Avenue West rezoning An Ordinance of the Village Council of the Village of Estero, Florida, Approving with Conditions a Rezoning from Agriculture (AG) to Residential Single Family (RSF)...","First Reading of Zoning Ordinance No. 2025-15, 4741 Broadway Avenue West rezoning An Ordinance of the Village Council of the Village of Estero, Florida, Approving with Conditions a Rezoning from Agriculture (AG) to Residential Single Family (RSF) For A0.3. Action: Passed first reading of Ordinance No. 2025-15 and set second reading and public hearing for January 21, 20","Passed first reading of Ordinance No. 2025-15 and set second reading and public hearing for January 21, 20","Passed first reading of Ordinance No. 2025-15 and set second reading and public hearing for January 21, 20","Passed first reading of Ordinance No. 2025-15 and set second reading and public hearing for January 21, 20",,,Detected,,Ordinance No. 2025-15,,4741 Broadway Avenue,"4741 Broadway Avenue, Estero, FL",26.441434871611,-81.833425612111,0.995,TD/CS,12172025.pdf,https://estero-fl.gov/wp-content/uploads/library-ada/minutes/2025%20Minutes/Council/12172025.pdf,AgendaItemLocation
Broadway Avenue Utility Extension,Village Council,Regular Meeting,Village Council,2025-12-17,2025-12-17,2025,Cancelled,1344,6,Contract Approval,infrastructure,Broadway Ave. West Safety and Drainage Improvements - Design & Permitting Contract,"Broadway Ave. West Safety and Drainage Improvements - Design & Permitting Contract. Action: Approved award of Contract 26010 to CW3 Engineering to provide design and permitting services for the Broadway Ave West Safety & Drainage Improvements project for $1,638,631.42, approve a $163,000 contingency for additional services that may be required to complete the project, and authorize the Village Manager to sign the contract and other additional implementing documents within the scope of the con...","Approved award of Contract 26010 to CW3 Engineering to provide design and permitting services for the Broadway Ave West Safety & Drainage Improvements project for $1,638,631.42, approve a $163,000 contingency for additional services that may be required to complete the project, and authorize the Village Manager to sign the contract and other additional implementing documents within the scope of the contract on behalf of the Village of Estero Council","Approved award of Contract 26010 to CW3 Engineering to provide design and permitting services for the Broadway Ave West Safety & Drainage Improvements project for $1,638,631.42, approve a $163,000 contingency for additional services that may be required to complete the project, and authorize the Village Manager to sign the contract and other additional implementing documents within the scope of the contract on behalf of the Village of Estero Council","Approved award of Contract 26010 to CW3 Engineering to provide design and permitting services for the Broadway Ave West Safety & Drainage Improvements project for $1,638,631.42, approve a $163,000 contingency for additional services that may be required to complete the project, and authorize the Village Manager to sign the contract and other additional implementing documents within the scope of the contract on behalf of the Village of Estero Council",,,Detected,,,,"Broadway Avenue West from US 41 to Pine Tree Lane, Estero, FL","Broadway Avenue West from US 41 to Pine Tree Lane, Estero, FL",26.441876807456,-81.822814751334,0.95,TD/CS,12172025.pdf,https://estero-fl.gov/wp-content/uploads/library-ada/minutes/2025%20Minutes/Council/12172025.pdf,AgendaItemLocation
Septic to Sewer,Village Council,Regular Meeting,Village Council,2025-12-17,2025-12-17,2025,Cancelled,1343,5,Vote,infrastructure,Cypress Bend Utility Extension Project Funding,"Cypress Bend Utility Extension Project Funding. Action: Approved the Village of Estero providing $557,681.00 towards the design, permitting and construction of the Cypress Bend UEP. This equals 25% of the project cost","Approved the Village of Estero providing $557,681.00 towards the design, permitting and construction of the Cypress Bend UEP. This equals 25% of the project cost","Approved the Village of Estero providing $557,681.00 towards the design, permitting and construction of the Cypress Bend UEP. This equals 25% of the project cost","Approved the Village of Estero providing $557,681.00 towards the design, permitting and construction of the Cypress Bend UEP. This equals 25% of the project cost",,,Detected,,,,Cypress Bend Septic Area,"Cypress Bend, Estero, FL",26.4469,-81.8116,0.9,TD/CS,12172025.pdf,https://estero-fl.gov/wp-content/uploads/library-ada/minutes/2025%20Minutes/Council/12172025.pdf,AgendaItemLocation
Septic to Sewer,Village Council,Regular Meeting,Village Council,2025-12-17,2025-12-17,2025,Cancelled,1342,4,Vote,infrastructure,Sunny Grove Utility Extension Project Funding,"Sunny Grove Utility Extension Project Funding. Action: Approved the Village of Estero providing $726,777 towards the design, permitting and construction of the Sunny Grove UEP. This equals 25% of the project cost","Approved the Village of Estero providing $726,777 towards the design, permitting and construction of the Sunny Grove UEP. This equals 25% of the project cost","Approved the Village of Estero providing $726,777 towards the design, permitting and construction of the Sunny Grove UEP. This equals 25% of the project cost","Approved the Village of Estero providing $726,777 towards the design, permitting and construction of the Sunny Grove UEP. This equals 25% of the project cost",,,Detected,,,,Sunny Grove Septic Area,"Sunny Grove, Estero, FL",26.4376,-81.8128,0.9,TD/CS,12172025.pdf,https://estero-fl.gov/wp-content/uploads/library-ada/minutes/2025%20Minutes/Council/12172025.pdf,AgendaItemLocation
Septic to Sewer,Village Council,Regular Meeting,Village Council,2025-12-03,2025-12-03,2025,Accepted,1336,5,Resolution,infrastructure,"Resolution No. 2025-25 providing notice of intent to establish non-ad valorem assessment for package plant to central sewer system project for Cypress Bend RV Resort. A Resolution of the Village Council of the Village of Estero, Florida, Providing...","Resolution No. 2025-25 providing notice of intent to establish non-ad valorem assessment for package plant to central sewer system project for Cypress Bend RV Resort. A Resolution of the Village Council of the Village of Estero, Florida, Providing Notice . Action: Adopted Resolution No. 2025-25 and authorize the Village Manager to execute the related Interlocal Agreement with the Lee County Property Appraiser to administer the assessment process",Adopted Resolution No. 2025-25 and authorize the Village Manager to execute the related Interlocal Agreement with the Lee County Property Appraiser to administer the assessment process,Adopted Resolution No. 2025-25 and authorize the Village Manager to execute the related Interlocal Agreement with the Lee County Property Appraiser to administer the assessment process,Adopted Resolution No. 2025-25 and authorize the Village Manager to execute the related Interlocal Agreement with the Lee County Property Appraiser to administer the assessment process,,,Detected,,Resolution No. 2025-25,,Cypress Bend Septic Area,"Cypress Bend, Estero, FL",26.4469,-81.8116,0.9,TD/CS,12032025.pdf,https://estero-fl.gov/wp-content/uploads/library-ada/minutes/2025%20Minutes/Council/12032025.pdf,AgendaItemLocation
Septic to Sewer,Village Council,Regular Meeting,Village Council,2025-12-03,2025-12-03,2025,Accepted,1335,4,Resolution,infrastructure,"Resolution No. 2025-24 providing notice of intent to establish non-ad valorem assessment for package plant to central sewer system project for Sunny Grove Park, Inc. A Resolution of the Village Council of the Village of Estero, Florida, Providing...","Resolution No. 2025-24 providing notice of intent to establish non-ad valorem assessment for package plant to central sewer system project for Sunny Grove Park, Inc. A Resolution of the Village Council of the Village of Estero, Florida, Providing Notice o. Action: Adopted Resolution No 2025-24 and authorize the Village Manager to execute the related Interlocal Agreement with the Lee County Property Appraiser to administer the assessment process",Adopted Resolution No 2025-24 and authorize the Village Manager to execute the related Interlocal Agreement with the Lee County Property Appraiser to administer the assessment process,Adopted Resolution No 2025-24 and authorize the Village Manager to execute the related Interlocal Agreement with the Lee County Property Appraiser to administer the assessment process,Adopted Resolution No 2025-24 and authorize the Village Manager to execute the related Interlocal Agreement with the Lee County Property Appraiser to administer the assessment process,,,Detected,,Resolution No. 2025-24,,Sunny Grove Septic Area,"Sunny Grove, Estero, FL",26.4376,-81.8128,0.9,TD/CS,12032025.pdf,https://estero-fl.gov/wp-content/uploads/library-ada/minutes/2025%20Minutes/Council/12032025.pdf,AgendaItemLocation
"Discount Tire - Development Order (DOS2025-E002) (District 4) 10411 Corkscrew Commons Drive, a vacant 1-acre site located in Estero Interstate Commerce Park, fronting Corkscrew Road and between Rib City and Mr. Tequila. The applicant seeks to cons...",Planning Zoning & Design Board,Regular Meeting,Planning Zoning & Design Board,2025-11-18,2025-11-18,2025,Accepted,124,3,Vote,open_space,"Discount Tire - Development Order (DOS2025-E002) (District 4) 10411 Corkscrew Commons Drive, a vacant 1-acre site located in Estero Interstate Commerce Park, fronting Corkscrew Road and between Rib City and Mr. Tequila. The applicant seeks to cons...","Discount Tire - Development Order (DOS2025-E002) (District 4) 10411 Corkscrew Commons Drive, a vacant 1-acre site located in Estero Interstate Commerce Park, fronting Corkscrew Road and between Rib City and Mr. Tequila. The applicant seeks to construct a7. Action: Approved the Development Order with staff stipulations and the correction of the hours of operation",Approved the Development Order with staff stipulations and the correction of the hours of operation,Approved the Development Order with staff stipulations and the correction of the hours of operation,Approved the Development Order with staff stipulations and the correction of the hours of operation,,,See minutes,,DOS2025-E002,4,"10411 Corkscrew Commons Drive, Estero, FL","10411 Corkscrew Commons Drive, Estero, FL",26.43208733128,-81.781417998383,1.0,,20251118 PZDB Minutes.pdf,https://raw.githubusercontent.com/EagleGIS-FGCU/EagleGIS/main/data/raw/pzdb/2025/20251118%20PZDB%20Minutes.pdf,AgendaItemLocation
"4741 Broadway Ave. West (Cooper Property) - Rezoning (REZ2025-E001) (District 2) A triangular 0.36-acre parcel on the south side of Broadway Avenue West, across from Riverwoods Plantation and adjacent to the Florida Power & Light Company right-of-...",Planning Zoning & Design Board,Regular Meeting,Planning Zoning & Design Board,2025-11-18,2025-11-18,2025,Accepted,123,2,Unknown,infrastructure,"4741 Broadway Ave. West (Cooper Property) - Rezoning (REZ2025-E001) (District 2) A triangular 0.36-acre parcel on the south side of Broadway Avenue West, across from Riverwoods Plantation and adjacent to the Florida Power & Light Company right-of-...","4741 Broadway Ave. West (Cooper Property) - Rezoning (REZ2025-E001) (District 2) A triangular 0.36-acre parcel on the south side of Broadway Avenue West, across from Riverwoods Plantation and adjacent to the Florida Power & Light Company right-of-way. No . Action: Recommended approval to the Village Council with staff conditions",Recommended approval to the Village Council with staff conditions,Recommended approval to the Village Council with staff conditions,,,,See minutes,,,2,"4741 Broadway Ave, Estero, FL","4741 Broadway Ave, Estero, FL",26.441434871611,-81.833425612111,0.995,,20251118 PZDB Minutes.pdf,https://raw.githubusercontent.com/EagleGIS-FGCU/EagleGIS/main/data/raw/pzdb/2025/20251118%20PZDB%20Minutes.pdf,AgendaItemLocation
"Toasted Yolk - COP Administrative Amendment (ADD2025-E007) (District 1) 22941 Lyden Drive Suite 110, located west of US 41, east of Lyden Drive and south of Vandenberg Way. The unit was formerly occupied by Zoe's Kitchen. Applicant is seeking appr...",Planning Zoning & Design Board,Regular Meeting,Planning Zoning & Design Board,2025-11-18,2025-11-18,2025,Accepted,122,1,Vote,other,"Toasted Yolk - COP Administrative Amendment (ADD2025-E007) (District 1) 22941 Lyden Drive Suite 110, located west of US 41, east of Lyden Drive and south of Vandenberg Way. The unit was formerly occupied by Zoe's Kitchen. Applicant is seeking appr...","Toasted Yolk - COP Administrative Amendment (ADD2025-E007) (District 1) 22941 Lyden Drive Suite 110, located west of US 41, east of Lyden Drive and south of Vandenberg Way. The unit was formerly occupied by Zoe's Kitchen. Applicant is seeking approval of . Action: Approved request for outdoor consumption on premises with staff conditions",Approved request for outdoor consumption on premises with staff conditions,Approved request for outdoor consumption on premises with staff conditions,Approved request for outdoor consumption on premises with staff conditions,,,See minutes,,ADD2025-E007,1,"22941 Lyden Drive, Estero, FL","22941 Lyden Drive, Estero, FL",26.403642127478,-81.811293532053,1.0,,20251118 PZDB Minutes.pdf,https://raw.githubusercontent.com/EagleGIS-FGCU/EagleGIS/main/data/raw/pzdb/2025/20251118%20PZDB%20Minutes.pdf,AgendaItemLocation
Williams Road Improvements,Village Council,Regular Meeting,Village Council,2025-11-05,2025-11-05,2025,Accepted,1323,4,Contract Approval,infrastructure,Williams Road & Atlantic Gulf Boulevard Wetland Mitigation,"Williams Road & Atlantic Gulf Boulevard Wetland Mitigation. Action: Approved the purchase of 0.14 State Freshwater Herbaceous Mitigation Credits in the amount of $16,800 from the Big Cypress Mitigation Bank (the ""Bank"") for the Williams Rd./Atlantic Gulf Blvd. intersection improvement project and authorize the Village Manager to sign the Mitigation Credit Supply Agreement with the Big Cypress Mitigation Bank and other additional implementing documents on behalf of the Village of Estero Council","Approved the purchase of 0.14 State Freshwater Herbaceous Mitigation Credits in the amount of $16,800 from the Big Cypress Mitigation Bank (the ""Bank"") for the Williams Rd./Atlantic Gulf Blvd. intersection improvement project and authorize the Village Manager to sign the Mitigation Credit Supply Agreement with the Big Cypress Mitigation Bank and other additional implementing documents on behalf of the Village of Estero Council","Approved the purchase of 0.14 State Freshwater Herbaceous Mitigation Credits in the amount of $16,800 from the Big Cypress Mitigation Bank (the ""Bank"") for the Williams Rd./Atlantic Gulf Blvd. intersection improvement project and authorize the Village Manager to sign the Mitigation Credit Supply Agreement with the Big Cypress Mitigation Bank and other additional implementing documents on behalf of the Village of Estero Council","Approved the purchase of 0.14 State Freshwater Herbaceous Mitigation Credits in the amount of $16,800 from the Big Cypress Mitigation Bank (the ""Bank"") for the Williams Rd./Atlantic Gulf Blvd. intersection improvement project and authorize the Village Manager to sign the Mitigation Credit Supply Agreement with the Big Cypress Mitigation Bank and other additional implementing documents on behalf of the Village of Estero Council",,,Detected,,,,"Williams Road & Atlantic Gulf Boulevard, Estero, FL","Williams Road & Atlantic Gulf Boulevard, Estero, FL",26.420304009887,-81.812656010414,1.0,TD/CS,11052025.pdf,https://estero-fl.gov/wp-content/uploads/library-ada/minutes/2025%20Minutes/Council/11052025.pdf,AgendaItemLocation
"Consideration of a request for a code enforcement lien mitigation from Deborah Stapleton relating to the property at 20248 Luettich Lane, Estero, FL 33928 (in the Broadway Mobile Home Village)",Village Council,Regular Meeting,Village Council,2025-11-05,2025-11-05,2025,Accepted,1322,3,Vote,other,"Consideration of a request for a code enforcement lien mitigation from Deborah Stapleton relating to the property at 20248 Luettich Lane, Estero, FL 33928 (in the Broadway Mobile Home Village)","Consideration of a request for a code enforcement lien mitigation from Deborah Stapleton relating to the property at 20248 Luettich Lane, Estero, FL 33928 (in the Broadway Mobile Home Village). Action: Approved staff recommends accepting the owner's request to release the Village's code enforcement lien against her property",Approved staff recommends accepting the owner's request to release the Village's code enforcement lien against her property,Approved staff recommends accepting the owner's request to release the Village's code enforcement lien against her property,Approved staff recommends accepting the owner's request to release the Village's code enforcement lien against her property,,,Detected,Deborah Stapleton relating to the property at 20248 Luettich Lane,,,20248 Luettich Lane,"20248 Luettich Lane, Estero, FL",26.446807000994,-81.828129841866,1.0,TD/CS,11052025.pdf,https://estero-fl.gov/wp-content/uploads/library-ada/minutes/2025%20Minutes/Council/11052025.pdf,AgendaItemLocation
State Funding Requests - 2026 Fiscal Year,Village Council,Regular Meeting,Village Council,2025-10-15,2025-10-15,2025,Accepted,1317,3,Vote,infrastructure,State Funding Requests - 2026 Fiscal Year,"State Funding Requests - 2026 Fiscal Year. Action: Approved Village Staff and the Villages Lobbyists to request state funding for the following projects and funding amounts Sunny Goves Utility Extension Project - $800,000 Estero SportsPark Reuse Water Main Extension and Storage Tank - $800,000 Estero Parkway Reuse Water Main Extension - $800,000 Williams Road and Atlantic Gulf Drive Improvements - $800,000","Approved Village Staff and the Villages Lobbyists to request state funding for the following projects and funding amounts Sunny Goves Utility Extension Project - $800,000 Estero SportsPark Reuse Water Main Extension and Storage Tank - $800,000 Estero Parkway Reuse Water Main Extension - $800,000 Williams Road and Atlantic Gulf Drive Improvements - $800,000","Approved Village Staff and the Villages Lobbyists to request state funding for the following projects and funding amounts Sunny Goves Utility Extension Project - $800,000 Estero SportsPark Reuse Water Main Extension and Storage Tank - $800,000 Estero Parkway Reuse Water Main Extension - $800,000 Williams Road and Atlantic Gulf Drive Improvements - $800,000","Approved Village Staff and the Villages Lobbyists to request state funding for the following projects and funding amounts Sunny Goves Utility Extension Project - $800,000 Estero SportsPark Reuse Water Main Extension and Storage Tank - $800,000 Estero Parkway Reuse Water Main Extension - $800,000 Williams Road and Atlantic Gulf Drive Improvements - $800,000",,,Detected,,,,"Williams Road & Atlantic Gulf Boulevard, Estero, FL","Williams Road & Atlantic Gulf Boulevard, Estero, FL",26.420304009887,-81.812656010414,1.0,TD/CS,10152025.pdf,https://estero-fl.gov/wp-content/uploads/library-ada/minutes/2025%20Minutes/Council/10152025.pdf,AgendaItemLocation
"Coconut Point Developers LLC - Developer Paint Project (District 6) (Planned Development Amendment - Pending) 23106 Fashion Drive, Coconut Point Mall is located east of US 41 and north of Coconut Road. Staff Presentation/Comments Mary Gibbs, Commu...",Planning Zoning & Design Board,Regular Meeting,Planning Zoning & Design Board,2025-10-14,2025-10-14,2025,Accepted,121,1,Public Comment,infrastructure,"Coconut Point Developers LLC - Developer Paint Project (District 6) (Planned Development Amendment - Pending) 23106 Fashion Drive, Coconut Point Mall is located east of US 41 and north of Coconut Road. Staff Presentation/Comments Mary Gibbs, Commu...","Coconut Point Developers LLC - Developer Paint Project (District 6) (Planned Development Amendment - Pending) 23106 Fashion Drive, Coconut Point Mall is located east of US 41 and north of Coconut Road. Staff Presentation/Comments Mary Gibbs, Community Dev. Action: No formal action recorded. Coconut Point Developers LLC - Developer Paint Project (District 6) (Planned Development Amendment - Pending) 23106 Fashion Drive, Coconut Point Mall is located east of US 41 and north of Coconut Road. Sta...","No formal action recorded. Coconut Point Developers LLC - Developer Paint Project (District 6) (Planned Development Amendment - Pending) 23106 Fashion Drive, Coconut Point Mall is located east of US 41 and north of Coconut Road. Staff Presentation/Comments Mary Gibbs, Community Development Director Nancy Stroud, Land Use Attorney Presentation/Information by Scott Richardson, Simon Kristin Mulkey, Bartlett, Hartley & Mulkey Architects Tracy Boland, Simon Public Comment eComments Julie Melchiore, Cascades Cindy Gleysteen, Shadow Wood In Person Kathy Sevcheck, Rapallo Rupert Foreman, Coconut Point Board Questions or Comments Board Members Jeannin, Jones, Wallace, Tatooles, Williams, Paivandy, and Vice Chairman Sheeley","No formal action recorded. Coconut Point Developers LLC - Developer Paint Project (District 6) (Planned Development Amendment - Pending) 23106 Fashion Drive, Coconut Point Mall is located east of US 41 and north of Coconut Road. Staff Presentation/Comments Mary Gibbs, Community Development Director Nancy Stroud, Land Use Attorney Presentation/Information by Scott Richardson, Simon Kristin Mulkey, Bartlett, Hartley & Mulkey Architects Tracy Boland, Simon Public Comment eComments Julie Melchiore, Cascades Cindy Gleysteen, Shadow Wood In Person Kathy Sevcheck, Rapallo Rupert Foreman, Coconut Point Board Questions or Comments Board Members Jeannin, Jones, Wallace, Tatooles, Williams, Paivandy, and Vice Chairman Sheeley",,,,,,,6,"23106 Fashion Drive, Estero, FL","23106 Fashion Drive, Estero, FL",26.404693008589,-81.807764164083,1.0,,20251014 PZDB Minutes.pdf,https://raw.githubusercontent.com/EagleGIS-FGCU/EagleGIS/main/data/raw/pzdb/2025/20251014%20PZDB%20Minutes.pdf,AgendaItemLocation
Broadway Avenue Utility Extension,Village Council,Budget Hearing,Public Hearing,2025-09-17,2025-09-17,2025,Accepted,1305,4,Vote,infrastructure,Broadway Ave. West Safety and Drainage Improvements -Request for Qualifications (RFQ) 102125,"Broadway Ave. West Safety and Drainage Improvements -Request for Qualifications (RFQ) 102125. Action: Approved the ranking of professional services firms for RFQ 102125 as recommended by the Village of Estero's Selection Committee. 1-CW3 Engineering, 2-American Structurepoint, 3-Davidson Engineering, 4- Hole Montes, 5-J.R. Evans Engineering","Approved the ranking of professional services firms for RFQ 102125 as recommended by the Village of Estero's Selection Committee. 1-CW3 Engineering, 2-American Structurepoint, 3-Davidson Engineering, 4- Hole Montes, 5-J.R. Evans Engineering","Approved the ranking of professional services firms for RFQ 102125 as recommended by the Village of Estero's Selection Committee. 1-CW3 Engineering, 2-American Structurepoint, 3-Davidson Engineering, 4- Hole Montes, 5-J.R. Evans Engineering","Approved the ranking of professional services firms for RFQ 102125 as recommended by the Village of Estero's Selection Committee. 1-CW3 Engineering, 2-American Structurepoint, 3-Davidson Engineering, 4- Hole Montes, 5-J.R. Evans Engineering",,,Detected,,RFQ 102125,,"Broadway Avenue West from US 41 to Pine Tree Lane, Estero, FL","Broadway Avenue West from US 41 to Pine Tree Lane, Estero, FL",26.441876807456,-81.822814751334,0.95,TD/CS,09172025.pdf,https://estero-fl.gov/wp-content/uploads/library-ada/minutes/2025%20Minutes/Council/09172025.pdf,AgendaItemLocation
"Coconut Trace Hotel-Tract F (DOS2025-E007) (District 1) 22910 Lyden Drive, located west of US 41 across from the Coconut Point Mall. Applicant seeks to develop a 122-room, 4-story hotel on Tract F. Rezoning action was recently approved February 5,...",Planning Zoning & Design Board,Regular Meeting,Planning Zoning & Design Board,2025-09-09,2025-09-09,2025,Accepted,119,3,Vote,commercial,"Coconut Trace Hotel-Tract F (DOS2025-E007) (District 1) 22910 Lyden Drive, located west of US 41 across from the Coconut Point Mall. Applicant seeks to develop a 122-room, 4-story hotel on Tract F. Rezoning action was recently approved February 5,...","Coconut Trace Hotel-Tract F (DOS2025-E007) (District 1) 22910 Lyden Drive, located west of US 41 across from the Coconut Point Mall. Applicant seeks to develop a 122-room, 4-story hotel on Tract F. Rezoning action was recently approved February 5, 2025, v. Action: Approved the Development Order with staff stipulations and the additional condition the applicant will install the Western perimeter wall and Western row of Sabal Palms within 120 days of commencement of the project",Approved the Development Order with staff stipulations and the additional condition the applicant will install the Western perimeter wall and Western row of Sabal Palms within 120 days of commencement of the project,Approved the Development Order with staff stipulations and the additional condition the applicant will install the Western perimeter wall and Western row of Sabal Palms within 120 days of commencement of the project,Approved the Development Order with staff stipulations and the additional condition the applicant will install the Western perimeter wall and Western row of Sabal Palms within 120 days of commencement of the project,,,See minutes,,DOS2025-E007,1,"22910 Lyden Drive, Estero, FL","22910 Lyden Drive, Estero, FL",26.406167259629,-81.812370774249,1.0,,20250909 PZDB Minutes.pdf,https://raw.githubusercontent.com/EagleGIS-FGCU/EagleGIS/main/data/raw/pzdb/2025/20250909%20PZDB%20Minutes.pdf,AgendaItemLocation
"Broadway Crossing formerly named Mayfair Village (DOS2025-E006) (District 4) 8790 Broadway East, located south of Broadway East and west of Sandy Lane and east of the Seminole Gulf Railroad right-of-way. Applicant seeks to develop 17 single-family...",Planning Zoning & Design Board,Regular Meeting,Planning Zoning & Design Board,2025-09-09,2025-09-09,2025,Accepted,118,2,Contract Approval,infrastructure,"Broadway Crossing formerly named Mayfair Village (DOS2025-E006) (District 4) 8790 Broadway East, located south of Broadway East and west of Sandy Lane and east of the Seminole Gulf Railroad right-of-way. Applicant seeks to develop 17 single-family...","Broadway Crossing formerly named Mayfair Village (DOS2025-E006) (District 4) 8790 Broadway East, located south of Broadway East and west of Sandy Lane and east of the Seminole Gulf Railroad right-of-way. Applicant seeks to develop 17 single-family units o. Action: Approved the Development Order with staff stipulations and the additional conditions the contractor will try to retain the Heritage Tree and if it dies it will have to be replaced and the Village has drainage easement over the conve...",Approved the Development Order with staff stipulations and the additional conditions the contractor will try to retain the Heritage Tree and if it dies it will have to be replaced and the Village has drainage easement over the conveyance swale that conveys off-site,Approved the Development Order with staff stipulations and the additional conditions the contractor will try to retain the Heritage Tree and if it dies it will have to be replaced and the Village has drainage easement over the conveyance swale that conveys off-site,Approved the Development Order with staff stipulations and the additional conditions the contractor will try to retain the Heritage Tree and if it dies it will have to be replaced and the Village has drainage easement over the conveyance swale that conveys off-site,,,See minutes,,DOS2025-E006,4,"8790 Broadway Avenue East, Estero, FL","8790 Broadway Avenue East, Estero, FL",26.440585868638,-81.806135895572,1.0,,20250909 PZDB Minutes.pdf,https://raw.githubusercontent.com/EagleGIS-FGCU/EagleGIS/main/data/raw/pzdb/2025/20250909%20PZDB%20Minutes.pdf,AgendaItemLocation
"Summercrest previously known as Toll Brothers Development Order (DOS2024- E008) (District 4) Applicant seeks to develop 153 townhome units, amenities, utilities and infrastructure. Plans include a public use area. No ex parte communication or conf...",Planning Zoning & Design Board,Regular Meeting,Planning Zoning & Design Board,2025-09-09,2025-09-09,2025,Accepted,117,1,Vote,residential,"Summercrest previously known as Toll Brothers Development Order (DOS2024- E008) (District 4) Applicant seeks to develop 153 townhome units, amenities, utilities and infrastructure. Plans include a public use area. No ex parte communication or conf...","Summercrest previously known as Toll Brothers Development Order (DOS2024- E008) (District 4) Applicant seeks to develop 153 townhome units, amenities, utilities and infrastructure. Plans include a public use area. No ex parte communication or conflicts of. Action: Approved the Development Order with staff stipulations",Approved the Development Order with staff stipulations,Approved the Development Order with staff stipulations,Approved the Development Order with staff stipulations,,,See minutes,,DOS2024-E008,4,"Summercrest / Estero Townhomes site, 9301 Corkscrew Road, Estero, FL","Summercrest / Estero Townhomes site, 9301 Corkscrew Road, Estero, FL",26.432264859989,-81.801155452524,1.0,,20250909 PZDB Minutes.pdf,https://raw.githubusercontent.com/EagleGIS-FGCU/EagleGIS/main/data/raw/pzdb/2025/20250909%20PZDB%20Minutes.pdf,AgendaItemLocation
"Shadow Wood C.C. Lifestyle Center (DOS2025-E004) (District 6) 22801 Oakwilde Boulevard, located in the development next to the Shadow Wood clubhouse. No ex parte communication or conflicts of interest were noted",Planning Zoning & Design Board,Regular Meeting,Planning Zoning & Design Board,2025-08-12,2025-08-12,2025,Accepted,116,1,Vote,other,"Shadow Wood C.C. Lifestyle Center (DOS2025-E004) (District 6) 22801 Oakwilde Boulevard, located in the development next to the Shadow Wood clubhouse. No ex parte communication or conflicts of interest were noted","Shadow Wood C.C. Lifestyle Center (DOS2025-E004) (District 6) 22801 Oakwilde Boulevard, located in the development next to the Shadow Wood clubhouse. No ex parte communication or conflicts of interest were noted. Action: Approved the Development Order with staff stipulations",Approved the Development Order with staff stipulations,Approved the Development Order with staff stipulations,Approved the Development Order with staff stipulations,,,See minutes,,DOS2025-E004,6,"22801 Oakwilde Boulevard, Estero, FL","22801 Oakwilde Boulevard, Estero, FL",26.40717652459,-81.789995954274,1.0,,20250812 PZDB Minutes.pdf,https://raw.githubusercontent.com/EagleGIS-FGCU/EagleGIS/main/data/raw/pzdb/2025/20250812%20PZDB%20Minutes.pdf,AgendaItemLocation
"Aldi - 11906 Newbridge Court, Development Order (DOS2025-E001) (District 5) Located east of Stoneybrook Golf Drive and south of Corkscrew Road on Newbridge Court",Planning Zoning & Design Board,Regular Meeting,Planning Zoning & Design Board,2025-07-08,2025-07-08,2025,Accepted,114,2,Vote,infrastructure,"Aldi - 11906 Newbridge Court, Development Order (DOS2025-E001) (District 5) Located east of Stoneybrook Golf Drive and south of Corkscrew Road on Newbridge Court","Aldi - 11906 Newbridge Court, Development Order (DOS2025-E001) (District 5) Located east of Stoneybrook Golf Drive and south of Corkscrew Road on Newbridge Court. Action: Approved Development Order with staff recommendations and the following conditions; applicant will work with staff to minimize the use of green screens and incorporate other architectural elements to break up the long walls and use of green screens where appropriate, and no deliveries earlier than 7 am and no later than 9 pm","Approved Development Order with staff recommendations and the following conditions; applicant will work with staff to minimize the use of green screens and incorporate other architectural elements to break up the long walls and use of green screens where appropriate, and no deliveries earlier than 7 am and no later than 9 pm","Approved Development Order with staff recommendations and the following conditions; applicant will work with staff to minimize the use of green screens and incorporate other architectural elements to break up the long walls and use of green screens where appropriate, and no deliveries earlier than 7 am and no later than 9 pm","Approved Development Order with staff recommendations and the following conditions; applicant will work with staff to minimize the use of green screens and incorporate other architectural elements to break up the long walls and use of green screens where appropriate, and no deliveries earlier than 7 am and no later than 9 pm",,,See minutes,,DOS2025-E001,5,"11906 Newbridge Court, Estero, FL","11906 Newbridge Court, Estero, FL",26.439073815215,-81.762003582791,1.0,,20250708 PZDB Minutes.pdf,https://raw.githubusercontent.com/EagleGIS-FGCU/EagleGIS/main/data/raw/pzdb/2025/20250708%20PZDB%20Minutes.pdf,AgendaItemLocation
Eagle Walk (Coastal Village) Monument Signs (LDO2025-E020) (District 6) Located north of Estero Parkway between Three Oaks Parkway and I-75. No ex parte communication or conflicts of interest were noted. Board Member Jones and Vice Chairman Sheele...,Planning Zoning & Design Board,Regular Meeting,Planning Zoning & Design Board,2025-07-08,2025-07-08,2025,Accepted,113,1,Vote,infrastructure,Eagle Walk (Coastal Village) Monument Signs (LDO2025-E020) (District 6) Located north of Estero Parkway between Three Oaks Parkway and I-75. No ex parte communication or conflicts of interest were noted. Board Member Jones and Vice Chairman Sheele...,Eagle Walk (Coastal Village) Monument Signs (LDO2025-E020) (District 6) Located north of Estero Parkway between Three Oaks Parkway and I-75. No ex parte communication or conflicts of interest were noted. Board Member Jones and Vice Chairman Sheeley disclo. Action: Approved the monument sign subject to further negotiations on the location,Approved the monument sign subject to further negotiations on the location,Approved the monument sign subject to further negotiations on the location,Approved the monument sign subject to further negotiations on the location,,,See minutes,,LDO2025-E020,6,"Estero Parkway & Three Oaks Parkway, Estero, FL","Estero Parkway & Three Oaks Parkway, Estero, FL",26.449389004358,-81.788946037082,1.0,,20250708 PZDB Minutes.pdf,https://raw.githubusercontent.com/EagleGIS-FGCU/EagleGIS/main/data/raw/pzdb/2025/20250708%20PZDB%20Minutes.pdf,AgendaItemLocation
"Continuation of Second reading of Zoning Ordinance No. 2025-02 Home2 Suites at Coconut Point An Ordinance of the Village Council of the Village of Estero, Florida, Approving with Conditions an Amendment to the Mixed Use Planned Development Zoning...",Village Council,Regular Meeting,Village Council,2025-07-02,2025-07-02,2025,Accepted,1293,12,Ordinance,mixed_use,"Continuation of Second reading of Zoning Ordinance No. 2025-02 Home2 Suites at Coconut Point An Ordinance of the Village Council of the Village of Estero, Florida, Approving with Conditions an Amendment to the Mixed Use Planned Development Zoning...","Continuation of Second reading of Zoning Ordinance No. 2025-02 Home2 Suites at Coconut Point An Ordinance of the Village Council of the Village of Estero, Florida, Approving with Conditions an Amendment to the Mixed Use Planned Development Zoning and Devi. Action: Approved Ordinance No. 2025-02 with staff recommended revision to Condition",Approved Ordinance No. 2025-02 with staff recommended revision to Condition,Approved Ordinance No. 2025-02 with staff recommended revision to Condition,Approved Ordinance No. 2025-02 with staff recommended revision to Condition,,,Detected,Conditions an Amendment,Ordinance No. 2025-02,,"Home2 Suites proposed hotel site, Coconut Point Mall, Estero, FL","Home2 Suites proposed hotel site, Coconut Point Mall, Estero, FL",26.403277778,-81.808611111,1.0,TD/CS,07022025.pdf,https://estero-fl.gov/wp-content/uploads/library-ada/minutes/2025%20Minutes/Council/07022025.pdf,AgendaItemLocation
"First Reading Ordinance No. 2025-07 Pelican Sound Zoning Amendment An Ordinance of the Village Council of the Village of Estero, Florida, Approving With Conditions an Amendment to the Residential Zoning for the River Club Area of Pelican Sound Pla...",Village Council,Regular Meeting,Village Council,2025-07-02,2025-07-02,2025,Accepted,1290,9,Ordinance,residential,"First Reading Ordinance No. 2025-07 Pelican Sound Zoning Amendment An Ordinance of the Village Council of the Village of Estero, Florida, Approving With Conditions an Amendment to the Residential Zoning for the River Club Area of Pelican Sound Pla...","First Reading Ordinance No. 2025-07 Pelican Sound Zoning Amendment An Ordinance of the Village Council of the Village of Estero, Florida, Approving With Conditions an Amendment to the Residential Zoning for the River Club Area of Pelican Sound Planned Dev. Action: Passed first reading of Ordinance No. 2025-07 and set second reading and public hearing for September 17, 2025","Passed first reading of Ordinance No. 2025-07 and set second reading and public hearing for September 17, 2025","Passed first reading of Ordinance No. 2025-07 and set second reading and public hearing for September 17, 2025","Passed first reading of Ordinance No. 2025-07 and set second reading and public hearing for September 17, 2025",,,Detected,,Ordinance No. 2025-07,,"Pelican Sound Golf & River Club, Estero, FL","Pelican Sound Golf & River Club, Estero, FL",26.4360814,-81.8298334,0.95,TD/CS,07022025.pdf,https://estero-fl.gov/wp-content/uploads/library-ada/minutes/2025%20Minutes/Council/07022025.pdf,AgendaItemLocation
Septic to Sewer,Village Council,Regular Meeting,Village Council,2025-07-02,2025-07-02,2025,Accepted,1287,6,Contract Approval,infrastructure,Utility Expansion Program Phase 1 Construction Manager at Risk Contract Guaranteed Maximum Price (GMP) Addendum 02 (Sunny Grove),"Utility Expansion Program Phase 1 Construction Manager at Risk Contract Guaranteed Maximum Price (GMP) Addendum 02 (Sunny Grove). Action: Approved Contract Number EC 2024-36 GMP Addendum 02 in the amount of $2,540,946 with Wright Construction, Inc. for the construction of the Sunny Grove Park wastewater treatment plant (WWT","Approved Contract Number EC 2024-36 GMP Addendum 02 in the amount of $2,540,946 with Wright Construction, Inc. for the construction of the Sunny Grove Park wastewater treatment plant (WWT","Approved Contract Number EC 2024-36 GMP Addendum 02 in the amount of $2,540,946 with Wright Construction, Inc. for the construction of the Sunny Grove Park wastewater treatment plant (WWT","Approved Contract Number EC 2024-36 GMP Addendum 02 in the amount of $2,540,946 with Wright Construction, Inc. for the construction of the Sunny Grove Park wastewater treatment plant (WWT",,,Detected,Wright Construction,EC 2024-36,,Sunny Grove Septic Area,"Sunny Grove, Estero, FL",26.4376,-81.8128,0.9,TD/CS,07022025.pdf,https://estero-fl.gov/wp-content/uploads/library-ada/minutes/2025%20Minutes/Council/07022025.pdf,AgendaItemLocation
Septic to Sewer,Village Council,Regular Meeting,Village Council,2025-07-02,2025-07-02,2025,Accepted,1286,5,Contract Approval,infrastructure,Utility Expansion Program Phase 1 Construction Manager at Risk Contract Guaranteed Maximum Price (GMP) Addendum 01 (Cypress Bend),"Utility Expansion Program Phase 1 Construction Manager at Risk Contract Guaranteed Maximum Price (GMP) Addendum 01 (Cypress Bend). Action: Approved Contract Number EC 2024-36 GMP Addendum 01 in the amount of $2,120,269 with Wright Construction Group, Inc. for the construction of the Cypress Bend RV Resort wastewater treatment plant (WWT","Approved Contract Number EC 2024-36 GMP Addendum 01 in the amount of $2,120,269 with Wright Construction Group, Inc. for the construction of the Cypress Bend RV Resort wastewater treatment plant (WWT","Approved Contract Number EC 2024-36 GMP Addendum 01 in the amount of $2,120,269 with Wright Construction Group, Inc. for the construction of the Cypress Bend RV Resort wastewater treatment plant (WWT","Approved Contract Number EC 2024-36 GMP Addendum 01 in the amount of $2,120,269 with Wright Construction Group, Inc. for the construction of the Cypress Bend RV Resort wastewater treatment plant (WWT",,,Detected,Wright Construction Group,EC 2024-36,,Cypress Bend Septic Area,"Cypress Bend, Estero, FL",26.4469,-81.8116,0.9,TD/CS,07022025.pdf,https://estero-fl.gov/wp-content/uploads/library-ada/minutes/2025%20Minutes/Council/07022025.pdf,AgendaItemLocation
Septic to Sewer,Village Council,Regular Meeting,Village Council,2025-06-18,2025-06-18,2025,Accepted,1281,8,Ordinance,infrastructure,"Second Reading Ordinance No. 2025-06 Mayfair Village RPD Rezoning An Ordinance of the Village Council of the Village of Estero, Florida, Approving with Conditions Zoning Amendments for Property Bounded by Railroad ROW on the west, Broadway Avenue...","Second Reading Ordinance No. 2025-06 Mayfair Village RPD Rezoning An Ordinance of the Village Council of the Village of Estero, Florida, Approving with Conditions Zoning Amendments for Property Bounded by Railroad ROW on the west, Broadway Avenue East on . Action: Approved Ordinance No. 2025-06 the additions to condition 3 that the fence shown in the pattern book must be maintained by the property owner and/or homeowners association, and all homes will be at the Lennar ""Manor Homes"" quality","Approved Ordinance No. 2025-06 the additions to condition 3 that the fence shown in the pattern book must be maintained by the property owner and/or homeowners association, and all homes will be at the Lennar ""Manor Homes"" quality","Approved Ordinance No. 2025-06 the additions to condition 3 that the fence shown in the pattern book must be maintained by the property owner and/or homeowners association, and all homes will be at the Lennar ""Manor Homes"" quality","Approved Ordinance No. 2025-06 the additions to condition 3 that the fence shown in the pattern book must be maintained by the property owner and/or homeowners association, and all homes will be at the Lennar ""Manor Homes"" quality",,,Detected,Conditions Zoning Amendments,Ordinance No. 2025-06,,"Mayfair Village site between Broadway Avenue East and Sandy Lane, Estero, FL","Mayfair Village site between Broadway Avenue East and Sandy Lane, Estero, FL",26.43890234243,-81.805657540358,0.9,TD/CS,06182025.pdf,https://estero-fl.gov/wp-content/uploads/library-ada/minutes/2025%20Minutes/Council/06182025.pdf,AgendaItemLocation
Estero on the River,Village Council,Regular Meeting,Village Council,2025-06-18,2025-06-18,2025,Accepted,1278,5,Contract Approval,open_space,River Oaks Preserve Construction Manager at Risk Contract,"River Oaks Preserve Construction Manager at Risk Contract. Action: Approved the award of Contract 25031 with Chris Tel Construction to provide construction manager as risk services for the River Oaks Preserve Project, approve pre-construction services as described in the contract for $346,926, approve a $35,000 contingency for additional services that may be required to complete preconstruction services, and authorize the Village Manager to sign the contract and other additional implementing...","Approved the award of Contract 25031 with Chris Tel Construction to provide construction manager as risk services for the River Oaks Preserve Project, approve pre-construction services as described in the contract for $346,926, approve a $35,000 contingency for additional services that may be required to complete preconstruction services, and authorize the Village Manager to sign the contract and other additional implementing documents within the scope of the contract on behalf of the Village of Estero Council, except for Guaranteed Maximum Price Amendments, which will be approved by Village Council, at a later date","Approved the award of Contract 25031 with Chris Tel Construction to provide construction manager as risk services for the River Oaks Preserve Project, approve pre-construction services as described in the contract for $346,926, approve a $35,000 contingency for additional services that may be required to complete preconstruction services, and authorize the Village Manager to sign the contract and other additional implementing documents within the scope of the contract on behalf of the Village of Estero Council, except for Guaranteed Maximum Price Amendments, which will be approved by Village Council, at a later date","Approved the award of Contract 25031 with Chris Tel Construction to provide construction manager as risk services for the River Oaks Preserve Project, approve pre-construction services as described in the contract for $346,926, approve a $35,000 contingency for additional services that may be required to complete preconstruction services, and authorize the Village Manager to sign the contract and other additional implementing documents within the scope of the contract on behalf of the Village of Estero Council, except for Guaranteed Maximum Price Amendments, which will be approved by Village Council, at a later date",,,Detected,Chris Tel Construction,,,River Oaks Preserve,"River Oaks Preserve, Estero, FL",26.4420079,-81.7993579,1.0,TD/CS,06182025.pdf,https://estero-fl.gov/wp-content/uploads/library-ada/minutes/2025%20Minutes/Council/06182025.pdf,AgendaItemLocation
Piccolo Buco - Piccolo Buco - Marketplace at Coconut Point - COP-Administrative Amendment (ADD2025-E005) (District 6) Located at the southern portion of Marketplace at Coconut Point between US 41 and Via Villagio and identified as Building III on...,Planning Zoning & Design Board,Regular Meeting,Planning Zoning & Design Board,2025-06-10,2025-06-10,2025,Accepted,111,1,Vote,commercial,Piccolo Buco - Piccolo Buco - Marketplace at Coconut Point - COP-Administrative Amendment (ADD2025-E005) (District 6) Located at the southern portion of Marketplace at Coconut Point between US 41 and Via Villagio and identified as Building III on...,Piccolo Buco - Piccolo Buco - Marketplace at Coconut Point - COP-Administrative Amendment (ADD2025-E005) (District 6) Located at the southern portion of Marketplace at Coconut Point between US 41 and Via Villagio and identified as Building III on the Deve. Action: Approved COP Administrative Amendment with stipulations provided by staff,Approved COP Administrative Amendment with stipulations provided by staff,Approved COP Administrative Amendment with stipulations provided by staff,Approved COP Administrative Amendment with stipulations provided by staff,,,See minutes,,ADD2025-E005,6,"22800 Via Villagio, Estero, FL","22800 Via Villagio, Estero, FL",26.412588048918,-81.811355977231,1.0,,20250610 PZDB Minutes.pdf,https://raw.githubusercontent.com/EagleGIS-FGCU/EagleGIS/main/data/raw/pzdb/2025/20250610%20PZDB%20Minutes.pdf,AgendaItemLocation
"Second reading of Zoning Ordinance No. 2025-02 Home2 Suites at Coconut Point An Ordinance of the Village Council of the Village of Estero, Florida, Approving with Conditions an Amendment to the Mixed Use Planned Development Zoning and Deviations f...",Village Council,Regular Meeting,Village Council,2025-06-04,2025-06-04,2025,Accepted,1273,7,Vote,mixed_use,"Second reading of Zoning Ordinance No. 2025-02 Home2 Suites at Coconut Point An Ordinance of the Village Council of the Village of Estero, Florida, Approving with Conditions an Amendment to the Mixed Use Planned Development Zoning and Deviations f...","Second reading of Zoning Ordinance No. 2025-02 Home2 Suites at Coconut Point An Ordinance of the Village Council of the Village of Estero, Florida, Approving with Conditions an Amendment to the Mixed Use Planned Development Zoning and Deviations for a2.37. Action: Approved continuance to July 2, 2025 for Condition 10 only","Approved continuance to July 2, 2025 for Condition 10 only","Approved continuance to July 2, 2025 for Condition 10 only","Approved continuance to July 2, 2025 for Condition 10 only",,,Detected,Conditions an Amendment,Ordinance No. 2025-02,,"Home2 Suites proposed hotel site, Coconut Point Mall, Estero, FL","Home2 Suites proposed hotel site, Coconut Point Mall, Estero, FL",26.403277778,-81.808611111,1.0,TD/CS,06042025.pdf,https://estero-fl.gov/wp-content/uploads/library-ada/minutes/2025%20Minutes/Council/06042025.pdf,AgendaItemLocation
"First Reading Ordinance No. 2025-06 Mayfair Village RPD Rezoning An Ordinance of the Village Council of the Village of Estero, Florida, Approving with Conditions Rezoning for Property Bounded by the Seminole Gulf Railway ROW on the West, Broadway...",Village Council,Regular Meeting,Village Council,2025-06-04,2025-06-04,2025,Accepted,1271,5,Ordinance,other,"First Reading Ordinance No. 2025-06 Mayfair Village RPD Rezoning An Ordinance of the Village Council of the Village of Estero, Florida, Approving with Conditions Rezoning for Property Bounded by the Seminole Gulf Railway ROW on the West, Broadway...","First Reading Ordinance No. 2025-06 Mayfair Village RPD Rezoning An Ordinance of the Village Council of the Village of Estero, Florida, Approving with Conditions Rezoning for Property Bounded by the Seminole Gulf Railway ROW on the West, Broadway Avenue E. Action: Passed first reading of Ordinance No. 2025-06 and Set Public Hearing and Second Reading for June 18, 20","Passed first reading of Ordinance No. 2025-06 and Set Public Hearing and Second Reading for June 18, 20","Passed first reading of Ordinance No. 2025-06 and Set Public Hearing and Second Reading for June 18, 20","Passed first reading of Ordinance No. 2025-06 and Set Public Hearing and Second Reading for June 18, 20",,,Detected,Conditions Rezoning,Ordinance No. 2025-06,,"Mayfair Village site between Broadway Avenue East and Sandy Lane, Estero, FL","Mayfair Village site between Broadway Avenue East and Sandy Lane, Estero, FL",26.43890234243,-81.805657540358,0.9,TD/CS,06042025.pdf,https://estero-fl.gov/wp-content/uploads/library-ada/minutes/2025%20Minutes/Council/06042025.pdf,AgendaItemLocation
"First reading of Zoning Ordinance No. 2025-02, Home2 Suites at Coconut Point An Ordinance of the Village Council of the Village of Estero, Florida, Approving with Conditions an Amendment to the Mixed Use Planned Development Zoning and Deviations f...",Village Council,Regular Meeting,Village Council,2025-05-21,2025-05-21,2025,Accepted,1266,8,Ordinance,mixed_use,"First reading of Zoning Ordinance No. 2025-02, Home2 Suites at Coconut Point An Ordinance of the Village Council of the Village of Estero, Florida, Approving with Conditions an Amendment to the Mixed Use Planned Development Zoning and Deviations f...","First reading of Zoning Ordinance No. 2025-02, Home2 Suites at Coconut Point An Ordinance of the Village Council of the Village of Estero, Florida, Approving with Conditions an Amendment to the Mixed Use Planned Development Zoning and Deviations for a2.37. Action: Passed first reading and schedule second reading for June 4, 20","Passed first reading and schedule second reading for June 4, 20","Passed first reading and schedule second reading for June 4, 20","Passed first reading and schedule second reading for June 4, 20",,,Detected,Conditions an Amendment,Ordinance No. 2025-02,,"Home2 Suites proposed hotel site, Coconut Point Mall, Estero, FL","Home2 Suites proposed hotel site, Coconut Point Mall, Estero, FL",26.403277778,-81.808611111,1.0,TD/CS,05212025.pdf,https://estero-fl.gov/wp-content/uploads/library-ada/minutes/2025%20Minutes/Council/05212025.pdf,AgendaItemLocation
Broadway Avenue Utility Extension,Village Council,Regular Meeting,Village Council,2025-05-21,2025-05-21,2025,Accepted,1265,7,Resolution,infrastructure,"Resolution No. 2025-09 Approving FDOT Grant 454891-1-34-01 for Broadway Avenue West design improvements A Resolution of the Village of Estero, Florida, Approving Execution of a Grant Agreement with FDOT for Design of Broadway Avenue West Improveme...","Resolution No. 2025-09 Approving FDOT Grant 454891-1-34-01 for Broadway Avenue West design improvements A Resolution of the Village of Estero, Florida, Approving Execution of a Grant Agreement with FDOT for Design of Broadway Avenue West Improvements; Mak. Action: Adopted the Resolution No. 2025",Adopted the Resolution No. 2025,Adopted the Resolution No. 2025,Adopted the Resolution No. 2025,,,Detected,FDOT,Resolution No. 2025-09,,"Broadway Avenue West from US 41 to Pine Tree Lane, Estero, FL","Broadway Avenue West from US 41 to Pine Tree Lane, Estero, FL",26.441876807456,-81.822814751334,0.95,TD/CS,05212025.pdf,https://estero-fl.gov/wp-content/uploads/library-ada/minutes/2025%20Minutes/Council/05212025.pdf,AgendaItemLocation
Corkscrew Road,Village Council,Regular Meeting,Village Council,2025-05-21,2025-05-21,2025,Accepted,1263,5,Resolution,open_space,"Resolution No. 2025-08, Corkscrew Road Landscape Maintenance Agreement A Resolution of the Village of Estero, Florida, Approving Execution of Landscape Maintenance and Installation Agreement With FDOT; Making Related Findings; Providing for Severa...","Resolution No. 2025-08, Corkscrew Road Landscape Maintenance Agreement A Resolution of the Village of Estero, Florida, Approving Execution of Landscape Maintenance and Installation Agreement With FDOT; Making Related Findings; Providing for Severability a. Action: Approved Resolution No. 2025",Approved Resolution No. 2025,Approved Resolution No. 2025,Approved Resolution No. 2025,,,Detected,,Resolution No. 2025-08,,Corkscrew Road Widening Corridor,"Corkscrew Road from Ben Hill Griffin Parkway to east of Bella Terra Boulevard, Estero, FL",26.443916962688,-81.750022322755,0.9,TD/CS,05212025.pdf,https://estero-fl.gov/wp-content/uploads/library-ada/minutes/2025%20Minutes/Council/05212025.pdf,AgendaItemLocation
"Resolution No. 2025-07 Shadow Wood Lifestyle Center Final Plan Approval A Resolution of the Village Council of the Village of Estero, Florida, Approving with Conditions the Final Plan Approval and One Deviation for The Shadow Wood Country Club Lif...",Village Council,Regular Meeting,Village Council,2025-05-21,2025-05-21,2025,Accepted,1262,4,Resolution,other,"Resolution No. 2025-07 Shadow Wood Lifestyle Center Final Plan Approval A Resolution of the Village Council of the Village of Estero, Florida, Approving with Conditions the Final Plan Approval and One Deviation for The Shadow Wood Country Club Lif...","Resolution No. 2025-07 Shadow Wood Lifestyle Center Final Plan Approval A Resolution of the Village Council of the Village of Estero, Florida, Approving with Conditions the Final Plan Approval and One Deviation for The Shadow Wood Country Club Lifestyle C. Action: Approved Zoning Resolution No. 2025",Approved Zoning Resolution No. 2025,Approved Zoning Resolution No. 2025,Approved Zoning Resolution No. 2025,,,Detected,Conditions the Final Plan Approval and One Deviation,Resolution No. 2025-07,,"Shadow Wood Country Club Lifestyle Center, Estero, FL","Shadow Wood Country Club Lifestyle Center, Estero, FL",26.407365,-81.789795,0.95,TD/CS,05212025.pdf,https://estero-fl.gov/wp-content/uploads/library-ada/minutes/2025%20Minutes/Council/05212025.pdf,AgendaItemLocation
"Mayfield Village - Residential Planned Development Rezoning (District 4) (DCI2024-E008)) 8790 Broadway E, located south on Broadway E. and west of Sandy Lane and east of the Seminole Gulf Railroad right of way. No ex parte communication or conflic...",Planning Zoning & Design Board,Regular Meeting,Planning Zoning & Design Board,2025-05-13,2025-05-13,2025,Accepted,110,3,Unknown,residential,"Mayfield Village - Residential Planned Development Rezoning (District 4) (DCI2024-E008)) 8790 Broadway E, located south on Broadway E. and west of Sandy Lane and east of the Seminole Gulf Railroad right of way. No ex parte communication or conflic...","Mayfield Village - Residential Planned Development Rezoning (District 4) (DCI2024-E008)) 8790 Broadway E, located south on Broadway E. and west of Sandy Lane and east of the Seminole Gulf Railroad right of way. No ex parte communication or conflicts of in. Action: Recommended approval to Village Council with the following conditions that the applicant will agree to provide the easements and funding to provide the underground power service to the existing power pole provided that FPL is willin...",Recommended approval to Village Council with the following conditions that the applicant will agree to provide the easements and funding to provide the underground power service to the existing power pole provided that FPL is willing to provide that service,Recommended approval to Village Council with the following conditions that the applicant will agree to provide the easements and funding to provide the underground power service to the existing power pole provided that FPL is willing to provide that service,,,,See minutes,,DCI2024-E008,4,"8790 Broadway Avenue East, Estero, FL","8790 Broadway Avenue East, Estero, FL",26.440585868638,-81.806135895572,1.0,,20250513 PZDB Minutes.pdf,https://raw.githubusercontent.com/EagleGIS-FGCU/EagleGIS/main/data/raw/pzdb/2025/20250513%20PZDB%20Minutes.pdf,AgendaItemLocation
Pelican Sound - Residential Planned Development - Zoning Amendment (District 2) (DCI2025-E001) 4561-4798 Pelican Sound Boulevard - located north of Williams Road and west of Koreshan State Park and US 41. No ex parte communication or conflicts of...,Planning Zoning & Design Board,Regular Meeting,Planning Zoning & Design Board,2025-05-13,2025-05-13,2025,Accepted,109,2,Unknown,residential,Pelican Sound - Residential Planned Development - Zoning Amendment (District 2) (DCI2025-E001) 4561-4798 Pelican Sound Boulevard - located north of Williams Road and west of Koreshan State Park and US 41. No ex parte communication or conflicts of...,"Pelican Sound - Residential Planned Development - Zoning Amendment (District 2) (DCI2025-E001) 4561-4798 Pelican Sound Boulevard - located north of Williams Road and west of Koreshan State Park and US 41. No ex parte communication or conflicts of interest. Action: Recommended approval to Village Council with the following conditions; contingent upon no night operations and contingent upon them having to secure the permits that they have to get from FDEP and Army Corps, no additional trips, ab...","Recommended approval to Village Council with the following conditions; contingent upon no night operations and contingent upon them having to secure the permits that they have to get from FDEP and Army Corps, no additional trips, abide by the schedule for trips is it the four during season a day, and three during nonseason and not on the weekends in nonseason, and they have make their application to the Army Corps and FDEP within 90-days of approval","Recommended approval to Village Council with the following conditions; contingent upon no night operations and contingent upon them having to secure the permits that they have to get from FDEP and Army Corps, no additional trips, abide by the schedule for trips is it the four during season a day, and three during nonseason and not on the weekends in nonseason, and they have make their application to the Army Corps and FDEP within 90-days of approval",,,,See minutes,FDEP and Army Corps,DCI2025-E001,2,"4798 Pelican Sound Boulevard, Estero, FL","4798 Pelican Sound Boulevard, Estero, FL",26.436773779074,-81.828971636402,1.0,,20250513 PZDB Minutes.pdf,https://raw.githubusercontent.com/EagleGIS-FGCU/EagleGIS/main/data/raw/pzdb/2025/20250513%20PZDB%20Minutes.pdf,AgendaItemLocation
Piccolo Buco - DOS2022-E001 Minor Change - Marketplace at Coconut Point Exterior Building Color Change (District 6) Located at the southern portion of Marketplace at Coconut Point between US 41 and Via Villagio and identified as Building III on th...,Planning Zoning & Design Board,Regular Meeting,Planning Zoning & Design Board,2025-05-13,2025-05-13,2025,Accepted,108,1,Vote,commercial,Piccolo Buco - DOS2022-E001 Minor Change - Marketplace at Coconut Point Exterior Building Color Change (District 6) Located at the southern portion of Marketplace at Coconut Point between US 41 and Via Villagio and identified as Building III on th...,"Piccolo Buco - DOS2022-E001 Minor Change - Marketplace at Coconut Point Exterior Building Color Change (District 6) Located at the southern portion of Marketplace at Coconut Point between US 41 and Via Villagio and identified as Building III on the Develo. Action: Approved approve Minor Change with the stipulations the planters out front to be consistent with the trellis with a natural wood color, the spire will be placed on the top of the building, and the stipulations provided by staff","Approved approve Minor Change with the stipulations the planters out front to be consistent with the trellis with a natural wood color, the spire will be placed on the top of the building, and the stipulations provided by staff","Approved approve Minor Change with the stipulations the planters out front to be consistent with the trellis with a natural wood color, the spire will be placed on the top of the building, and the stipulations provided by staff","Approved approve Minor Change with the stipulations the planters out front to be consistent with the trellis with a natural wood color, the spire will be placed on the top of the building, and the stipulations provided by staff",,,See minutes,,DOS2022-E001,6,"22800 Via Villagio, Estero, FL","22800 Via Villagio, Estero, FL",26.412588048918,-81.811355977231,1.0,,20250513 PZDB Minutes.pdf,https://raw.githubusercontent.com/EagleGIS-FGCU/EagleGIS/main/data/raw/pzdb/2025/20250513%20PZDB%20Minutes.pdf,AgendaItemLocation
Estero River North Branch Regional Pond Project Task Order 4 Amendment,Village Council,Regular Meeting,Village Council,2025-05-07,2025-05-07,2025,Accepted,1257,6,Vote,open_space,Estero River North Branch Regional Pond Project Task Order 4 Amendment,"Estero River North Branch Regional Pond Project Task Order 4 Amendment. Action: Approved awards of landscaping, mowing and irrigation services for Village roadways for Mainscape, Inc., in an amount not to exceed $1,432,600 annually, and to P & T Lawn & Tractor, for an amount not to exceed $581,107 annually","Approved awards of landscaping, mowing and irrigation services for Village roadways for Mainscape, Inc., in an amount not to exceed $1,432,600 annually, and to P & T Lawn & Tractor, for an amount not to exceed $581,107 annually","Approved awards of landscaping, mowing and irrigation services for Village roadways for Mainscape, Inc., in an amount not to exceed $1,432,600 annually, and to P & T Lawn & Tractor, for an amount not to exceed $581,107 annually","Approved awards of landscaping, mowing and irrigation services for Village roadways for Mainscape, Inc., in an amount not to exceed $1,432,600 annually, and to P & T Lawn & Tractor, for an amount not to exceed $581,107 annually",,,Detected,,,,"Estero River North Branch from Bamboo Island to River Oaks Preserve, Estero, FL","Estero River North Branch from Bamboo Island to River Oaks Preserve, Estero, FL",26.4390196,-81.8105466,0.9,TD/CS,05072025.pdf,https://estero-fl.gov/wp-content/uploads/library-ada/minutes/2025%20Minutes/Council/05072025.pdf,AgendaItemLocation
"Via Coconut - Development Order Amendment (DOS2022-E007) (District 4) 8990 Corkscrew Road, 21650 & 21750 Via Coconut Point, 21331, 21350 & 21351 Happy Hollow Lane. Properties are located south of Corkscrew Road and west of Via Coconut Point Road....",Planning Zoning & Design Board,Regular Meeting,Planning Zoning & Design Board,2025-04-08,2025-04-08,2025,Accepted,107,1,Vote,infrastructure,"Via Coconut - Development Order Amendment (DOS2022-E007) (District 4) 8990 Corkscrew Road, 21650 & 21750 Via Coconut Point, 21331, 21350 & 21351 Happy Hollow Lane. Properties are located south of Corkscrew Road and west of Via Coconut Point Road....","Via Coconut - Development Order Amendment (DOS2022-E007) (District 4) 8990 Corkscrew Road, 21650 & 21750 Via Coconut Point, 21331, 21350 & 21351 Happy Hollow Lane. Properties are located south of Corkscrew Road and west of Via Coconut Point Road. No ex pa. Action: Approved Development Order Amendment with the stipulations provided by staff",Approved Development Order Amendment with the stipulations provided by staff,Approved Development Order Amendment with the stipulations provided by staff,Approved Development Order Amendment with the stipulations provided by staff,,,See minutes,,DOS2022-E007,4,"21351 Happy Hollow Lane, Estero, FL","21351 Happy Hollow Lane, Estero, FL",26.428145699402,-81.805592580608,1.0,,20250408 PZDB Minutes.pdf,https://raw.githubusercontent.com/EagleGIS-FGCU/EagleGIS/main/data/raw/pzdb/2025/20250408%20PZDB%20Minutes.pdf,AgendaItemLocation
BERT Rail Trail,Village Council,Regular Meeting,Village Council,2025-04-02,2025-04-02,2025,Accepted,1243,7,Contract Approval,open_space,BERT Memorandum of Agreement,BERT Memorandum of Agreement. Action: Approved the BERT Memorandum of Agreement and to authorize the Village Manager to approve any minor revisions requested by the other partners to the agreement,Approved the BERT Memorandum of Agreement and to authorize the Village Manager to approve any minor revisions requested by the other partners to the agreement,Approved the BERT Memorandum of Agreement and to authorize the Village Manager to approve any minor revisions requested by the other partners to the agreement,Approved the BERT Memorandum of Agreement and to authorize the Village Manager to approve any minor revisions requested by the other partners to the agreement,,,Detected,,,,BERT Rail Trail Corridor,"Seminole Gulf Railway corridor from southern Village limits to Estero Parkway, Estero, FL",26.423875,-81.804915,0.9,TD/CS,04022025.pdf,https://estero-fl.gov/wp-content/uploads/library-ada/minutes/2025%20Minutes/Council/04022025.pdf,AgendaItemLocation
"South Regional Library - Redesign of exterior entry and interior remodel (District 4) 18251 Three Oaks Parkway, located on the west side of Three Oaks Parkway and north of Corkscrew Road. No ex parte communication or conflicts of interest were noted",Planning Zoning & Design Board,Regular Meeting,Planning Zoning & Design Board,2025-03-11,2025-03-11,2025,Accepted,106,2,Vote,institutional,"South Regional Library - Redesign of exterior entry and interior remodel (District 4) 18251 Three Oaks Parkway, located on the west side of Three Oaks Parkway and north of Corkscrew Road. No ex parte communication or conflicts of interest were noted","South Regional Library - Redesign of exterior entry and interior remodel (District 4) 18251 Three Oaks Parkway, located on the west side of Three Oaks Parkway and north of Corkscrew Road. No ex parte communication or conflicts of interest were noted. Action: Approved exterior renovation at the entrance",Approved exterior renovation at the entrance,Approved exterior renovation at the entrance,Approved exterior renovation at the entrance,,,See minutes,,,4,"18251 Three Oaks Parkway, Estero, FL","18251 Three Oaks Parkway, Estero, FL",26.433779738905564,-81.78952626707927,1.0,,20250311 PZDB Minutes.pdf,https://raw.githubusercontent.com/EagleGIS-FGCU/EagleGIS/main/data/raw/pzdb/2025/20250311%20PZDB%20Minutes.pdf,AgendaItemLocation
Estero River Sediment Analysis EC 2019-36 Change Order #2,Village Council,Regular Meeting,Village Council,2025-02-19,2025-02-19,2025,Accepted,1235,5,Contract Approval,open_space,Estero River Sediment Analysis EC 2019-36 Change Order #2,"Estero River Sediment Analysis EC 2019-36 Change Order #2. Action: Approved Change Order No. 2 to Contract No. 2019-36 with Coastal Engineering Consultants, Inc. for additional services needed to respond to additional FDEP permit questions and prepare an emergency dredging application and authorize the Village Manager to sign Change Order No. 2 on behalf of the Village of Estero Council","Approved Change Order No. 2 to Contract No. 2019-36 with Coastal Engineering Consultants, Inc. for additional services needed to respond to additional FDEP permit questions and prepare an emergency dredging application and authorize the Village Manager to sign Change Order No. 2 on behalf of the Village of Estero Council","Approved Change Order No. 2 to Contract No. 2019-36 with Coastal Engineering Consultants, Inc. for additional services needed to respond to additional FDEP permit questions and prepare an emergency dredging application and authorize the Village Manager to sign Change Order No. 2 on behalf of the Village of Estero Council","Approved Change Order No. 2 to Contract No. 2019-36 with Coastal Engineering Consultants, Inc. for additional services needed to respond to additional FDEP permit questions and prepare an emergency dredging application and authorize the Village Manager to sign Change Order No. 2 on behalf of the Village of Estero Council",,,Detected,Coastal Engineering Consultants,EC 2019-36,,Estero River,"Estero River near Old Estero and Koreshan State Park, Estero, FL",26.4360313,-81.8217353,0.9,TD/CS,02192025.pdf,https://estero-fl.gov/wp-content/uploads/library-ada/minutes/2025%20Minutes/Council/02192025.pdf,AgendaItemLocation
Williams Road Improvements,Village Council,Regular Meeting,Village Council,2025-02-19,2025-02-19,2025,Accepted,1234,4,Contract Approval,infrastructure,Williams Road and Atlantic Gulf Change Order 01,"Williams Road and Atlantic Gulf Change Order 01. Action: Approved award of Contract EC2020-01 STA02 Change Oder 01 to Kisinger Campo & Associates to provide additional professional services to secure right of way and provide additional permitting assistance for a not to exceed amount of $125,364 and authorize the Village Manager to sign the STA and other additional implementing documents within the scope of the STA on behalf of the Village of Estero Council","Approved award of Contract EC2020-01 STA02 Change Oder 01 to Kisinger Campo & Associates to provide additional professional services to secure right of way and provide additional permitting assistance for a not to exceed amount of $125,364 and authorize the Village Manager to sign the STA and other additional implementing documents within the scope of the STA on behalf of the Village of Estero Council","Approved award of Contract EC2020-01 STA02 Change Oder 01 to Kisinger Campo & Associates to provide additional professional services to secure right of way and provide additional permitting assistance for a not to exceed amount of $125,364 and authorize the Village Manager to sign the STA and other additional implementing documents within the scope of the STA on behalf of the Village of Estero Council","Approved award of Contract EC2020-01 STA02 Change Oder 01 to Kisinger Campo & Associates to provide additional professional services to secure right of way and provide additional permitting assistance for a not to exceed amount of $125,364 and authorize the Village Manager to sign the STA and other additional implementing documents within the scope of the STA on behalf of the Village of Estero Council",,,Detected,,STA and,,"Williams Road & Atlantic Gulf Boulevard, Estero, FL","Williams Road & Atlantic Gulf Boulevard, Estero, FL",26.420304009887,-81.812656010414,1.0,TD/CS,02192025.pdf,https://estero-fl.gov/wp-content/uploads/library-ada/minutes/2025%20Minutes/Council/02192025.pdf,AgendaItemLocation
Home2 Suites - Zoning and DRI Amendment (DCI2024-E005) (District 6) The 2.37-acre hotel site is south of the movie theater in the Coconut Point Mall on the northwest corner of Via Coconut and Via Monte Carlo Way. The property is currently used as...,Planning Zoning & Design Board,Regular Meeting,Planning Zoning & Design Board,2025-02-11,2025-02-11,2025,Accepted,104,3,Vote,commercial,Home2 Suites - Zoning and DRI Amendment (DCI2024-E005) (District 6) The 2.37-acre hotel site is south of the movie theater in the Coconut Point Mall on the northwest corner of Via Coconut and Via Monte Carlo Way. The property is currently used as...,Home2 Suites - Zoning and DRI Amendment (DCI2024-E005) (District 6) The 2.37-acre hotel site is south of the movie theater in the Coconut Point Mall on the northwest corner of Via Coconut and Via Monte Carlo Way. The property is currently used as a parkin. Action: Approved recommendation to Council to approve zoning and DRI amendment based on the staff report,Approved recommendation to Council to approve zoning and DRI amendment based on the staff report,Approved recommendation to Council to approve zoning and DRI amendment based on the staff report,Approved recommendation to Council to approve zoning and DRI amendment based on the staff report,,,See minutes,,DCI2024-E005,6,"Home2 Suites proposed hotel site, Coconut Point Mall, Estero, FL","Home2 Suites proposed hotel site, Coconut Point Mall, Estero, FL",26.403277778,-81.808611111,1.0,,20250211 PZDB Minutes.pdf,https://raw.githubusercontent.com/EagleGIS-FGCU/EagleGIS/main/data/raw/pzdb/2025/20250211%20PZDB%20Minutes.pdf,AgendaItemLocation
"Walmart Expansion (DOS2023-E008) (District 2) 19975 S. Tamiami Trail, located at the corner of US 41 and Estero Parkway. The original Development Order was approved in 2012, DOS2012-00045. Seeking to add a3,567 square foot addition to the north si...",Planning Zoning & Design Board,Regular Meeting,Planning Zoning & Design Board,2025-02-11,2025-02-11,2025,Accepted,103,2,Vote,open_space,"Walmart Expansion (DOS2023-E008) (District 2) 19975 S. Tamiami Trail, located at the corner of US 41 and Estero Parkway. The original Development Order was approved in 2012, DOS2012-00045. Seeking to add a3,567 square foot addition to the north si...","Walmart Expansion (DOS2023-E008) (District 2) 19975 S. Tamiami Trail, located at the corner of US 41 and Estero Parkway. The original Development Order was approved in 2012, DOS2012-00045. Seeking to add a3,567 square foot addition to the north side of th. Action: Approved the Walmart expansion and consideration by Walmart to reroute their trucks off US",Approved the Walmart expansion and consideration by Walmart to reroute their trucks off US,Approved the Walmart expansion and consideration by Walmart to reroute their trucks off US,Approved the Walmart expansion and consideration by Walmart to reroute their trucks off US,,,Detected,,DOS2023-E008,2,"19975 S. Tamiami Trail, Estero, FL","19975 S. Tamiami Trail, Estero, FL",26.45095998256,-81.816792814907,1.0,,20250211 PZDB Minutes.pdf,https://raw.githubusercontent.com/EagleGIS-FGCU/EagleGIS/main/data/raw/pzdb/2025/20250211%20PZDB%20Minutes.pdf,AgendaItemLocation
"Estero 4.2 - Development Order (District 2) 19950 S. Tamiami Trail, located across US 41 from Wal-Mart and north of the Cayo de Estero Shoppes. The Development Order is for 2 commercial buildings and supporting infrastructure on 4 acres. The devel...",Planning Zoning & Design Board,Regular Meeting,Planning Zoning & Design Board,2025-02-11,2025-02-11,2025,Accepted,102,1,Vote,commercial,"Estero 4.2 - Development Order (District 2) 19950 S. Tamiami Trail, located across US 41 from Wal-Mart and north of the Cayo de Estero Shoppes. The Development Order is for 2 commercial buildings and supporting infrastructure on 4 acres. The devel...","Estero 4.2 - Development Order (District 2) 19950 S. Tamiami Trail, located across US 41 from Wal-Mart and north of the Cayo de Estero Shoppes. The Development Order is for 2 commercial buildings and supporting infrastructure on 4 acres. The development w. Action: Approved Development Order with the staff conditions and additional stipulation on the easement",Approved Development Order with the staff conditions and additional stipulation on the easement,Approved Development Order with the staff conditions and additional stipulation on the easement,Approved Development Order with the staff conditions and additional stipulation on the easement,,,See minutes,Wal-Mart and north of the Cayo de Estero Shoppes. The Development Order is,,2,"19950 S. Tamiami Trail, Estero, FL","19950 S. Tamiami Trail, Estero, FL",26.450385654555,-81.820808584718,1.0,,20250211 PZDB Minutes.pdf,https://raw.githubusercontent.com/EagleGIS-FGCU/EagleGIS/main/data/raw/pzdb/2025/20250211%20PZDB%20Minutes.pdf,AgendaItemLocation
"Genova Townhomes and Villas Development Order (DOS2023-E012) (District 4) 21471, 21510 and 21520 Strada Nuova Circle, located southeast of the Corkscrew Road and Via Coconut Intersection. The Development Order is for the last phase of the Genova E...",Planning Zoning & Design Board,Regular Meeting,Planning Zoning & Design Board,2025-01-14,2025-01-14,2025,Accepted,99,1,Vote,residential,"Genova Townhomes and Villas Development Order (DOS2023-E012) (District 4) 21471, 21510 and 21520 Strada Nuova Circle, located southeast of the Corkscrew Road and Via Coconut Intersection. The Development Order is for the last phase of the Genova E...","Genova Townhomes and Villas Development Order (DOS2023-E012) (District 4) 21471, 21510 and 21520 Strada Nuova Circle, located southeast of the Corkscrew Road and Via Coconut Intersection. The Development Order is for the last phase of the Genova Estero Pl. Action: Approved Development Order with the staff conditions",Approved Development Order with the staff conditions,Approved Development Order with the staff conditions,Approved Development Order with the staff conditions,,,See minutes,,DOS2023-E012,4,"21510 and 21520 Strada Nuova Circle, Estero, FL","21510 and 21520 Strada Nuova Circle, Estero, FL",26.430750878728,-81.803208180612,1.0,,20250114 PZDB Minutes.pdf,https://raw.githubusercontent.com/EagleGIS-FGCU/EagleGIS/main/data/raw/pzdb/2025/20250114%20PZDB%20Minutes.pdf,AgendaItemLocation
8111 Broadway East Development Order Amendment #1 (DOS2019-E004) (District 4) 8111 Broadway East is a1-acre site located 200 feet east of US 41. It was developed in 1983 by the U.S. Federal Government for a Post Office. The Development Order is fo...,Planning Zoning & Design Board,Regular Meeting,Planning Zoning & Design Board,2025-01-14,2025-01-14,2025,Accepted,101,3,Vote,infrastructure,8111 Broadway East Development Order Amendment #1 (DOS2019-E004) (District 4) 8111 Broadway East is a1-acre site located 200 feet east of US 41. It was developed in 1983 by the U.S. Federal Government for a Post Office. The Development Order is fo...,"8111 Broadway East Development Order Amendment #1 (DOS2019-E004) (District 4) 8111 Broadway East is a1-acre site located 200 feet east of US 41. It was developed in 1983 by the U.S. Federal Government for a Post Office. The Development Order is for the re. Action: Approved Development Order with the following conditions: darker colors for the accent color instead of the latte, remove the vines, the monument sign would be simpler design with a three foot base, staff stipulation which was about...","Approved Development Order with the following conditions: darker colors for the accent color instead of the latte, remove the vines, the monument sign would be simpler design with a three foot base, staff stipulation which was about connecting to sewer when it's available, and a zoning condition to do an inspection before to make sure the septic tank is working","Approved Development Order with the following conditions: darker colors for the accent color instead of the latte, remove the vines, the monument sign would be simpler design with a three foot base, staff stipulation which was about connecting to sewer when it's available, and a zoning condition to do an inspection before to make sure the septic tank is working","Approved Development Order with the following conditions: darker colors for the accent color instead of the latte, remove the vines, the monument sign would be simpler design with a three foot base, staff stipulation which was about connecting to sewer when it's available, and a zoning condition to do an inspection before to make sure the septic tank is working",,,See minutes,,DOS2019-E004,4,"8111 Broadway Avenue East, Estero, FL","8111 Broadway Avenue East, Estero, FL",26.44244610632,-81.809993666508,1.0,,20250114 PZDB Minutes.pdf,https://raw.githubusercontent.com/EagleGIS-FGCU/EagleGIS/main/data/raw/pzdb/2025/20250114%20PZDB%20Minutes.pdf,AgendaItemLocation
Estero Country Club Pickleball Limited Development Order (LDO2024-E041) (District 3) 19501 Vintage Trace Circle - The courts are in the southwest portion of the Vines Development and east of the clubhouse. sworn in by Land Use Attorney Stroud. App...,Planning Zoning & Design Board,Regular Meeting,Planning Zoning & Design Board,2025-01-14,2025-01-14,2025,Accepted,100,2,Vote,other,Estero Country Club Pickleball Limited Development Order (LDO2024-E041) (District 3) 19501 Vintage Trace Circle - The courts are in the southwest portion of the Vines Development and east of the clubhouse. sworn in by Land Use Attorney Stroud. App...,Estero Country Club Pickleball Limited Development Order (LDO2024-E041) (District 3) 19501 Vintage Trace Circle - The courts are in the southwest portion of the Vines Development and east of the clubhouse. sworn in by Land Use Attorney Stroud. Applicant i. Action: Approved Limited Development Order with the staff conditions and the requested deviations,Approved Limited Development Order with the staff conditions and the requested deviations,Approved Limited Development Order with the staff conditions and the requested deviations,Approved Limited Development Order with the staff conditions and the requested deviations,,,See minutes,,LDO2024-E041,3,"19501 Vintage Trace Circle, Estero, FL","19501 Vintage Trace Circle, Estero, FL",26.456810676705,-81.814442026342,1.0,,20250114 PZDB Minutes.pdf,https://raw.githubusercontent.com/EagleGIS-FGCU/EagleGIS/main/data/raw/pzdb/2025/20250114%20PZDB%20Minutes.pdf,AgendaItemLocation
Home2 Suites - Zoning Amendment (DCI2024-E005) (District 6) The proposed hotel site is located in Coconut Point Mall south of the movie theater on the northwest corner of Via Coconut and Via Monte Carlo Way. The property is currently used as a par...,Planning Zoning & Design Board,Regular Meeting,Planning Zoning & Design Board,2024-12-10,2024-12-10,2024,Accepted,98,2,Public Comment,commercial,Home2 Suites - Zoning Amendment (DCI2024-E005) (District 6) The proposed hotel site is located in Coconut Point Mall south of the movie theater on the northwest corner of Via Coconut and Via Monte Carlo Way. The property is currently used as a par...,Home2 Suites - Zoning Amendment (DCI2024-E005) (District 6) The proposed hotel site is located in Coconut Point Mall south of the movie theater on the northwest corner of Via Coconut and Via Monte Carlo Way. The property is currently used as a parking lot. Action: No formal action recorded. Home2 Suites - Zoning Amendment (DCI2024-E005) (District 6) The proposed hotel site is located in Coconut Point Mall south of the movie theater on the northwest corner of Via Coconut and Via Monte Carlo Wa...,"No formal action recorded. Home2 Suites - Zoning Amendment (DCI2024-E005) (District 6) The proposed hotel site is located in Coconut Point Mall south of the movie theater on the northwest corner of Via Coconut and Via Monte Carlo Way. The property is currently used as a parking lot. Staff Presentation/Comments Mary Gibbs, Community Development Director Presentation/Information by Lee Shuman, Peachtree Group Jeremy M. Pettit, P.E., Ingenium Enterprises, Inc - Civil Engineering & Planning Christopher Allred AIA, The RBA Group Board Questions or Comments Board Members Wallace, Paivandy, Williams, Tatooles, Vice Chairman Sheeley, and Presentation/Information by Tyler Lamkey, Riverside Investment & Development Planning Zoning and Design Board Minutes - December 10, 2024 Page 4 of 4 Public Comment None","No formal action recorded. Home2 Suites - Zoning Amendment (DCI2024-E005) (District 6) The proposed hotel site is located in Coconut Point Mall south of the movie theater on the northwest corner of Via Coconut and Via Monte Carlo Way. The property is currently used as a parking lot. Staff Presentation/Comments Mary Gibbs, Community Development Director Presentation/Information by Lee Shuman, Peachtree Group Jeremy M. Pettit, P.E., Ingenium Enterprises, Inc - Civil Engineering & Planning Christopher Allred AIA, The RBA Group Board Questions or Comments Board Members Wallace, Paivandy, Williams, Tatooles, Vice Chairman Sheeley, and Presentation/Information by Tyler Lamkey, Riverside Investment & Development Planning Zoning and Design Board Minutes - December 10, 2024 Page 4 of 4 Public Comment None",,,,,,DCI2024-E005,6,"Home2 Suites proposed hotel site, Coconut Point Mall, Estero, FL","Home2 Suites proposed hotel site, Coconut Point Mall, Estero, FL",26.403277778,-81.808611111,1.0,,20241210 PZDB Minutes.pdf,https://raw.githubusercontent.com/EagleGIS-FGCU/EagleGIS/main/data/raw/pzdb/2024/20241210%20PZDB%20Minutes.pdf,AgendaItemLocation
"Estero Country Club Pickleball Limited Development Order (LDO2024-E041) Final Action Agenda/Minutes are supplemented by audio and video recordings of the meetings, as well as transcripts. Video recordings of Design Review Board meetings from June...",Planning Zoning & Design Board,Regular Meeting,Planning Zoning & Design Board,2024-12-10,2024-12-10,2024,Accepted,97,1,Ordinance,administrative,"Estero Country Club Pickleball Limited Development Order (LDO2024-E041) Final Action Agenda/Minutes are supplemented by audio and video recordings of the meetings, as well as transcripts. Video recordings of Design Review Board meetings from June...","Estero Country Club Pickleball Limited Development Order (LDO2024-E041) Final Action Agenda/Minutes are supplemented by audio and video recordings of the meetings, as well as transcripts. Video recordings of Design Review Board meetings from June 8, 2016,. Action: No formal action recorded. Estero Country Club Pickleball Limited Development Order (LDO2024-E041) Final Action Agenda/Minutes are supplemented by audio and video recordings of the meetings, as well as transcripts. Video recordings...","No formal action recorded. Estero Country Club Pickleball Limited Development Order (LDO2024-E041) Final Action Agenda/Minutes are supplemented by audio and video recordings of the meetings, as well as transcripts. Video recordings of Design Review Board meetings from June 8, 2016, forward, as well agendas, staff reports, resolutions, ordinances, and other documents related to the meetings can be viewed online at https://estero-fl.gov/agendas/ at the corresponding meeting date. Planning Zoning and Design Board Minutes - December 10, 2024 Page 2 of 4 9501 Vintage Trace Circle - The courts are in the southwest portion of the Vines Development and east of the clubhouse. Staff Presentation/Comments Mary Gibbs, Community Development Director Presentation/Information by Tyler Bonnough, Bowman Bruce Ackerman, General Manager of Estero Country Club Public Comment None. Board Questions or Comments Board Members Wallace and","No formal action recorded. Estero Country Club Pickleball Limited Development Order (LDO2024-E041) Final Action Agenda/Minutes are supplemented by audio and video recordings of the meetings, as well as transcripts. Video recordings of Design Review Board meetings from June 8, 2016, forward, as well agendas, staff reports, resolutions, ordinances, and other documents related to the meetings can be viewed online at https://estero-fl.gov/agendas/ at the corresponding meeting date. Planning Zoning and Design Board Minutes - December 10, 2024 Page 2 of 4 9501 Vintage Trace Circle - The courts are in the southwest portion of the Vines Development and east of the clubhouse. Staff Presentation/Comments Mary Gibbs, Community Development Director Presentation/Information by Tyler Bonnough, Bowman Bruce Ackerman, General Manager of Estero Country Club Public Comment None. Board Questions or Comments Board Members Wallace and",,,,,June 8,LDO2024-E041,,"9501 Vintage Trace Circle, Estero, FL","9501 Vintage Trace Circle, Estero, FL",26.455612966082,-81.814341298694,0.9533,,20241210 PZDB Minutes.pdf,https://raw.githubusercontent.com/EagleGIS-FGCU/EagleGIS/main/data/raw/pzdb/2024/20241210%20PZDB%20Minutes.pdf,AgendaItemLocation
Estero River North Branch Regional Pond Project,Village Council,Regular Meeting,Village Council,2024-11-20,2024-11-20,2024,Accepted,1202,5,Vote,open_space,Estero River North Branch Regional Pond Project,"Estero River North Branch Regional Pond Project. Action: Approved Task Order for permitting and engineering study services between the Village of Estero and JR Evans Engineering, P.A","Approved Task Order for permitting and engineering study services between the Village of Estero and JR Evans Engineering, P.A","Approved Task Order for permitting and engineering study services between the Village of Estero and JR Evans Engineering, P.A","Approved Task Order for permitting and engineering study services between the Village of Estero and JR Evans Engineering, P.A",,,Detected,,,,"Estero River North Branch from Bamboo Island to River Oaks Preserve, Estero, FL","Estero River North Branch from Bamboo Island to River Oaks Preserve, Estero, FL",26.4390196,-81.8105466,0.9,TD/CS,11202024 minutes.pdf,https://estero-fl.gov/wp-content/uploads/library-ada/minutes/2024%20Minutes/11202024%20minutes.pdf,AgendaItemLocation
"Coconut Trace Planned Development - Zoning Amendment (DCI2024-E006) (District 1) 22910 Lyden Drive, located west of US 41 across from the Coconut Point Mall. No conflicts of interest were noted. Board Member Tatooles received letters from people t...",Planning Zoning & Design Board,Regular Meeting,Planning Zoning & Design Board,2024-11-12,2024-11-12,2024,Accepted,96,2,Unknown,administrative,"Coconut Trace Planned Development - Zoning Amendment (DCI2024-E006) (District 1) 22910 Lyden Drive, located west of US 41 across from the Coconut Point Mall. No conflicts of interest were noted. Board Member Tatooles received letters from people t...","Coconut Trace Planned Development - Zoning Amendment (DCI2024-E006) (District 1) 22910 Lyden Drive, located west of US 41 across from the Coconut Point Mall. No conflicts of interest were noted. Board Member Tatooles received letters from people that live. Action: Recommended approval to Council with conditions that the developer ensures that they work with Marsh Landing to provide a visually opaque barrier by time of C.O., the front entry to be revised to make it more welcoming area, three s...","Recommended approval to Council with conditions that the developer ensures that they work with Marsh Landing to provide a visually opaque barrier by time of C.O., the front entry to be revised to make it more welcoming area, three signature tree/palms, will be planted along the Eastern face and the open vertical panels, parking lot lighting will be reduced to 20-foot poles throughout parking, visually opaque windows will be used on the west side of the building, and 48-inch continuous hedgerow will be adjacent to the parking and adjacent Marsh Landing","Recommended approval to Council with conditions that the developer ensures that they work with Marsh Landing to provide a visually opaque barrier by time of C.O., the front entry to be revised to make it more welcoming area, three signature tree/palms, will be planted along the Eastern face and the open vertical panels, parking lot lighting will be reduced to 20-foot poles throughout parking, visually opaque windows will be used on the west side of the building, and 48-inch continuous hedgerow will be adjacent to the parking and adjacent Marsh Landing",,,,See minutes,Marsh Landing,DCI2024-E006,1,"22910 Lyden Drive, Estero, FL","22910 Lyden Drive, Estero, FL",26.406167259629,-81.812370774249,1.0,,20241112 PZDB Minutes.pdf,https://raw.githubusercontent.com/EagleGIS-FGCU/EagleGIS/main/data/raw/pzdb/2024/20241112%20PZDB%20Minutes.pdf,AgendaItemLocation
"Woodfield Mixed-Use Development Order - DOS2024-E002 (District 6) ±46 vacant acres on the northwest corner of US 41 and Coconut Road Final Action Agenda/Minutes are supplemented by audio and video recordings of the meetings, as well as transcripts...",Planning Zoning & Design Board,Regular Meeting,Planning Zoning & Design Board,2024-11-12,2024-11-12,2024,Accepted,95,1,Vote,mixed_use,"Woodfield Mixed-Use Development Order - DOS2024-E002 (District 6) ±46 vacant acres on the northwest corner of US 41 and Coconut Road Final Action Agenda/Minutes are supplemented by audio and video recordings of the meetings, as well as transcripts...","Woodfield Mixed-Use Development Order - DOS2024-E002 (District 6) ±46 vacant acres on the northwest corner of US 41 and Coconut Road Final Action Agenda/Minutes are supplemented by audio and video recordings of the meetings, as well as transcripts. Video . Action: Approved Development Order with the staff conditions and the requested deviations",Approved Development Order with the staff conditions and the requested deviations,Approved Development Order with the staff conditions and the requested deviations,Approved Development Order with the staff conditions and the requested deviations,,,See minutes,,DOS2024-E002,6,"Woodfield Estero project site, northwest corner of US 41 & Coconut Road, Estero, FL","Woodfield Estero project site, northwest corner of US 41 & Coconut Road, Estero, FL",26.4022,-81.815,1.0,,20241112 PZDB Minutes.pdf,https://raw.githubusercontent.com/EagleGIS-FGCU/EagleGIS/main/data/raw/pzdb/2024/20241112%20PZDB%20Minutes.pdf,AgendaItemLocation
Williams Road Improvements,Village Council,Regular Meeting,Village Council,2024-11-06,2024-11-06,2024,Accepted,1196,9,Contract Approval,infrastructure,Williams Road Easement Acquisition Services Contract,"Williams Road Easement Acquisition Services Contract. Action: Approved EC 2024-06 STA -07 in the amount of $97,500 for Florida Acquisition & Appraisal Inc. to provide acquisition services for the Williams Road ditch, approve a $9,750 contingency for additional services that may be required to complete the project, and authorize the Village Manager to sign the contract and other additional implementing documents within the scope of the contract on behalf of the Village of Estero Council, and t...","Approved EC 2024-06 STA -07 in the amount of $97,500 for Florida Acquisition & Appraisal Inc. to provide acquisition services for the Williams Road ditch, approve a $9,750 contingency for additional services that may be required to complete the project, and authorize the Village Manager to sign the contract and other additional implementing documents within the scope of the contract on behalf of the Village of Estero Council, and to approve and execute any subsequent amendments which do not require an increase in the not to exceed budget (with contingency)","Approved EC 2024-06 STA -07 in the amount of $97,500 for Florida Acquisition & Appraisal Inc. to provide acquisition services for the Williams Road ditch, approve a $9,750 contingency for additional services that may be required to complete the project, and authorize the Village Manager to sign the contract and other additional implementing documents within the scope of the contract on behalf of the Village of Estero Council, and to approve and execute any subsequent amendments which do not require an increase in the not to exceed budget (with contingency)","Approved EC 2024-06 STA -07 in the amount of $97,500 for Florida Acquisition & Appraisal Inc. to provide acquisition services for the Williams Road ditch, approve a $9,750 contingency for additional services that may be required to complete the project, and authorize the Village Manager to sign the contract and other additional implementing documents within the scope of the contract on behalf of the Village of Estero Council, and to approve and execute any subsequent amendments which do not require an increase in the not to exceed budget (with contingency)",,,Detected,,EC 2024-06,,"Williams Road from US 41 to Via Coconut Point, Estero, FL","Williams Road from US 41 to Via Coconut Point, Estero, FL",26.420397237605,-81.80904475125,0.95,TD/CS,11062024 minutes.pdf,https://estero-fl.gov/wp-content/uploads/library-ada/minutes/2024%20Minutes/11062024%20minutes.pdf,AgendaItemLocation
Corkscrew Road,Village Council,Regular Meeting,Village Council,2024-11-06,2024-11-06,2024,Accepted,1194,7,Contract Approval,infrastructure,Corkscrew Road Corkscrew Road CMAR Contract Guaranteed Maximum Price (GMP) Addendum No. 01,Corkscrew Road Corkscrew Road CMAR Contract Guaranteed Maximum Price (GMP) Addendum No. 01. Action: Approved Contract Number 24005 GMP Addendum No. 01 and staff is to come back to Council within 45 days with scope reduction and cost reduction for Council to review,Approved Contract Number 24005 GMP Addendum No. 01 and staff is to come back to Council within 45 days with scope reduction and cost reduction for Council to review,Approved Contract Number 24005 GMP Addendum No. 01 and staff is to come back to Council within 45 days with scope reduction and cost reduction for Council to review,Approved Contract Number 24005 GMP Addendum No. 01 and staff is to come back to Council within 45 days with scope reduction and cost reduction for Council to review,,,Detected,,,,Corkscrew Road Widening Corridor,"Corkscrew Road from Ben Hill Griffin Parkway to east of Bella Terra Boulevard, Estero, FL",26.443916962688,-81.750022322755,0.9,TD/CS,11062024 minutes.pdf,https://estero-fl.gov/wp-content/uploads/library-ada/minutes/2024%20Minutes/11062024%20minutes.pdf,AgendaItemLocation
Brooks Community Development District Interlocal Agreement - Three Oaks Parkway Paths,Village Council,Regular Meeting,Village Council,2024-11-06,2024-11-06,2024,Accepted,1193,6,Contract Approval,infrastructure,Brooks Community Development District Interlocal Agreement - Three Oaks Parkway Paths,Brooks Community Development District Interlocal Agreement - Three Oaks Parkway Paths. Action: Approved the Interlocal Agreement with The Brooks Community Development District (CD,Approved the Interlocal Agreement with The Brooks Community Development District (CD,Approved the Interlocal Agreement with The Brooks Community Development District (CD,Approved the Interlocal Agreement with The Brooks Community Development District (CD,,,Detected,,,,Three Oaks Parkway,"Three Oaks Parkway from Williams Road to Estero Parkway, Estero, FL",26.434889506286,-81.788651999919,0.9,TD/CS,11062024 minutes.pdf,https://estero-fl.gov/wp-content/uploads/library-ada/minutes/2024%20Minutes/11062024%20minutes.pdf,AgendaItemLocation
"Starbucks - Estero Town Commons - Development Order (DOS2024-E001) (District 4) 21301 Town Commons Drive, ± 1.4-acre vacant parcel on the corner of Corkscrew Road and Town Commons Drive in Estero Town Center Commercial Planned Development (CPD) Al...",Planning Zoning & Design Board,Regular Meeting,Planning Zoning & Design Board,2024-10-29,2024-10-29,2024,Accepted,93,5,Vote,commercial,"Starbucks - Estero Town Commons - Development Order (DOS2024-E001) (District 4) 21301 Town Commons Drive, ± 1.4-acre vacant parcel on the corner of Corkscrew Road and Town Commons Drive in Estero Town Center Commercial Planned Development (CPD) Al...","Starbucks - Estero Town Commons - Development Order (DOS2024-E001) (District 4) 21301 Town Commons Drive, ± 1.4-acre vacant parcel on the corner of Corkscrew Road and Town Commons Drive in Estero Town Center Commercial Planned Development (CPD) Also known. Action: Approved the Development Order with staff stipulation and with added landscaping on the North side",Approved the Development Order with staff stipulation and with added landscaping on the North side,Approved the Development Order with staff stipulation and with added landscaping on the North side,Approved the Development Order with staff stipulation and with added landscaping on the North side,,,See minutes,,DOS2024-E001,4,"21301 Town Commons Drive, Estero, FL","21301 Town Commons Drive, Estero, FL",26.430775479614,-81.785967192513,1.0,,20241029 PZDB Minutes.pdf,https://raw.githubusercontent.com/EagleGIS-FGCU/EagleGIS/main/data/raw/pzdb/2024/20241029%20PZDB%20Minutes.pdf,AgendaItemLocation
"Coconut Trace Planned Development - Zoning Amendment (DCI2024-E006) (District 1) 22910 Lyden Drive, located west of US 41 across from the Coconut Point Mall. No conflicts of interest were noted. Board Member Tatooles received letters from people t...",Planning Zoning & Design Board,Regular Meeting,Planning Zoning & Design Board,2024-10-29,2024-10-29,2024,Accepted,92,4,Vote,administrative,"Coconut Trace Planned Development - Zoning Amendment (DCI2024-E006) (District 1) 22910 Lyden Drive, located west of US 41 across from the Coconut Point Mall. No conflicts of interest were noted. Board Member Tatooles received letters from people t...","Coconut Trace Planned Development - Zoning Amendment (DCI2024-E006) (District 1) 22910 Lyden Drive, located west of US 41 across from the Coconut Point Mall. No conflicts of interest were noted. Board Member Tatooles received letters from people that live. Action: Approved a continuance until November 12, 2024 meeting","Approved a continuance until November 12, 2024 meeting","Approved a continuance until November 12, 2024 meeting","Approved a continuance until November 12, 2024 meeting",,,See minutes,,DCI2024-E006,1,"22910 Lyden Drive, Estero, FL","22910 Lyden Drive, Estero, FL",26.406167259629,-81.812370774249,1.0,,20241029 PZDB Minutes.pdf,https://raw.githubusercontent.com/EagleGIS-FGCU/EagleGIS/main/data/raw/pzdb/2024/20241029%20PZDB%20Minutes.pdf,AgendaItemLocation
Shadow Wood Community Association - Three Oaks Guardhouse Remodel (LDO2024-E037) (District 6) The guardhouse is located at the entrance to Shadow Wood on Oakwilde Boulevard and Three Oaks Parkway. No ex parte communication or conflicts of interest...,Planning Zoning & Design Board,Regular Meeting,Planning Zoning & Design Board,2024-10-29,2024-10-29,2024,Accepted,91,3,Vote,other,Shadow Wood Community Association - Three Oaks Guardhouse Remodel (LDO2024-E037) (District 6) The guardhouse is located at the entrance to Shadow Wood on Oakwilde Boulevard and Three Oaks Parkway. No ex parte communication or conflicts of interest...,Shadow Wood Community Association - Three Oaks Guardhouse Remodel (LDO2024-E037) (District 6) The guardhouse is located at the entrance to Shadow Wood on Oakwilde Boulevard and Three Oaks Parkway. No ex parte communication or conflicts of interest were no. Action: Approved Limited Development Order,Approved Limited Development Order,Approved Limited Development Order,Approved Limited Development Order,,,See minutes,,LDO2024-E037,6,"Three Oaks Parkway & Oakwilde Boulevard, Estero, FL","Three Oaks Parkway & Oakwilde Boulevard, Estero, FL",26.413073989755,-81.785739540023,1.0,,20241029 PZDB Minutes.pdf,https://raw.githubusercontent.com/EagleGIS-FGCU/EagleGIS/main/data/raw/pzdb/2024/20241029%20PZDB%20Minutes.pdf,AgendaItemLocation
Celebree School - Development Order (DOS2024-E006) (District 4) 10351 Corkscrew Commons Drive. The property is located north of Corkscrew Road and west of Corkscrew Crossings Boulevard. The building previously operated as a Goodwill Retail & Donat...,Planning Zoning & Design Board,Regular Meeting,Planning Zoning & Design Board,2024-10-29,2024-10-29,2024,Accepted,90,2,Vote,commercial,Celebree School - Development Order (DOS2024-E006) (District 4) 10351 Corkscrew Commons Drive. The property is located north of Corkscrew Road and west of Corkscrew Crossings Boulevard. The building previously operated as a Goodwill Retail & Donat...,Celebree School - Development Order (DOS2024-E006) (District 4) 10351 Corkscrew Commons Drive. The property is located north of Corkscrew Road and west of Corkscrew Crossings Boulevard. The building previously operated as a Goodwill Retail & Donation Cent. Action: Approved revision to Development Order to remove the stone at the base of the building and clarify the color of Utterly Beige for the base,Approved revision to Development Order to remove the stone at the base of the building and clarify the color of Utterly Beige for the base,Approved revision to Development Order to remove the stone at the base of the building and clarify the color of Utterly Beige for the base,Approved revision to Development Order to remove the stone at the base of the building and clarify the color of Utterly Beige for the base,,,See minutes,,DOS2024-E006,4,"10351 Corkscrew Commons Drive, Estero, FL","10351 Corkscrew Commons Drive, Estero, FL",26.431986203618,-81.783570471119,1.0,,20241029 PZDB Minutes.pdf,https://raw.githubusercontent.com/EagleGIS-FGCU/EagleGIS/main/data/raw/pzdb/2024/20241029%20PZDB%20Minutes.pdf,AgendaItemLocation
"Second Reading of Ordinance No. 2024-13 Estero Townhomes EPD (Toll Bros.). An Ordinance of the Village Council of the Village of Estero, Florida, Approving with Conditions and Deviations a Rezoning to Estero Planned Development (EPD) For a 21.4 Ac...",Village Council,Regular Meeting,Village Council,2024-10-16,2024-10-16,2024,Accepted,1186,5,Ordinance,residential,"Second Reading of Ordinance No. 2024-13 Estero Townhomes EPD (Toll Bros.). An Ordinance of the Village Council of the Village of Estero, Florida, Approving with Conditions and Deviations a Rezoning to Estero Planned Development (EPD) For a 21.4 Ac...","Second Reading of Ordinance No. 2024-13 Estero Townhomes EPD (Toll Bros.). An Ordinance of the Village Council of the Village of Estero, Florida, Approving with Conditions and Deviations a Rezoning to Estero Planned Development (EPD) For a 21.4 Acre Tract. Action: Approved Ordinance No. 2024-12 with the Council revisions",Approved Ordinance No. 2024-12 with the Council revisions,Approved Ordinance No. 2024-12 with the Council revisions,Approved Ordinance No. 2024-12 with the Council revisions,,,Detected,Conditions and Deviations a Rezoning,Ordinance No. 2024-13,,"Summercrest / Estero Townhomes site, 9301 Corkscrew Road, Estero, FL","Summercrest / Estero Townhomes site, 9301 Corkscrew Road, Estero, FL",26.432264859989,-81.801155452524,1.0,TD/CS,10162024  Minutes.pdf,https://estero-fl.gov/wp-content/uploads/library-ada/minutes/2024%20Minutes/10162024%20%20Minutes.pdf,AgendaItemLocation
"First Reading of Ordinance No. 2024-13 Estero Townhomes EPD (Toll Bros.). An Ordinance of the Village Council of the Village of Estero, Florida, Approving with Conditions and Deviations a Rezoning to Estero Planned Development (EPD) For a 21.4 Acr...",Village Council,Regular Meeting,Village Council,2024-10-02,2024-10-02,2024,Accepted,1180,6,Ordinance,residential,"First Reading of Ordinance No. 2024-13 Estero Townhomes EPD (Toll Bros.). An Ordinance of the Village Council of the Village of Estero, Florida, Approving with Conditions and Deviations a Rezoning to Estero Planned Development (EPD) For a 21.4 Acr...","First Reading of Ordinance No. 2024-13 Estero Townhomes EPD (Toll Bros.). An Ordinance of the Village Council of the Village of Estero, Florida, Approving with Conditions and Deviations a Rezoning to Estero Planned Development (EPD) For a 21.4 Acre Tract . Action: Passed first reading and schedule second reading for October 16, 2024","Passed first reading and schedule second reading for October 16, 2024","Passed first reading and schedule second reading for October 16, 2024","Passed first reading and schedule second reading for October 16, 2024",,,Detected,Conditions and Deviations a Rezoning,Ordinance No. 2024-13,,"Summercrest / Estero Townhomes site, 9301 Corkscrew Road, Estero, FL","Summercrest / Estero Townhomes site, 9301 Corkscrew Road, Estero, FL",26.432264859989,-81.801155452524,1.0,TD/CS,10022024 minutes.pdf,https://estero-fl.gov/wp-content/uploads/library-ada/minutes/2024%20Minutes/10022024%20minutes.pdf,AgendaItemLocation
Estero Entertainment District - Development Order (DOS2024-E007) (District 4) The Village owned property is located at 9000 Williams Road on the north side of Williams Road and east of Via Coconut and the railroad right of way. The 21± acres was r...,Planning Zoning & Design Board,Regular Meeting,Planning Zoning & Design Board,2024-09-10,2024-09-10,2024,Accepted,88,4,Vote,infrastructure,Estero Entertainment District - Development Order (DOS2024-E007) (District 4) The Village owned property is located at 9000 Williams Road on the north side of Williams Road and east of Via Coconut and the railroad right of way. The 21± acres was r...,Estero Entertainment District - Development Order (DOS2024-E007) (District 4) The Village owned property is located at 9000 Williams Road on the north side of Williams Road and east of Via Coconut and the railroad right of way. The 21± acres was rezoned t. Action: Approved the Development Order with staff stipulations and the condition that the architect brings back the south and west elevations for Planning Zoning and Design Board to review,Approved the Development Order with staff stipulations and the condition that the architect brings back the south and west elevations for Planning Zoning and Design Board to review,Approved the Development Order with staff stipulations and the condition that the architect brings back the south and west elevations for Planning Zoning and Design Board to review,Approved the Development Order with staff stipulations and the condition that the architect brings back the south and west elevations for Planning Zoning and Design Board to review,,,See minutes,,DOS2024-E007,4,"9000 Williams Road, Estero, FL","9000 Williams Road, Estero, FL",26.420956750596,-81.80311832661,1.0,,20240910 PZDB Minutes.pdf,https://raw.githubusercontent.com/EagleGIS-FGCU/EagleGIS/main/data/raw/pzdb/2024/20240910%20PZDB%20Minutes.pdf,AgendaItemLocation
Estero Townhomes EPD - Rezoning (DCI2024-E003) (District 4) 21.4 acres located on the northeast corner of Corkscrew Road and Sandy Lane formerly known as The Colonnade. Continued from July 9th meeting. Applicant requests a rezoning for a2-story to...,Planning Zoning & Design Board,Regular Meeting,Planning Zoning & Design Board,2024-09-10,2024-09-10,2024,Accepted,87,3,Unknown,residential,Estero Townhomes EPD - Rezoning (DCI2024-E003) (District 4) 21.4 acres located on the northeast corner of Corkscrew Road and Sandy Lane formerly known as The Colonnade. Continued from July 9th meeting. Applicant requests a rezoning for a2-story to...,Estero Townhomes EPD - Rezoning (DCI2024-E003) (District 4) 21.4 acres located on the northeast corner of Corkscrew Road and Sandy Lane formerly known as The Colonnade. Continued from July 9th meeting. Applicant requests a rezoning for a2-story townhome d. Action: Recommended approval by Council of the Rezoning with staff conditions,Recommended approval by Council of the Rezoning with staff conditions,Recommended approval by Council of the Rezoning with staff conditions,,,,See minutes,July 9th meeting. Applicant requests a rezoning,DCI2024-E003,4,"Estero Townhomes EPD site, 9301 Corkscrew Road, Estero, FL","Estero Townhomes EPD site, 9301 Corkscrew Road, Estero, FL",26.432264859989,-81.801155452524,1.0,,20240910 PZDB Minutes.pdf,https://raw.githubusercontent.com/EagleGIS-FGCU/EagleGIS/main/data/raw/pzdb/2024/20240910%20PZDB%20Minutes.pdf,AgendaItemLocation
Celebree School - Development Order (DOS2024-E006) (District 4) 10351 Corkscrew Commons Drive. The property is located north of Corkscrew Road and west of Corkscrew Crossings Boulevard. The building previously operated as a Goodwill Retail & Donat...,Planning Zoning & Design Board,Regular Meeting,Planning Zoning & Design Board,2024-09-10,2024-09-10,2024,Accepted,86,2,Vote,commercial,Celebree School - Development Order (DOS2024-E006) (District 4) 10351 Corkscrew Commons Drive. The property is located north of Corkscrew Road and west of Corkscrew Crossings Boulevard. The building previously operated as a Goodwill Retail & Donat...,"Celebree School - Development Order (DOS2024-E006) (District 4) 10351 Corkscrew Commons Drive. The property is located north of Corkscrew Road and west of Corkscrew Crossings Boulevard. The building previously operated as a Goodwill Retail & Donation Cent. Action: Approved Development Order with staff recommendations, the change of the dark blue to the lighter blue, and the deviation in parking","Approved Development Order with staff recommendations, the change of the dark blue to the lighter blue, and the deviation in parking","Approved Development Order with staff recommendations, the change of the dark blue to the lighter blue, and the deviation in parking","Approved Development Order with staff recommendations, the change of the dark blue to the lighter blue, and the deviation in parking",,,See minutes,,DOS2024-E006,4,"10351 Corkscrew Commons Drive, Estero, FL","10351 Corkscrew Commons Drive, Estero, FL",26.431986203618,-81.783570471119,1.0,,20240910 PZDB Minutes.pdf,https://raw.githubusercontent.com/EagleGIS-FGCU/EagleGIS/main/data/raw/pzdb/2024/20240910%20PZDB%20Minutes.pdf,AgendaItemLocation
"University Highlands II - Development Order (DOS2024-E005) (District 5) The property is located on Ben Hill Griffin Parkway north of Everblades Parkway North, and east of Tiburon Way. The site is part of the Timberland & Tiburon MPD/DRI. The appli...",Planning Zoning & Design Board,Regular Meeting,Planning Zoning & Design Board,2024-09-10,2024-09-10,2024,Accepted,85,1,Vote,other,"University Highlands II - Development Order (DOS2024-E005) (District 5) The property is located on Ben Hill Griffin Parkway north of Everblades Parkway North, and east of Tiburon Way. The site is part of the Timberland & Tiburon MPD/DRI. The appli...","University Highlands II - Development Order (DOS2024-E005) (District 5) The property is located on Ben Hill Griffin Parkway north of Everblades Parkway North, and east of Tiburon Way. The site is part of the Timberland & Tiburon MPD/DRI. The applicant see. Action: Approved Development Order with staff stipulations, stipulation of the upsizing of the materials by the dumpsters, and no outdoor dining after 10:00 pm on weekdays and 11:00 pm on the weekends","Approved Development Order with staff stipulations, stipulation of the upsizing of the materials by the dumpsters, and no outdoor dining after 10:00 pm on weekdays and 11:00 pm on the weekends","Approved Development Order with staff stipulations, stipulation of the upsizing of the materials by the dumpsters, and no outdoor dining after 10:00 pm on weekdays and 11:00 pm on the weekends","Approved Development Order with staff stipulations, stipulation of the upsizing of the materials by the dumpsters, and no outdoor dining after 10:00 pm on weekdays and 11:00 pm on the weekends",,,See minutes,,DOS2024-E005,5,"Ben Hill Griffin Parkway & Everblades Parkway North, Estero, FL","Ben Hill Griffin Parkway & Everblades Parkway North, Estero, FL",26.443920189721,-81.773684686876,1.0,,20240910 PZDB Minutes.pdf,https://raw.githubusercontent.com/EagleGIS-FGCU/EagleGIS/main/data/raw/pzdb/2024/20240910%20PZDB%20Minutes.pdf,AgendaItemLocation
Estero Townhomes EPD - Rezoning (DCI2024-E003) (District 4) 21.4 acres located on the northeast corner of Corkscrew Road and Sandy Lane formerly known as The Colonnade. Applicant requests a rezoning for a2-story townhome development with 171 townh...,Planning Zoning & Design Board,Regular Meeting,Planning Zoning & Design Board,2024-07-09,2024-07-09,2024,Accepted,84,2,Vote,residential,Estero Townhomes EPD - Rezoning (DCI2024-E003) (District 4) 21.4 acres located on the northeast corner of Corkscrew Road and Sandy Lane formerly known as The Colonnade. Applicant requests a rezoning for a2-story townhome development with 171 townh...,"Estero Townhomes EPD - Rezoning (DCI2024-E003) (District 4) 21.4 acres located on the northeast corner of Corkscrew Road and Sandy Lane formerly known as The Colonnade. Applicant requests a rezoning for a2-story townhome development with 171 townhome unit. Action: Approved continuance to the August 13, 2024, Planning Zoning and Design Board Meeting","Approved continuance to the August 13, 2024, Planning Zoning and Design Board Meeting","Approved continuance to the August 13, 2024, Planning Zoning and Design Board Meeting","Approved continuance to the August 13, 2024, Planning Zoning and Design Board Meeting",,,See minutes,,DCI2024-E003,4,"Estero Townhomes EPD site, 9301 Corkscrew Road, Estero, FL","Estero Townhomes EPD site, 9301 Corkscrew Road, Estero, FL",26.432264859989,-81.801155452524,1.0,,20240709 PZDB Minutes.pdf,https://raw.githubusercontent.com/EagleGIS-FGCU/EagleGIS/main/data/raw/pzdb/2024/20240709%20PZDB%20Minutes.pdf,AgendaItemLocation
"Via Coconut - Zoning Amendment (DCI2024-E004) (District 4) 8990 Corkscrew Road, 21650 & 21750 Via Coconut Point, 21331, 21350 & 21351 Happy Hollow Lane. Properties are located on 20-acres, south of Corkscrew Road and west of Via Coconut Point Road...",Planning Zoning & Design Board,Regular Meeting,Planning Zoning & Design Board,2024-07-09,2024-07-09,2024,Accepted,83,1,Unknown,infrastructure,"Via Coconut - Zoning Amendment (DCI2024-E004) (District 4) 8990 Corkscrew Road, 21650 & 21750 Via Coconut Point, 21331, 21350 & 21351 Happy Hollow Lane. Properties are located on 20-acres, south of Corkscrew Road and west of Via Coconut Point Road...","Via Coconut - Zoning Amendment (DCI2024-E004) (District 4) 8990 Corkscrew Road, 21650 & 21750 Via Coconut Point, 21331, 21350 & 21351 Happy Hollow Lane. Properties are located on 20-acres, south of Corkscrew Road and west of Via Coconut Point Road. Via Co. Action: Recommended approval by Council of the Zoning Amendment with staff recommendations",Recommended approval by Council of the Zoning Amendment with staff recommendations,Recommended approval by Council of the Zoning Amendment with staff recommendations,,,,See minutes,,DCI2024-E004,4,"21351 Happy Hollow Lane, Estero, FL","21351 Happy Hollow Lane, Estero, FL",26.428145699402,-81.805592580608,1.0,,20240709 PZDB Minutes.pdf,https://raw.githubusercontent.com/EagleGIS-FGCU/EagleGIS/main/data/raw/pzdb/2024/20240709%20PZDB%20Minutes.pdf,AgendaItemLocation
Brooks Community Development District Interlocal Agreement - Three Oaks Parkway Paths,Village Council,Regular Meeting,Village Council,2024-07-03,2024-07-03,2024,Accepted,1157,9,Contract Approval,infrastructure,Brooks Community Development District Interlocal Agreement - Three Oaks Parkway Paths,Brooks Community Development District Interlocal Agreement - Three Oaks Parkway Paths. Action: Approved the Interlocal Agreement with The Brooks Community Development District (CD,Approved the Interlocal Agreement with The Brooks Community Development District (CD,Approved the Interlocal Agreement with The Brooks Community Development District (CD,Approved the Interlocal Agreement with The Brooks Community Development District (CD,,,Detected,,,,Three Oaks Parkway,"Three Oaks Parkway from Williams Road to Estero Parkway, Estero, FL",26.434889506286,-81.788651999919,0.9,TD/CS,07032024 minutes.pdf,https://estero-fl.gov/wp-content/uploads/library-ada/minutes/2024%20Minutes/07032024%20minutes.pdf,AgendaItemLocation
Corkscrew Road,Village Council,Regular Meeting,Village Council,2024-07-03,2024-07-03,2024,Accepted,1156,8,Contract Approval,open_space,"Corkscrew Road Path, Landscaping & Lighting Project Construction Manager at Risk Contract","Corkscrew Road Path, Landscaping & Lighting Project Construction Manager at Risk Contract. Action: Approved Contract Number 24005 Construction Manager at Risk agreement between Village of Estero and Wright Construction Group and to authorize the Village Manager to execute the agreement and any related documents or amendments as may be necessary which do not require an increase in contract price",Approved Contract Number 24005 Construction Manager at Risk agreement between Village of Estero and Wright Construction Group and to authorize the Village Manager to execute the agreement and any related documents or amendments as may be necessary which do not require an increase in contract price,Approved Contract Number 24005 Construction Manager at Risk agreement between Village of Estero and Wright Construction Group and to authorize the Village Manager to execute the agreement and any related documents or amendments as may be necessary which do not require an increase in contract price,Approved Contract Number 24005 Construction Manager at Risk agreement between Village of Estero and Wright Construction Group and to authorize the Village Manager to execute the agreement and any related documents or amendments as may be necessary which do not require an increase in contract price,,,Detected,,,,Corkscrew Road Widening Corridor,"Corkscrew Road from Ben Hill Griffin Parkway to east of Bella Terra Boulevard, Estero, FL",26.443916962688,-81.750022322755,0.9,TD/CS,07032024 minutes.pdf,https://estero-fl.gov/wp-content/uploads/library-ada/minutes/2024%20Minutes/07032024%20minutes.pdf,AgendaItemLocation
Budget / Capital Improvement,Village Council,Regular Meeting,Village Council,2024-06-19,2024-06-19,2024,Accepted,1148,9,Ordinance,commercial,"Ordinance No. 2024-06 Capital Improvement Program An Ordinance of the Village Council of the Village of Estero, Florida, Approving with Conditions an Amendment to the Commercial Planned Development for Property Located at 8111 Broadway East, East...","Ordinance No. 2024-06 Capital Improvement Program An Ordinance of the Village Council of the Village of Estero, Florida, Approving with Conditions an Amendment to the Commercial Planned Development for Property Located at 8111 Broadway East, East of U.S. . Action: Approved Ordinance No. 2024-07 with the revised condition 9 to add the following sentence: The colors must be consistent with the proposed rendering",Approved Ordinance No. 2024-07 with the revised condition 9 to add the following sentence: The colors must be consistent with the proposed rendering,Approved Ordinance No. 2024-07 with the revised condition 9 to add the following sentence: The colors must be consistent with the proposed rendering,Approved Ordinance No. 2024-07 with the revised condition 9 to add the following sentence: The colors must be consistent with the proposed rendering,,,Detected,Conditions an Amendment,Ordinance No. 2024-06,,"8111 Broadway Avenue East, Estero, FL","8111 Broadway Avenue East, Estero, FL",26.44244610632,-81.809993666508,1.0,TD/CS,06192024 minutes.pdf,https://estero-fl.gov/wp-content/uploads/library-ada/minutes/2024%20Minutes/06192024%20minutes.pdf,AgendaItemLocation
"Plaza Del Sol CPD- Zoning Amendment (DCI2024-E002) (District 4) 0251 Arcos Avenue located on a ± 7-acre vacant site east of the Estero Medical Center, off Arcos Avenue in the Plaza Del Sol Commercial Planned Development (CPD) Applicant seeks zonin...",Planning Zoning & Design Board,Regular Meeting,Planning Zoning & Design Board,2024-06-11,2024-06-11,2024,Accepted,81,4,Unknown,commercial,"Plaza Del Sol CPD- Zoning Amendment (DCI2024-E002) (District 4) 0251 Arcos Avenue located on a ± 7-acre vacant site east of the Estero Medical Center, off Arcos Avenue in the Plaza Del Sol Commercial Planned Development (CPD) Applicant seeks zonin...","Plaza Del Sol CPD- Zoning Amendment (DCI2024-E002) (District 4) 0251 Arcos Avenue located on a ± 7-acre vacant site east of the Estero Medical Center, off Arcos Avenue in the Plaza Del Sol Commercial Planned Development (CPD) Applicant seeks zoning amendm. Action: Recommended approval to the Village Council with staff conditions and the additional modifications to the Pattern Book and phasing conditions",Recommended approval to the Village Council with staff conditions and the additional modifications to the Pattern Book and phasing conditions,Recommended approval to the Village Council with staff conditions and the additional modifications to the Pattern Book and phasing conditions,,,,See minutes,,DCI2024-E002,4,"10251 Arcos Avenue, Estero, FL","10251 Arcos Avenue, Estero, FL",26.43347675746,-81.785746161726,1.0,,20240611 PZDB Minutes.pdf,https://raw.githubusercontent.com/EagleGIS-FGCU/EagleGIS/main/data/raw/pzdb/2024/20240611%20PZDB%20Minutes.pdf,AgendaItemLocation
"Palms Day School- Development Order (DOS2024-E003) (District 4) 9600 Corkscrew Road, a vacant ± 3.5-acre site located on the southwest corner of River Ranch and Corkscrew Road - Zoned Commercial Planned Development (CPD). Applicant seeks a Develop...",Planning Zoning & Design Board,Regular Meeting,Planning Zoning & Design Board,2024-06-11,2024-06-11,2024,Accepted,80,3,Vote,commercial,"Palms Day School- Development Order (DOS2024-E003) (District 4) 9600 Corkscrew Road, a vacant ± 3.5-acre site located on the southwest corner of River Ranch and Corkscrew Road - Zoned Commercial Planned Development (CPD). Applicant seeks a Develop...","Palms Day School- Development Order (DOS2024-E003) (District 4) 9600 Corkscrew Road, a vacant ± 3.5-acre site located on the southwest corner of River Ranch and Corkscrew Road - Zoned Commercial Planned Development (CPD). Applicant seeks a Development Ord. Action: Approved the Development Order with staff stipulations, including the condition for the sidewalk easement, and the sign","Approved the Development Order with staff stipulations, including the condition for the sidewalk easement, and the sign","Approved the Development Order with staff stipulations, including the condition for the sidewalk easement, and the sign","Approved the Development Order with staff stipulations, including the condition for the sidewalk easement, and the sign",,,See minutes,,DOS2024-E003,4,"9600 Corkscrew Road, Estero, FL","9600 Corkscrew Road, Estero, FL",26.430342721953,-81.795270434485,1.0,,20240611 PZDB Minutes.pdf,https://raw.githubusercontent.com/EagleGIS-FGCU/EagleGIS/main/data/raw/pzdb/2024/20240611%20PZDB%20Minutes.pdf,AgendaItemLocation
"The Goddard School for Early Childhood Development - Development Order (DOS2024-E004)) (District 4) 10100 Arcos Avenue, located on the east side of Three Oaks Parkway, on the corner of Quente Way and Arcos Avenue, and south of Classic Car Wash. Ap...",Planning Zoning & Design Board,Regular Meeting,Planning Zoning & Design Board,2024-06-11,2024-06-11,2024,Accepted,79,2,Vote,commercial,"The Goddard School for Early Childhood Development - Development Order (DOS2024-E004)) (District 4) 10100 Arcos Avenue, located on the east side of Three Oaks Parkway, on the corner of Quente Way and Arcos Avenue, and south of Classic Car Wash. Ap...","The Goddard School for Early Childhood Development - Development Order (DOS2024-E004)) (District 4) 10100 Arcos Avenue, located on the east side of Three Oaks Parkway, on the corner of Quente Way and Arcos Avenue, and south of Classic Car Wash. Applicant . Action: Approved the Development Order with staff stipulations",Approved the Development Order with staff stipulations,Approved the Development Order with staff stipulations,Approved the Development Order with staff stipulations,,,See minutes,,DOS2024-E004,4,"10100 Arcos Avenue, Estero, FL","10100 Arcos Avenue, Estero, FL",26.433628889003,-81.788008772669,1.0,,20240611 PZDB Minutes.pdf,https://raw.githubusercontent.com/EagleGIS-FGCU/EagleGIS/main/data/raw/pzdb/2024/20240611%20PZDB%20Minutes.pdf,AgendaItemLocation
"Estero Family Health Center - Addition (DOS2023-E011) (District 3) 19701 S. Tamiami Trail, located east on US 41, north of the Vines entrance. Applicant is seeking approval of a ± 4,153 square foot addition to the north side of the existing health...",Planning Zoning & Design Board,Regular Meeting,Planning Zoning & Design Board,2024-06-11,2024-06-11,2024,Accepted,78,1,Vote,open_space,"Estero Family Health Center - Addition (DOS2023-E011) (District 3) 19701 S. Tamiami Trail, located east on US 41, north of the Vines entrance. Applicant is seeking approval of a ± 4,153 square foot addition to the north side of the existing health...","Estero Family Health Center - Addition (DOS2023-E011) (District 3) 19701 S. Tamiami Trail, located east on US 41, north of the Vines entrance. Applicant is seeking approval of a ± 4,153 square foot addition to the north side of the existing health center,. Action: Approved the Development Order with staff recommendations",Approved the Development Order with staff recommendations,Approved the Development Order with staff recommendations,Approved the Development Order with staff recommendations,,,See minutes,,DOS2023-E011,3,"19701 S. Tamiami Trail, Estero, FL","19701 S. Tamiami Trail, Estero, FL",26.454126833218,-81.821494392036,1.0,,20240611 PZDB Minutes.pdf,https://raw.githubusercontent.com/EagleGIS-FGCU/EagleGIS/main/data/raw/pzdb/2024/20240611%20PZDB%20Minutes.pdf,AgendaItemLocation
Broadway Avenue Utility Extension,Village Council,Regular Meeting,Village Council,2024-06-05,2024-06-05,2024,Accepted,1138,6,Ordinance,commercial,"First Reading of Zoning Ordinance No. 2024-07, 8111 Broadway East (Old Post Office) An Ordinance of the Village Council of the Village of Estero, Florida, Approving with Conditions an Amendment to the Commercial Planned Development for Property Lo...","First Reading of Zoning Ordinance No. 2024-07, 8111 Broadway East (Old Post Office) An Ordinance of the Village Council of the Village of Estero, Florida, Approving with Conditions an Amendment to the Commercial Planned Development for Property Located at. Action: Passed first reading and schedule second reading for June 19, 20","Passed first reading and schedule second reading for June 19, 20","Passed first reading and schedule second reading for June 19, 20","Passed first reading and schedule second reading for June 19, 20",,,Detected,Conditions an Amendment,Ordinance No. 2024-07,,"8111 Broadway Avenue East, Estero, FL","8111 Broadway Avenue East, Estero, FL",26.44244610632,-81.809993666508,1.0,TD/CS,06052024 minutes.pdf,https://estero-fl.gov/wp-content/uploads/library-ada/minutes/2024%20Minutes/06052024%20minutes.pdf,AgendaItemLocation
Corkscrew Road,Village Council,Regular Meeting,Village Council,2024-06-05,2024-06-05,2024,Accepted,1137,5,Contract Approval,open_space,"Corkscrew Road Path, Lighting, and Landscaping Construction Management at Risk - RFP 2024-03","Corkscrew Road Path, Lighting, and Landscaping Construction Management at Risk - RFP 2024-03. Action: Approved the ranking of construction management firms for RFP 2024- 03 as recommended by the Village's selection committee. 1 - Wright Construction, 2 - AIM Construction, 3 - Chris Tel Construction, 4 - American Infrastructure Services, and authorize Village Staff to negotiate a contract with the top ranked firm","Approved the ranking of construction management firms for RFP 2024- 03 as recommended by the Village's selection committee. 1 - Wright Construction, 2 - AIM Construction, 3 - Chris Tel Construction, 4 - American Infrastructure Services, and authorize Village Staff to negotiate a contract with the top ranked firm","Approved the ranking of construction management firms for RFP 2024- 03 as recommended by the Village's selection committee. 1 - Wright Construction, 2 - AIM Construction, 3 - Chris Tel Construction, 4 - American Infrastructure Services, and authorize Village Staff to negotiate a contract with the top ranked firm","Approved the ranking of construction management firms for RFP 2024- 03 as recommended by the Village's selection committee. 1 - Wright Construction, 2 - AIM Construction, 3 - Chris Tel Construction, 4 - American Infrastructure Services, and authorize Village Staff to negotiate a contract with the top ranked firm",,,Detected,,RFP 2024-03,,Corkscrew Road Widening Corridor,"Corkscrew Road from Ben Hill Griffin Parkway to east of Bella Terra Boulevard, Estero, FL",26.443916962688,-81.750022322755,0.9,TD/CS,06052024 minutes.pdf,https://estero-fl.gov/wp-content/uploads/library-ada/minutes/2024%20Minutes/06052024%20minutes.pdf,AgendaItemLocation
Septic to Sewer,Village Council,Regular Meeting,Village Council,2024-06-05,2024-06-05,2024,Accepted,1135,3,Contract Approval,infrastructure,"Utility Extension Program (Cypress Bend, Sunny Groves, Estero Bay Village, Broadway Ave West & Highlands Ave) Construction Manager at Risk - RFP 2024- 04","Utility Extension Program (Cypress Bend, Sunny Groves, Estero Bay Village, Broadway Ave West & Highlands Ave) Construction Manager at Risk - RFP 2024- 04. Action: Approved the ranking of construction management firms for RFP 2024- 04 as 1-Wright Construction and authorize Village Staff to negotiate a contract with the top ranked firm",Approved the ranking of construction management firms for RFP 2024- 04 as 1-Wright Construction and authorize Village Staff to negotiate a contract with the top ranked firm,Approved the ranking of construction management firms for RFP 2024- 04 as 1-Wright Construction and authorize Village Staff to negotiate a contract with the top ranked firm,Approved the ranking of construction management firms for RFP 2024- 04 as 1-Wright Construction and authorize Village Staff to negotiate a contract with the top ranked firm,,,Detected,,,,Cypress Bend Septic Area,"Cypress Bend, Estero, FL",26.4469,-81.8116,0.9,TD/CS,06052024 minutes.pdf,https://estero-fl.gov/wp-content/uploads/library-ada/minutes/2024%20Minutes/06052024%20minutes.pdf,AgendaItemLocation
Corkscrew Road,Village Council,Regular Meeting,Village Council,2024-05-15,2024-05-15,2024,Accepted,1129,3,Resolution,infrastructure,"Resolution No. 2024-05 Corkscrew Pines Replat (PLT2022-E004) A Resolution of The Village Council of the Village of Estero, Florida, Approving Corkscrew Pines Replat of Tracts A, B, C, D, F, H and I of Stoneybrook Unit 8 Located on Corkscrew Road,...","Resolution No. 2024-05 Corkscrew Pines Replat (PLT2022-E004) A Resolution of The Village Council of the Village of Estero, Florida, Approving Corkscrew Pines Replat of Tracts A, B, C, D, F, H and I of Stoneybrook Unit 8 Located on Corkscrew Road, As Recor. Action: Approved Resolution No. 2024",Approved Resolution No. 2024,Approved Resolution No. 2024,Approved Resolution No. 2024,,,Detected,,Resolution No. 2024-05,,"Corkscrew Pines project site, Estero, FL","Corkscrew Pines project site, Estero, FL",26.4383,-81.7603,1.0,TD/CS,05152024 minutes.pdf,https://estero-fl.gov/wp-content/uploads/library-ada/minutes/2024%20Minutes/05152024%20minutes.pdf,AgendaItemLocation
8111 Broadway East (Old Post Office) Zoning Amendment (DCI2024-E001) (District 4) The 1-acre site is located 200 feet east of US 41 on property originally developed by the U.S. Federal Government for a Post Office,Planning Zoning & Design Board,Regular Meeting,Planning Zoning & Design Board,2024-05-14,2024-05-14,2024,Accepted,77,5,Unknown,commercial,8111 Broadway East (Old Post Office) Zoning Amendment (DCI2024-E001) (District 4) The 1-acre site is located 200 feet east of US 41 on property originally developed by the U.S. Federal Government for a Post Office,8111 Broadway East (Old Post Office) Zoning Amendment (DCI2024-E001) (District 4) The 1-acre site is located 200 feet east of US 41 on property originally developed by the U.S. Federal Government for a Post Office. Action: Recommended approval to Village Council with staff conditions and one additional condition that the color palette be consistent with the rendering,Recommended approval to Village Council with staff conditions and one additional condition that the color palette be consistent with the rendering,Recommended approval to Village Council with staff conditions and one additional condition that the color palette be consistent with the rendering,,,,See minutes,,DCI2024-E001,4,"8111 Broadway Avenue East, Estero, FL","8111 Broadway Avenue East, Estero, FL",26.44244610632,-81.809993666508,1.0,,20240514 PZDB Minutes.pdf,https://raw.githubusercontent.com/EagleGIS-FGCU/EagleGIS/main/data/raw/pzdb/2024/20240514%20PZDB%20Minutes.pdf,AgendaItemLocation
The Brooks Commons Club - Pickleball Expansion (Amendment to LDO2022-E051) (District 6) The Commons Club is located at 9920 Coconut Road. The courts are west of the club along Coconut Road. Applicant is seeking to revise the original plan presente...,Planning Zoning & Design Board,Regular Meeting,Planning Zoning & Design Board,2024-05-14,2024-05-14,2024,Accepted,76,4,Vote,infrastructure,The Brooks Commons Club - Pickleball Expansion (Amendment to LDO2022-E051) (District 6) The Commons Club is located at 9920 Coconut Road. The courts are west of the club along Coconut Road. Applicant is seeking to revise the original plan presente...,The Brooks Commons Club - Pickleball Expansion (Amendment to LDO2022-E051) (District 6) The Commons Club is located at 9920 Coconut Road. The courts are west of the club along Coconut Road. Applicant is seeking to revise the original plan presented to the. Action: Approved the Limited Development Order Amendment with staff stipulations,Approved the Limited Development Order Amendment with staff stipulations,Approved the Limited Development Order Amendment with staff stipulations,Approved the Limited Development Order Amendment with staff stipulations,,,See minutes,,LDO2022-E051,6,"Commons Club at The Brooks, Estero, FL","Commons Club at The Brooks, Estero, FL",26.3974648,-81.7889557,1.0,,20240514 PZDB Minutes.pdf,https://raw.githubusercontent.com/EagleGIS-FGCU/EagleGIS/main/data/raw/pzdb/2024/20240514%20PZDB%20Minutes.pdf,AgendaItemLocation
"Wildcat Run Pickleball- Limited Development Order (LDO2024-E002) (District 7) 20300 Country Club Drive, south of Corkscrew Road and immediately west of RiverCreek. Applicant is seeking to renovate 1 of the 5 existing tennis courts into 4 new pickl...",Planning Zoning & Design Board,Regular Meeting,Planning Zoning & Design Board,2024-05-14,2024-05-14,2024,Accepted,75,3,Vote,infrastructure,"Wildcat Run Pickleball- Limited Development Order (LDO2024-E002) (District 7) 20300 Country Club Drive, south of Corkscrew Road and immediately west of RiverCreek. Applicant is seeking to renovate 1 of the 5 existing tennis courts into 4 new pickl...","Wildcat Run Pickleball- Limited Development Order (LDO2024-E002) (District 7) 20300 Country Club Drive, south of Corkscrew Road and immediately west of RiverCreek. Applicant is seeking to renovate 1 of the 5 existing tennis courts into 4 new pickleball co. Action: Approved the Limited Development Order with staff stipulations",Approved the Limited Development Order with staff stipulations,Approved the Limited Development Order with staff stipulations,Approved the Limited Development Order with staff stipulations,,,See minutes,,LDO2024-E002,7,"20300 Country Club Drive, Estero, FL","20300 Country Club Drive, Estero, FL",26.436910613643,-81.74953793257,1.0,,20240514 PZDB Minutes.pdf,https://raw.githubusercontent.com/EagleGIS-FGCU/EagleGIS/main/data/raw/pzdb/2024/20240514%20PZDB%20Minutes.pdf,AgendaItemLocation
"Estero Shadow Wood Community Association - Coconut Road Guardhouse Remodel (LDO2024-E008) (District 6) The guardhouse is located at the entrance to Shadow Wood on Oakwilde Boulevard, north of Coconut Road, and east of Via Coconut Point. Applicant...",Planning Zoning & Design Board,Regular Meeting,Planning Zoning & Design Board,2024-05-14,2024-05-14,2024,Accepted,74,2,Vote,infrastructure,"Estero Shadow Wood Community Association - Coconut Road Guardhouse Remodel (LDO2024-E008) (District 6) The guardhouse is located at the entrance to Shadow Wood on Oakwilde Boulevard, north of Coconut Road, and east of Via Coconut Point. Applicant...","Estero Shadow Wood Community Association - Coconut Road Guardhouse Remodel (LDO2024-E008) (District 6) The guardhouse is located at the entrance to Shadow Wood on Oakwilde Boulevard, north of Coconut Road, and east of Via Coconut Point. Applicant seeks to. Action: Approved the Limited Development Order with option 1 for the color scheme",Approved the Limited Development Order with option 1 for the color scheme,Approved the Limited Development Order with option 1 for the color scheme,Approved the Limited Development Order with option 1 for the color scheme,,,See minutes,,LDO2024-E008,6,"Coconut Road & Oakwilde Boulevard, Estero, FL","Coconut Road & Oakwilde Boulevard, Estero, FL",26.398580002784,-81.798864007834,1.0,,20240514 PZDB Minutes.pdf,https://raw.githubusercontent.com/EagleGIS-FGCU/EagleGIS/main/data/raw/pzdb/2024/20240514%20PZDB%20Minutes.pdf,AgendaItemLocation
"Ordinance No. 2024-05 Bella Terra Cell Tower This was deferred from April 17, 2024 An Ordinance of the Village Council of the Village of Estero, Florida, Approving an Amendment to the Commercial Planned Development Zoning in the Bella Terra Develo...",Village Council,Regular Meeting,Village Council,2024-05-01,2024-05-01,2024,Accepted,1126,9,Ordinance,commercial,"Ordinance No. 2024-05 Bella Terra Cell Tower This was deferred from April 17, 2024 An Ordinance of the Village Council of the Village of Estero, Florida, Approving an Amendment to the Commercial Planned Development Zoning in the Bella Terra Develo...","Ordinance No. 2024-05 Bella Terra Cell Tower This was deferred from April 17, 2024 An Ordinance of the Village Council of the Village of Estero, Florida, Approving an Amendment to the Commercial Planned Development Zoning in the Bella Terra Development to. Action: Approved Ordinance No. 2024-05 with amending condition #4 to state, ""The tower will not contain any lights on the tower including the top, unless lighting is required by any agency with jurisdiction to require lighting, but will be...","Approved Ordinance No. 2024-05 with amending condition #4 to state, ""The tower will not contain any lights on the tower including the top, unless lighting is required by any agency with jurisdiction to require lighting, but will be taped consistent with Land Development Code.""","Approved Ordinance No. 2024-05 with amending condition #4 to state, ""The tower will not contain any lights on the tower including the top, unless lighting is required by any agency with jurisdiction to require lighting, but will be taped consistent with Land Development Code.""","Approved Ordinance No. 2024-05 with amending condition #4 to state, ""The tower will not contain any lights on the tower including the top, unless lighting is required by any agency with jurisdiction to require lighting, but will be taped consistent with Land Development Code.""",,,Detected,Land Development Code,Ordinance No. 2024-05,,"19980 Bella Terra Boulevard, Estero, FL","19980 Bella Terra Boulevard, Estero, FL",26.450582796918,-81.73115952021,1.0,TD/CS,05012024 minutes.pdf,https://estero-fl.gov/wp-content/uploads/library-ada/minutes/2024%20Minutes/05012024%20minutes.pdf,AgendaItemLocation
BERT Rail Trail,Village Council,Regular Meeting,Village Council,2024-05-01,2024-05-01,2024,Accepted,1122,5,Resolution,open_space,"Resolution No. 2024-06 Bonita-Estero Rail-Trail (BERT) A Resolution of the Council of the Village of Estero, Florida Expressing Support for Bonita-Estero Rail-Trail Project; Authorizing the","Resolution No. 2024-06 Bonita-Estero Rail-Trail (BERT) A Resolution of the Council of the Village of Estero, Florida Expressing Support for Bonita-Estero Rail-Trail Project; Authorizing the. Action: Approved of the attached Resolution will give credibility to the Village of Estero interest in this acquisition. It can also be used as the necessary financial match for Federal and State grants",Approved of the attached Resolution will give credibility to the Village of Estero interest in this acquisition. It can also be used as the necessary financial match for Federal and State grants,Approved of the attached Resolution will give credibility to the Village of Estero interest in this acquisition. It can also be used as the necessary financial match for Federal and State grants,Approved of the attached Resolution will give credibility to the Village of Estero interest in this acquisition. It can also be used as the necessary financial match for Federal and State grants,,,Detected,,Resolution No. 2024-06,,BERT Rail Trail Corridor,"Seminole Gulf Railway corridor from southern Village limits to Estero Parkway, Estero, FL",26.423875,-81.804915,0.9,TD/CS,05012024 minutes.pdf,https://estero-fl.gov/wp-content/uploads/library-ada/minutes/2024%20Minutes/05012024%20minutes.pdf,AgendaItemLocation
Sandy Lane Improvements,Village Council,Regular Meeting,Village Council,2024-05-01,2024-05-01,2024,Accepted,1121,4,Contract Approval,infrastructure,Sandy Lane Bike/Ped Improvements Construction Manager at Risk Contract,"Sandy Lane Bike/Ped Improvements Construction Manager at Risk Contract. Action: Approved Construction Manager at Risk agreement between Village of Estero and Chris-Tel Construction, Inc. for the Sandy Lane Bike/Ped Improvements Project and to authorize the Village Manager to execute the agreement with an effective date of July 1, 2024 and any related documents or amendments as may be necessary, except for the Guaranteed Maximum Price amendment, which will be approved by Council, at a later date","Approved Construction Manager at Risk agreement between Village of Estero and Chris-Tel Construction, Inc. for the Sandy Lane Bike/Ped Improvements Project and to authorize the Village Manager to execute the agreement with an effective date of July 1, 2024 and any related documents or amendments as may be necessary, except for the Guaranteed Maximum Price amendment, which will be approved by Council, at a later date","Approved Construction Manager at Risk agreement between Village of Estero and Chris-Tel Construction, Inc. for the Sandy Lane Bike/Ped Improvements Project and to authorize the Village Manager to execute the agreement with an effective date of July 1, 2024 and any related documents or amendments as may be necessary, except for the Guaranteed Maximum Price amendment, which will be approved by Council, at a later date","Approved Construction Manager at Risk agreement between Village of Estero and Chris-Tel Construction, Inc. for the Sandy Lane Bike/Ped Improvements Project and to authorize the Village Manager to execute the agreement with an effective date of July 1, 2024 and any related documents or amendments as may be necessary, except for the Guaranteed Maximum Price amendment, which will be approved by Council, at a later date",,,Detected,,,,Sandy Lane,"Sandy Lane from Corkscrew Road to Broadway Avenue East, Estero, FL",26.43663000848,-81.804926512673,0.9,TD/CS,05012024 minutes.pdf,https://estero-fl.gov/wp-content/uploads/library-ada/minutes/2024%20Minutes/05012024%20minutes.pdf,AgendaItemLocation
Williams Road Improvements,Village Council,Regular Meeting,Village Council,2024-05-01,2024-05-01,2024,Accepted,1120,3,Contract Approval,infrastructure,Williams Road and Atlantic Gulf Blvd Intersection Improvements Construction Manager at Risk Contract,"Williams Road and Atlantic Gulf Blvd Intersection Improvements Construction Manager at Risk Contract. Action: Approved Construction Manager at Risk agreement between Village of Estero and Manhattan Construction, Inc. for Williams Road and Atlantic Gulf Blvd Intersection Project and to authorize the Village Manager to execute the agreement and any related documents or amendments as may be necessary, except for the Guaranteed Maximum Price amendment, which will be approved by Council, at a late...","Approved Construction Manager at Risk agreement between Village of Estero and Manhattan Construction, Inc. for Williams Road and Atlantic Gulf Blvd Intersection Project and to authorize the Village Manager to execute the agreement and any related documents or amendments as may be necessary, except for the Guaranteed Maximum Price amendment, which will be approved by Council, at a later date","Approved Construction Manager at Risk agreement between Village of Estero and Manhattan Construction, Inc. for Williams Road and Atlantic Gulf Blvd Intersection Project and to authorize the Village Manager to execute the agreement and any related documents or amendments as may be necessary, except for the Guaranteed Maximum Price amendment, which will be approved by Council, at a later date","Approved Construction Manager at Risk agreement between Village of Estero and Manhattan Construction, Inc. for Williams Road and Atlantic Gulf Blvd Intersection Project and to authorize the Village Manager to execute the agreement and any related documents or amendments as may be necessary, except for the Guaranteed Maximum Price amendment, which will be approved by Council, at a later date",,,Detected,,,,"Williams Road & Atlantic Gulf Boulevard, Estero, FL","Williams Road & Atlantic Gulf Boulevard, Estero, FL",26.420304009887,-81.812656010414,1.0,TD/CS,05012024 minutes.pdf,https://estero-fl.gov/wp-content/uploads/library-ada/minutes/2024%20Minutes/05012024%20minutes.pdf,AgendaItemLocation
"Ordinance No. 2024-05 Bella Terra Cell Tower Applicant has asked for a continuance to May 1, 2024 An Ordinance of the Village Council of the Village of Estero, Florida, Approving an Amendment to the Commercial Planned Development Zoning in the Bel...",Village Council,Regular Meeting,Village Council,2024-04-17,2024-04-17,2024,Accepted,1117,5,Vote,commercial,"Ordinance No. 2024-05 Bella Terra Cell Tower Applicant has asked for a continuance to May 1, 2024 An Ordinance of the Village Council of the Village of Estero, Florida, Approving an Amendment to the Commercial Planned Development Zoning in the Bel...","Ordinance No. 2024-05 Bella Terra Cell Tower Applicant has asked for a continuance to May 1, 2024 An Ordinance of the Village Council of the Village of Estero, Florida, Approving an Amendment to the Commercial Planned Development Zoning in the Bella Terra. Action: Approved continuance to May 1, 20","Approved continuance to May 1, 20","Approved continuance to May 1, 20","Approved continuance to May 1, 20",,,Detected,,Ordinance No. 2024-05,,"19980 Bella Terra Boulevard, Estero, FL","19980 Bella Terra Boulevard, Estero, FL",26.450582796918,-81.73115952021,1.0,TD/CS,04172024 minutes.pdf,https://estero-fl.gov/wp-content/uploads/library-ada/minutes/2024%20Minutes/04172024%20minutes.pdf,AgendaItemLocation
"Estero Family Health Center - Addition (DOS2023-E011) (District 3) 19701 S. Tamiami Trail, located east on US 41, north of the Vines entrance. Applicant is seeking approval of a ± 4,153 square foot addition to the north side of the existing health...",Planning Zoning & Design Board,Regular Meeting,Planning Zoning & Design Board,2024-04-09,2024-04-09,2024,Accepted,72,1,Ordinance,open_space,"Estero Family Health Center - Addition (DOS2023-E011) (District 3) 19701 S. Tamiami Trail, located east on US 41, north of the Vines entrance. Applicant is seeking approval of a ± 4,153 square foot addition to the north side of the existing health...","Estero Family Health Center - Addition (DOS2023-E011) (District 3) 19701 S. Tamiami Trail, located east on US 41, north of the Vines entrance. Applicant is seeking approval of a ± 4,153 square foot addition to the north side of the existing health center,. Action: No formal action recorded. Estero Family Health Center - Addition (DOS2023-E011) (District 3) 19701 S. Tamiami Trail, located east on US 41, north of the Vines entrance. Applicant is seeking approval of a ± 4,153 square foot additio...","No formal action recorded. Estero Family Health Center - Addition (DOS2023-E011) (District 3) 19701 S. Tamiami Trail, located east on US 41, north of the Vines entrance. Applicant is seeking approval of a ± 4,153 square foot addition to the north side of the existing health center, with parking improvements. Final Action Agenda/Minutes are supplemented by audio and video recordings of the meetings, as well as transcripts. Video recordings of Design Review Board meetings from June 8, 2016, forward, as well agendas, staff reports, resolutions, ordinances, and other documents related to the meetings can be viewed online at https://estero-fl.gov/agendas/ at the corresponding meeting date. Planning Zoning and Design Board Minutes - April 9, 2024 Page 2 of 9 Staff Presentation/Comments Mary Gibbs, Community Development Director Presentation/Information by Joshua J. Jennings P.E, Weiler Engineering Corporation James J. H","No formal action recorded. Estero Family Health Center - Addition (DOS2023-E011) (District 3) 19701 S. Tamiami Trail, located east on US 41, north of the Vines entrance. Applicant is seeking approval of a ± 4,153 square foot addition to the north side of the existing health center, with parking improvements. Final Action Agenda/Minutes are supplemented by audio and video recordings of the meetings, as well as transcripts. Video recordings of Design Review Board meetings from June 8, 2016, forward, as well agendas, staff reports, resolutions, ordinances, and other documents related to the meetings can be viewed online at https://estero-fl.gov/agendas/ at the corresponding meeting date. Planning Zoning and Design Board Minutes - April 9, 2024 Page 2 of 9 Staff Presentation/Comments Mary Gibbs, Community Development Director Presentation/Information by Joshua J. Jennings P.E, Weiler Engineering Corporation James J. H",,,,,June 8,DOS2023-E011,3,"19701 S. Tamiami Trail, Estero, FL","19701 S. Tamiami Trail, Estero, FL",26.454126833218,-81.821494392036,1.0,,20240409 PZDB Minutes.pdf,https://raw.githubusercontent.com/EagleGIS-FGCU/EagleGIS/main/data/raw/pzdb/2024/20240409%20PZDB%20Minutes.pdf,AgendaItemLocation
"Ordinance No. 2024-05 Bella Terra Cell Tower An Ordinance of the Village Council of the Village of Estero, Florida, Approving an Amendment to the Commercial Planned Development Zoning in the Bella Terra Development to Allow the use of Wireless Com...",Village Council,Regular Meeting,Village Council,2024-04-03,2024-04-03,2024,Accepted,1111,10,Ordinance,commercial,"Ordinance No. 2024-05 Bella Terra Cell Tower An Ordinance of the Village Council of the Village of Estero, Florida, Approving an Amendment to the Commercial Planned Development Zoning in the Bella Terra Development to Allow the use of Wireless Com...","Ordinance No. 2024-05 Bella Terra Cell Tower An Ordinance of the Village Council of the Village of Estero, Florida, Approving an Amendment to the Commercial Planned Development Zoning in the Bella Terra Development to Allow the use of Wireless Communicati. Action: Passed first reading of Ordinance No. 2024-05 and set public hearing and second reading for April 17, 20","Passed first reading of Ordinance No. 2024-05 and set public hearing and second reading for April 17, 20","Passed first reading of Ordinance No. 2024-05 and set public hearing and second reading for April 17, 20","Passed first reading of Ordinance No. 2024-05 and set public hearing and second reading for April 17, 20",,,Detected,,Ordinance No. 2024-05,,"19980 Bella Terra Boulevard, Estero, FL","19980 Bella Terra Boulevard, Estero, FL",26.450582796918,-81.73115952021,1.0,TD/CS,04032024 minutes.pdf,https://estero-fl.gov/wp-content/uploads/library-ada/minutes/2024%20Minutes/04032024%20minutes.pdf,AgendaItemLocation
Estero Parkway Improvements,Village Council,Regular Meeting,Village Council,2024-04-03,2024-04-03,2024,Accepted,1110,9,Contract Approval,other,Estero Parkway Plant Replacement Contract,"Estero Parkway Plant Replacement Contract. Action: Approved EC 2021-04 Amendment-06 in the amount of $23,466 with P&T Lawn and Tractor to replace trees and shrubs along Estero Parkway and authorize the Village Manager to sign the contract and other additional implementing documents within the scope of the contract on behalf of the Village of Estero Council","Approved EC 2021-04 Amendment-06 in the amount of $23,466 with P&T Lawn and Tractor to replace trees and shrubs along Estero Parkway and authorize the Village Manager to sign the contract and other additional implementing documents within the scope of the contract on behalf of the Village of Estero Council","Approved EC 2021-04 Amendment-06 in the amount of $23,466 with P&T Lawn and Tractor to replace trees and shrubs along Estero Parkway and authorize the Village Manager to sign the contract and other additional implementing documents within the scope of the contract on behalf of the Village of Estero Council","Approved EC 2021-04 Amendment-06 in the amount of $23,466 with P&T Lawn and Tractor to replace trees and shrubs along Estero Parkway and authorize the Village Manager to sign the contract and other additional implementing documents within the scope of the contract on behalf of the Village of Estero Council",,,Detected,P&T Lawn and Tractor,EC 2021-04,,"Estero Parkway from US 41 to Three Oaks Parkway, Estero, FL","Estero Parkway from US 41 to Three Oaks Parkway, Estero, FL",26.448792003304,-81.803409304378,0.95,TD/CS,04032024 minutes.pdf,https://estero-fl.gov/wp-content/uploads/library-ada/minutes/2024%20Minutes/04032024%20minutes.pdf,AgendaItemLocation
"Cell Phone Tower - Bella Terra - Zoning Amendment (DCI2023-E002) (District 7) 19980 Bella Terra Boulevard, ±12.44 acres, partially cleared located on Corkscrew Road, west of Bella Terra's entrance and south of Wild Blue. Final Action Agenda/Minute...",Planning Zoning & Design Board,Regular Meeting,Planning Zoning & Design Board,2024-03-12,2024-03-12,2024,Accepted,71,1,Unknown,commercial,"Cell Phone Tower - Bella Terra - Zoning Amendment (DCI2023-E002) (District 7) 19980 Bella Terra Boulevard, ±12.44 acres, partially cleared located on Corkscrew Road, west of Bella Terra's entrance and south of Wild Blue. Final Action Agenda/Minute...","Cell Phone Tower - Bella Terra - Zoning Amendment (DCI2023-E002) (District 7) 19980 Bella Terra Boulevard, ±12.44 acres, partially cleared located on Corkscrew Road, west of Bella Terra's entrance and south of Wild Blue. Final Action Agenda/Minutes are su. Action: Recommended to Council to approve amendment to Commercial Planned Development to add the use of Wireless Communication Facility with staff conditions and an additional condition to provide an updated letter from the engineer address...",Recommended to Council to approve amendment to Commercial Planned Development to add the use of Wireless Communication Facility with staff conditions and an additional condition to provide an updated letter from the engineer addressing the taller tower height and the fall radius,Recommended to Council to approve amendment to Commercial Planned Development to add the use of Wireless Communication Facility with staff conditions and an additional condition to provide an updated letter from the engineer addressing the taller tower height and the fall radius,,,,See minutes,,DCI2023-E002,7,"19980 Bella Terra Boulevard, Estero, FL","19980 Bella Terra Boulevard, Estero, FL",26.450582796918,-81.73115952021,1.0,,20240312 PZDB Minutes.pdf,https://raw.githubusercontent.com/EagleGIS-FGCU/EagleGIS/main/data/raw/pzdb/2024/20240312%20PZDB%20Minutes.pdf,AgendaItemLocation
Corkscrew Road,Village Council,Regular Meeting,Village Council,2024-02-21,2024-02-21,2024,Accepted,1086,3,Contract Approval,infrastructure,Corkscrew Road-River Creek Sidewalk Agreement,"Corkscrew Road-River Creek Sidewalk Agreement. Action: Approved a perpetual sidewalk easement agreement with GL Homes to obtain an easement for the path along the River Creek Community and pay GL Homes $104,994.23 after they build the path using asphalt as the material, approve a $10,000 contingency for additional services that may be required to complete the project, and authorize the Village Manager to sign the sidewalk easement agreement and other additional implementing documents within t...","Approved a perpetual sidewalk easement agreement with GL Homes to obtain an easement for the path along the River Creek Community and pay GL Homes $104,994.23 after they build the path using asphalt as the material, approve a $10,000 contingency for additional services that may be required to complete the project, and authorize the Village Manager to sign the sidewalk easement agreement and other additional implementing documents within the scope of the agreement on behalf of the Village of Estero Council","Approved a perpetual sidewalk easement agreement with GL Homes to obtain an easement for the path along the River Creek Community and pay GL Homes $104,994.23 after they build the path using asphalt as the material, approve a $10,000 contingency for additional services that may be required to complete the project, and authorize the Village Manager to sign the sidewalk easement agreement and other additional implementing documents within the scope of the agreement on behalf of the Village of Estero Council","Approved a perpetual sidewalk easement agreement with GL Homes to obtain an easement for the path along the River Creek Community and pay GL Homes $104,994.23 after they build the path using asphalt as the material, approve a $10,000 contingency for additional services that may be required to complete the project, and authorize the Village Manager to sign the sidewalk easement agreement and other additional implementing documents within the scope of the agreement on behalf of the Village of Estero Council",,,Detected,GL Homes,,,Corkscrew Road Widening Corridor,"Corkscrew Road from Ben Hill Griffin Parkway to east of Bella Terra Boulevard, Estero, FL",26.443916962688,-81.750022322755,0.9,TD/CS,02212024 minutes.pdf,https://estero-fl.gov/wp-content/uploads/library-ada/minutes/2024%20Minutes/02212024%20minutes.pdf,AgendaItemLocation
"Downtown Estero Multi-Family Townhomes - Development Order, DOS2023-E009 (District 4) Multi-Family Townhomes located in the 34-acre Downtown Estero Development, east of US 41 and north of Broadway East. Final Action Agenda/Minutes are supplemented...",Planning Zoning & Design Board,Regular Meeting,Planning Zoning & Design Board,2024-02-13,2024-02-13,2024,Accepted,70,1,Vote,residential,"Downtown Estero Multi-Family Townhomes - Development Order, DOS2023-E009 (District 4) Multi-Family Townhomes located in the 34-acre Downtown Estero Development, east of US 41 and north of Broadway East. Final Action Agenda/Minutes are supplemented...","Downtown Estero Multi-Family Townhomes - Development Order, DOS2023-E009 (District 4) Multi-Family Townhomes located in the 34-acre Downtown Estero Development, east of US 41 and north of Broadway East. Final Action Agenda/Minutes are supplemented by audi. Action: Approved Development Order with condition to provide updated construction information in the Construction Activities Management Plan within 30 days of Planning Zoning and Design Board approval",Approved Development Order with condition to provide updated construction information in the Construction Activities Management Plan within 30 days of Planning Zoning and Design Board approval,Approved Development Order with condition to provide updated construction information in the Construction Activities Management Plan within 30 days of Planning Zoning and Design Board approval,Approved Development Order with condition to provide updated construction information in the Construction Activities Management Plan within 30 days of Planning Zoning and Design Board approval,,,See minutes,,DOS2023-E009,4,"Downtown Estero project site, east of US 41 and north of Broadway Avenue East, Estero, FL","Downtown Estero project site, east of US 41 and north of Broadway Avenue East, Estero, FL",26.4432,-81.807,1.0,,20240213 PZDB Minutes.pdf,https://raw.githubusercontent.com/EagleGIS-FGCU/EagleGIS/main/data/raw/pzdb/2024/20240213%20PZDB%20Minutes.pdf,AgendaItemLocation
Corkscrew Road,Village Council,Regular Meeting,Village Council,2024-02-07,2024-02-07,2024,Accepted,1083,8,Contract Approval,infrastructure,Corkscrew Road Easement Acquisition Services Contract,"Corkscrew Road Easement Acquisition Services Contract. Action: Approved EC 2024-06 STA -01 in the amount of $59,000 for Florida Acquisition & Appraisal Inc. to provide easement acquisition services for the Corkscrew Road Pathway Improvements Project, approve a $5,900 contingency for additional services that may be required to complete the project, and authorize the Village Manager to sign the contract and other additional implementing documents within the scope of the contract on behalf of th...","Approved EC 2024-06 STA -01 in the amount of $59,000 for Florida Acquisition & Appraisal Inc. to provide easement acquisition services for the Corkscrew Road Pathway Improvements Project, approve a $5,900 contingency for additional services that may be required to complete the project, and authorize the Village Manager to sign the contract and other additional implementing documents within the scope of the contract on behalf of the Village of Estero Council, and to approve and execute any subsequent amendments which do not require an increase in the not to exceed budget (with contingency)","Approved EC 2024-06 STA -01 in the amount of $59,000 for Florida Acquisition & Appraisal Inc. to provide easement acquisition services for the Corkscrew Road Pathway Improvements Project, approve a $5,900 contingency for additional services that may be required to complete the project, and authorize the Village Manager to sign the contract and other additional implementing documents within the scope of the contract on behalf of the Village of Estero Council, and to approve and execute any subsequent amendments which do not require an increase in the not to exceed budget (with contingency)","Approved EC 2024-06 STA -01 in the amount of $59,000 for Florida Acquisition & Appraisal Inc. to provide easement acquisition services for the Corkscrew Road Pathway Improvements Project, approve a $5,900 contingency for additional services that may be required to complete the project, and authorize the Village Manager to sign the contract and other additional implementing documents within the scope of the contract on behalf of the Village of Estero Council, and to approve and execute any subsequent amendments which do not require an increase in the not to exceed budget (with contingency)",,,Detected,,EC 2024-06,,Corkscrew Road Widening Corridor,"Corkscrew Road from Ben Hill Griffin Parkway to east of Bella Terra Boulevard, Estero, FL",26.443916962688,-81.750022322755,0.9,TD/CS,02072024 minutes.pdf,https://estero-fl.gov/wp-content/uploads/library-ada/minutes/2024%20Minutes/02072024%20minutes.pdf,AgendaItemLocation
Williams Road Improvements,Village Council,Regular Meeting,Village Council,2024-02-07,2024-02-07,2024,Accepted,1082,7,Contract Approval,open_space,US 41 Median Landscaping (Williams Rd to South of Estero Parkway) Contract,"US 41 Median Landscaping (Williams Rd to South of Estero Parkway) Contract. Action: Approved EC 2019-66 STA-42 in the amount of $236,405 for P & T Lawn & Tractor Services, Inc. to install landscaping along US 41 from Williams Road to south of Estero Parkway, approve a $23,000 contingency for additional services that may be required to complete the project, and authorize the Village Manager to sign the contract and other additional implementing documents within the scope of the contract on beh...","Approved EC 2019-66 STA-42 in the amount of $236,405 for P & T Lawn & Tractor Services, Inc. to install landscaping along US 41 from Williams Road to south of Estero Parkway, approve a $23,000 contingency for additional services that may be required to complete the project, and authorize the Village Manager to sign the contract and other additional implementing documents within the scope of the contract on behalf of the Village of Estero Council, and to approve and execute any subsequent amendments which do not require an increase in the not to exceed budget (with contingency)","Approved EC 2019-66 STA-42 in the amount of $236,405 for P & T Lawn & Tractor Services, Inc. to install landscaping along US 41 from Williams Road to south of Estero Parkway, approve a $23,000 contingency for additional services that may be required to complete the project, and authorize the Village Manager to sign the contract and other additional implementing documents within the scope of the contract on behalf of the Village of Estero Council, and to approve and execute any subsequent amendments which do not require an increase in the not to exceed budget (with contingency)","Approved EC 2019-66 STA-42 in the amount of $236,405 for P & T Lawn & Tractor Services, Inc. to install landscaping along US 41 from Williams Road to south of Estero Parkway, approve a $23,000 contingency for additional services that may be required to complete the project, and authorize the Village Manager to sign the contract and other additional implementing documents within the scope of the contract on behalf of the Village of Estero Council, and to approve and execute any subsequent amendments which do not require an increase in the not to exceed budget (with contingency)",,,Detected,Williams Road to south of Estero Parkway,EC 2019-66,,"US 41 from Williams Road to south of Estero Parkway, Estero, FL","US 41 from Williams Road to south of Estero Parkway, Estero, FL",26.434255,-81.814695788461,0.95,TD/CS,02072024 minutes.pdf,https://estero-fl.gov/wp-content/uploads/library-ada/minutes/2024%20Minutes/02072024%20minutes.pdf,AgendaItemLocation
River Ranch Road Easement Acquisition Services Contract,Village Council,Regular Meeting,Village Council,2024-02-07,2024-02-07,2024,Accepted,1081,6,Contract Approval,infrastructure,River Ranch Road Easement Acquisition Services Contract,"River Ranch Road Easement Acquisition Services Contract. Action: Approved EC 2024-06 STA-03 in the amount of $200,600 for Florida Acquisition & Appraisal Inc. to provide easement acquisition services for the River Ranch Road Improvements Project, approve a $20,000 contingency for additional services that may be required to complete the project, and authorize the Village Manager to sign the contract and other additional implementing documents within the scope of the contract on behalf of the V...","Approved EC 2024-06 STA-03 in the amount of $200,600 for Florida Acquisition & Appraisal Inc. to provide easement acquisition services for the River Ranch Road Improvements Project, approve a $20,000 contingency for additional services that may be required to complete the project, and authorize the Village Manager to sign the contract and other additional implementing documents within the scope of the contract on behalf of the Village of Estero Council, and to approve and execute any subsequent amendments which do not require an increase in the not to exceed budget (with contingency)","Approved EC 2024-06 STA-03 in the amount of $200,600 for Florida Acquisition & Appraisal Inc. to provide easement acquisition services for the River Ranch Road Improvements Project, approve a $20,000 contingency for additional services that may be required to complete the project, and authorize the Village Manager to sign the contract and other additional implementing documents within the scope of the contract on behalf of the Village of Estero Council, and to approve and execute any subsequent amendments which do not require an increase in the not to exceed budget (with contingency)","Approved EC 2024-06 STA-03 in the amount of $200,600 for Florida Acquisition & Appraisal Inc. to provide easement acquisition services for the River Ranch Road Improvements Project, approve a $20,000 contingency for additional services that may be required to complete the project, and authorize the Village Manager to sign the contract and other additional implementing documents within the scope of the contract on behalf of the Village of Estero Council, and to approve and execute any subsequent amendments which do not require an increase in the not to exceed budget (with contingency)",,,Detected,,EC 2024-06,,"River Ranch Road from Williams Road to Corkscrew Road, Estero, FL","River Ranch Road from Williams Road to Corkscrew Road, Estero, FL",26.425785502152,-81.794620501714,0.95,TD/CS,02072024 minutes.pdf,https://estero-fl.gov/wp-content/uploads/library-ada/minutes/2024%20Minutes/02072024%20minutes.pdf,AgendaItemLocation
Sandy Lane Improvements,Village Council,Regular Meeting,Village Council,2024-02-07,2024-02-07,2024,Accepted,1080,5,Contract Approval,infrastructure,Sandy Lane Easement Acquisition Services Contract,"Sandy Lane Easement Acquisition Services Contract. Action: Approved EC 2024-06 STA -02 in the amount of $47,200 for Florida Acquisition & Appraisal Inc. to provide easement acquisition services for the Sandy Lane Bike/Ped Improvements Project, approve a $4,700 contingency for additional services that may be required to complete the project, and authorize the Village Manager to sign the contract and other additional implementing documents within the scope of the contract on behalf of the Villa...","Approved EC 2024-06 STA -02 in the amount of $47,200 for Florida Acquisition & Appraisal Inc. to provide easement acquisition services for the Sandy Lane Bike/Ped Improvements Project, approve a $4,700 contingency for additional services that may be required to complete the project, and authorize the Village Manager to sign the contract and other additional implementing documents within the scope of the contract on behalf of the Village of Estero Council, and to approve and execute any subsequent amendments which do not require an increase in the not to exceed budget (with contingency)","Approved EC 2024-06 STA -02 in the amount of $47,200 for Florida Acquisition & Appraisal Inc. to provide easement acquisition services for the Sandy Lane Bike/Ped Improvements Project, approve a $4,700 contingency for additional services that may be required to complete the project, and authorize the Village Manager to sign the contract and other additional implementing documents within the scope of the contract on behalf of the Village of Estero Council, and to approve and execute any subsequent amendments which do not require an increase in the not to exceed budget (with contingency)","Approved EC 2024-06 STA -02 in the amount of $47,200 for Florida Acquisition & Appraisal Inc. to provide easement acquisition services for the Sandy Lane Bike/Ped Improvements Project, approve a $4,700 contingency for additional services that may be required to complete the project, and authorize the Village Manager to sign the contract and other additional implementing documents within the scope of the contract on behalf of the Village of Estero Council, and to approve and execute any subsequent amendments which do not require an increase in the not to exceed budget (with contingency)",,,Detected,,EC 2024-06,,Sandy Lane,"Sandy Lane from Corkscrew Road to Broadway Avenue East, Estero, FL",26.43663000848,-81.804926512673,0.9,TD/CS,02072024 minutes.pdf,https://estero-fl.gov/wp-content/uploads/library-ada/minutes/2024%20Minutes/02072024%20minutes.pdf,AgendaItemLocation
Approval of agreement between the Village and the School Board of Lee County for the acquisition of a parcel of land along Three Oaks Parkway in Estero,Village Council,Regular Meeting,Village Council,2024-01-24,2024-01-24,2024,Accepted,1073,7,Contract Approval,institutional,Approval of agreement between the Village and the School Board of Lee County for the acquisition of a parcel of land along Three Oaks Parkway in Estero,Approval of agreement between the Village and the School Board of Lee County for the acquisition of a parcel of land along Three Oaks Parkway in Estero. Action: Approved Agreement of Purchase and Sale Agreement for the purchase of 20897 Three Oaks Parkway,Approved Agreement of Purchase and Sale Agreement for the purchase of 20897 Three Oaks Parkway,Approved Agreement of Purchase and Sale Agreement for the purchase of 20897 Three Oaks Parkway,Approved Agreement of Purchase and Sale Agreement for the purchase of 20897 Three Oaks Parkway,,,Detected,,,,"20897 Three Oaks Parkway, Estero, FL","20897 Three Oaks Parkway, Estero, FL",26.436576930078,-81.784532881242,1.0,TD/CS,01242024 minutes.pdf,https://estero-fl.gov/wp-content/uploads/library-ada/minutes/2024%20Minutes/01242024%20minutes.pdf,AgendaItemLocation
Sandy Lane Improvements,Village Council,Regular Meeting,Village Council,2024-01-24,2024-01-24,2024,Accepted,1071,5,Contract Approval,infrastructure,Sandy Lane Construction Engineering Inspection Services Contract,"Sandy Lane Construction Engineering Inspection Services Contract. Action: Approved EC 2024-09 in the amount of $490,560.65 for HighSpans Engineering, Inc. to provide construction engineering and inspection services for the Sandy Lake Bike/Ped Improvements, approve a $49,000 contingency for additional services that may be required to complete the project, and authorize the Village Manager to sign the contract and other additional implementing documents within the scope of the contract on behal...","Approved EC 2024-09 in the amount of $490,560.65 for HighSpans Engineering, Inc. to provide construction engineering and inspection services for the Sandy Lake Bike/Ped Improvements, approve a $49,000 contingency for additional services that may be required to complete the project, and authorize the Village Manager to sign the contract and other additional implementing documents within the scope of the contract on behalf of the Village of Estero Council, and to approve and execute and subsequent amendments which do not require an increase in the not to exceed budget (with contingency)","Approved EC 2024-09 in the amount of $490,560.65 for HighSpans Engineering, Inc. to provide construction engineering and inspection services for the Sandy Lake Bike/Ped Improvements, approve a $49,000 contingency for additional services that may be required to complete the project, and authorize the Village Manager to sign the contract and other additional implementing documents within the scope of the contract on behalf of the Village of Estero Council, and to approve and execute and subsequent amendments which do not require an increase in the not to exceed budget (with contingency)","Approved EC 2024-09 in the amount of $490,560.65 for HighSpans Engineering, Inc. to provide construction engineering and inspection services for the Sandy Lake Bike/Ped Improvements, approve a $49,000 contingency for additional services that may be required to complete the project, and authorize the Village Manager to sign the contract and other additional implementing documents within the scope of the contract on behalf of the Village of Estero Council, and to approve and execute and subsequent amendments which do not require an increase in the not to exceed budget (with contingency)",,,Detected,,EC 2024-09,,Sandy Lane,"Sandy Lane from Corkscrew Road to Broadway Avenue East, Estero, FL",26.43663000848,-81.804926512673,0.9,TD/CS,01242024 minutes.pdf,https://estero-fl.gov/wp-content/uploads/library-ada/minutes/2024%20Minutes/01242024%20minutes.pdf,AgendaItemLocation
Septic to Sewer,Village Council,Regular Meeting,Village Council,2024-01-03,2024-01-03,2024,Accepted,1066,7,Contract Approval,infrastructure,"Estero Bay Village, Sunny Groves & Cypress Bend Gravity Sewer Smoke & Closed- circuit Television (CCTV) Testing Change Order No. 1","Estero Bay Village, Sunny Groves & Cypress Bend Gravity Sewer Smoke & Closed- circuit Television (CCTV) Testing Change Order No. 1. Action: Approved Change Order No. 1 in the amount of $8,500.00 to Contract EC 2022-83 with National Water Main Cleaning Company for the gravity sewer line testing in the Estero Bay Village, Sunny Grove, and Cypress Bend mobile home developments, approve a 10% (of the total project cos","Approved Change Order No. 1 in the amount of $8,500.00 to Contract EC 2022-83 with National Water Main Cleaning Company for the gravity sewer line testing in the Estero Bay Village, Sunny Grove, and Cypress Bend mobile home developments, approve a 10% (of the total project cos","Approved Change Order No. 1 in the amount of $8,500.00 to Contract EC 2022-83 with National Water Main Cleaning Company for the gravity sewer line testing in the Estero Bay Village, Sunny Grove, and Cypress Bend mobile home developments, approve a 10% (of the total project cos","Approved Change Order No. 1 in the amount of $8,500.00 to Contract EC 2022-83 with National Water Main Cleaning Company for the gravity sewer line testing in the Estero Bay Village, Sunny Grove, and Cypress Bend mobile home developments, approve a 10% (of the total project cos",,,Detected,National Water Main Cleaning Company,EC 2022-83,,Cypress Bend Septic Area,"Cypress Bend, Estero, FL",26.4469,-81.8116,0.9,TD/CS,01032024 minutes.pdf,https://estero-fl.gov/wp-content/uploads/library-ada/minutes/2024%20Minutes/01032024%20minutes.pdf,AgendaItemLocation
"Approval of code enforcement lien compromise payment from Pro Energy, LLC",Village Council,Regular Meeting,Village Council,2024-01-03,2024-01-03,2024,Accepted,1063,4,Unknown,infrastructure,"Approval of code enforcement lien compromise payment from Pro Energy, LLC","Approval of code enforcement lien compromise payment from Pro Energy, LLC. Action: Accepted a payment of $30,000 from ProEnergy, LLC, in compromise of the Village's code enforcement lien on the owner's property at 8800 Corkscrew Road, and to authorize the Village Manager or his designee to file a release of lien once the payment has been made","Accepted a payment of $30,000 from ProEnergy, LLC, in compromise of the Village's code enforcement lien on the owner's property at 8800 Corkscrew Road, and to authorize the Village Manager or his designee to file a release of lien once the payment has been made","Accepted a payment of $30,000 from ProEnergy, LLC, in compromise of the Village's code enforcement lien on the owner's property at 8800 Corkscrew Road, and to authorize the Village Manager or his designee to file a release of lien once the payment has been made",,,,Detected,Pro Energy,,,"8800 Corkscrew Road, Estero, FL","8800 Corkscrew Road, Estero, FL",26.430882013604,-81.807370969005,1.0,TD/CS,01032024 minutes.pdf,https://estero-fl.gov/wp-content/uploads/library-ada/minutes/2024%20Minutes/01032024%20minutes.pdf,AgendaItemLocation
"Estero Storage LLC - Zoning Amendment (No application submitted) (District 4) 10251 Arcos Avenue located on a ± 7-acre vacant site east of the Estero Medical Center, off Arcos Avenue in the Plaza Del Sol Commercial Planned Development (CPD) Final...",Planning Zoning & Design Board,Regular Meeting,Planning Zoning & Design Board,2023-12-12,2023-12-12,2023,Accepted,69,1,Ordinance,commercial,"Estero Storage LLC - Zoning Amendment (No application submitted) (District 4) 10251 Arcos Avenue located on a ± 7-acre vacant site east of the Estero Medical Center, off Arcos Avenue in the Plaza Del Sol Commercial Planned Development (CPD) Final...","Estero Storage LLC - Zoning Amendment (No application submitted) (District 4) 10251 Arcos Avenue located on a ± 7-acre vacant site east of the Estero Medical Center, off Arcos Avenue in the Plaza Del Sol Commercial Planned Development (CPD) Final Action A. Action: No formal action recorded. Estero Storage LLC - Zoning Amendment (No application submitted) (District 4) 10251 Arcos Avenue located on a ± 7-acre vacant site east of the Estero Medical Center, off Arcos Avenue in the Plaza Del Sol C...","No formal action recorded. Estero Storage LLC - Zoning Amendment (No application submitted) (District 4) 10251 Arcos Avenue located on a ± 7-acre vacant site east of the Estero Medical Center, off Arcos Avenue in the Plaza Del Sol Commercial Planned Development (CPD) Final Action Agenda/Minutes are supplemented by audio and video recordings of the meetings, as well as transcripts. Video recordings of Design Review Board meetings from June 8, 2016, forward, as well agendas, staff reports, resolutions, ordinances, and other documents related to the meetings can be viewed online at https://estero-fl.gov/agendas/ at the corresponding meeting date. Planning Zoning and Design Board Minutes - December 12, 2023 Page 2 of 4 Applicant seeks zoning amendment for Parcel ""G"" in the Plaza Del Sol CPD to allow for a mixed-use project that includes storage, hotel, retail / restaurant / medical office, and associated infrastructur","No formal action recorded. Estero Storage LLC - Zoning Amendment (No application submitted) (District 4) 10251 Arcos Avenue located on a ± 7-acre vacant site east of the Estero Medical Center, off Arcos Avenue in the Plaza Del Sol Commercial Planned Development (CPD) Final Action Agenda/Minutes are supplemented by audio and video recordings of the meetings, as well as transcripts. Video recordings of Design Review Board meetings from June 8, 2016, forward, as well agendas, staff reports, resolutions, ordinances, and other documents related to the meetings can be viewed online at https://estero-fl.gov/agendas/ at the corresponding meeting date. Planning Zoning and Design Board Minutes - December 12, 2023 Page 2 of 4 Applicant seeks zoning amendment for Parcel ""G"" in the Plaza Del Sol CPD to allow for a mixed-use project that includes storage, hotel, retail / restaurant / medical office, and associated infrastructur",,,,,June 8,,4,"10251 Arcos Avenue, Estero, FL","10251 Arcos Avenue, Estero, FL",26.43347675746,-81.785746161726,1.0,,20231212 PZDB Minutes.pdf,https://raw.githubusercontent.com/EagleGIS-FGCU/EagleGIS/main/data/raw/pzdb/2023/20231212%20PZDB%20Minutes.pdf,AgendaItemLocation
Estero on the River,Village Council,Regular Meeting,Village Council,2023-12-06,2023-12-06,2023,Accepted,1216,6,Contract Approval,open_space,River Oaks Preserve Preliminary Design Contract,"River Oaks Preserve Preliminary Design Contract. Action: Approved award of Supplemental Task Authorization 02 to Contract EC 2022-35 to Kimley Horn to provide preliminary design services for the River Oaks Preserve for $97,900, approve a $10,000 contingency for additional services that may be required to complete the project, and authorize the Village Manager to sign the STA and other additional implementing documents within the scope of the STA on behalf of the Village of Estero Council","Approved award of Supplemental Task Authorization 02 to Contract EC 2022-35 to Kimley Horn to provide preliminary design services for the River Oaks Preserve for $97,900, approve a $10,000 contingency for additional services that may be required to complete the project, and authorize the Village Manager to sign the STA and other additional implementing documents within the scope of the STA on behalf of the Village of Estero Council","Approved award of Supplemental Task Authorization 02 to Contract EC 2022-35 to Kimley Horn to provide preliminary design services for the River Oaks Preserve for $97,900, approve a $10,000 contingency for additional services that may be required to complete the project, and authorize the Village Manager to sign the STA and other additional implementing documents within the scope of the STA on behalf of the Village of Estero Council","Approved award of Supplemental Task Authorization 02 to Contract EC 2022-35 to Kimley Horn to provide preliminary design services for the River Oaks Preserve for $97,900, approve a $10,000 contingency for additional services that may be required to complete the project, and authorize the Village Manager to sign the STA and other additional implementing documents within the scope of the STA on behalf of the Village of Estero Council",,,Detected,,EC 2022-35,,River Oaks Preserve,"River Oaks Preserve, Estero, FL",26.4420079,-81.7993579,1.0,TD/CS,12062023 minutes.pdf,https://estero-fl.gov/wp-content/uploads/library-ada/minutes/2023%20MINUTES/12062023%20minutes.pdf,AgendaItemLocation
Sandy Lane Improvements,Village Council,Regular Meeting,Village Council,2023-11-15,2023-11-15,2023,Accepted,1048,4,Contract Approval,infrastructure,Sandy Lane Design & Permitting Contract Change Order,"Sandy Lane Design & Permitting Contract Change Order. Action: Approved Change Order Number 2 in the amount of $159,754.77 for Atkins to provide additional services to complete the design and permit of the Sandy Lake Bike/Ped Improvements","Approved Change Order Number 2 in the amount of $159,754.77 for Atkins to provide additional services to complete the design and permit of the Sandy Lake Bike/Ped Improvements","Approved Change Order Number 2 in the amount of $159,754.77 for Atkins to provide additional services to complete the design and permit of the Sandy Lake Bike/Ped Improvements","Approved Change Order Number 2 in the amount of $159,754.77 for Atkins to provide additional services to complete the design and permit of the Sandy Lake Bike/Ped Improvements",,,Detected,,,,Sandy Lane,"Sandy Lane from Corkscrew Road to Broadway Avenue East, Estero, FL",26.43663000848,-81.804926512673,0.9,TD/CS,11152023 minutes.pdf,https://estero-fl.gov/wp-content/uploads/library-ada/minutes/2023%20MINUTES/11152023%20minutes.pdf,AgendaItemLocation
"Hilton Garden Inn - Development Order (DOS2020-E002) (District 6) 8009 Sweetwater Ranch Boulevard, a cleared and vacant 2.16 acre parcel at the southwest corner of Via Villagio and Sweetwater Ranch Boulevard adjacent to the Estero Fire Station. Ap...",Planning Zoning & Design Board,Regular Meeting,Planning Zoning & Design Board,2023-11-14,2023-11-14,2023,Accepted,66,1,Vote,infrastructure,"Hilton Garden Inn - Development Order (DOS2020-E002) (District 6) 8009 Sweetwater Ranch Boulevard, a cleared and vacant 2.16 acre parcel at the southwest corner of Via Villagio and Sweetwater Ranch Boulevard adjacent to the Estero Fire Station. Ap...","Hilton Garden Inn - Development Order (DOS2020-E002) (District 6) 8009 Sweetwater Ranch Boulevard, a cleared and vacant 2.16 acre parcel at the southwest corner of Via Villagio and Sweetwater Ranch Boulevard adjacent to the Estero Fire Station. Applicant . Action: Approved Development Order with staff stipulations, the addition of signs for cautioning people to watch for pedestrians, provide extra glass on the west elevation, approval of the most current plans submitted, excluding the monumen...","Approved Development Order with staff stipulations, the addition of signs for cautioning people to watch for pedestrians, provide extra glass on the west elevation, approval of the most current plans submitted, excluding the monument sign in the Development Order","Approved Development Order with staff stipulations, the addition of signs for cautioning people to watch for pedestrians, provide extra glass on the west elevation, approval of the most current plans submitted, excluding the monument sign in the Development Order","Approved Development Order with staff stipulations, the addition of signs for cautioning people to watch for pedestrians, provide extra glass on the west elevation, approval of the most current plans submitted, excluding the monument sign in the Development Order",,,See minutes,,DOS2020-E002,6,"8009 Sweetwater Ranch Boulevard, Estero, FL","8009 Sweetwater Ranch Boulevard, Estero, FL",26.411810375942,-81.809483711519,1.0,,20231114 PZDB Minutes.pdf,https://raw.githubusercontent.com/EagleGIS-FGCU/EagleGIS/main/data/raw/pzdb/2023/20231114%20PZDB%20Minutes.pdf,AgendaItemLocation
US 41 North Monument Sign Contract,Village Council,Regular Meeting,Village Council,2023-11-01,2023-11-01,2023,Accepted,1042,4,Contract Approval,infrastructure,US 41 North Monument Sign Contract,"US 41 North Monument Sign Contract. Action: Approved EC 2019-66 Supplemental Task Authorization (STA) - 42 for the engagement of P&T Lawn and Tractor to construct and install a monument sign on US 41 at a total cost of $66,675, approve a contingency fund amount of $6,700 (an amount equal to 10% of the total project cos","Approved EC 2019-66 Supplemental Task Authorization (STA) - 42 for the engagement of P&T Lawn and Tractor to construct and install a monument sign on US 41 at a total cost of $66,675, approve a contingency fund amount of $6,700 (an amount equal to 10% of the total project cos","Approved EC 2019-66 Supplemental Task Authorization (STA) - 42 for the engagement of P&T Lawn and Tractor to construct and install a monument sign on US 41 at a total cost of $66,675, approve a contingency fund amount of $6,700 (an amount equal to 10% of the total project cos","Approved EC 2019-66 Supplemental Task Authorization (STA) - 42 for the engagement of P&T Lawn and Tractor to construct and install a monument sign on US 41 at a total cost of $66,675, approve a contingency fund amount of $6,700 (an amount equal to 10% of the total project cos",,,Detected,,EC 2019-66,,US 41 / Tamiami Trail,"US 41 from Williams Road to Estero Parkway, Estero, FL",26.434255,-81.814695788461,0.9,TD/CS,11012023 minutes.pdf,https://estero-fl.gov/wp-content/uploads/library-ada/minutes/2023%20MINUTES/11012023%20minutes.pdf,AgendaItemLocation
General Planning & Zoning,Village Council,Regular Meeting,Village Council,2023-11-01,2023-11-01,2023,Accepted,1041,3,Contract Approval,commercial,Approval of Village Hall lease agreement,"Approval of Village Hall lease agreement. Action: Approved the Second Amendment to Commercial Lease Agreement between Hamleg Corkscrew, LLC, and the Village of Estero, and to authorize the Village Manager to execute the Second Amendment for the Village","Approved the Second Amendment to Commercial Lease Agreement between Hamleg Corkscrew, LLC, and the Village of Estero, and to authorize the Village Manager to execute the Second Amendment for the Village","Approved the Second Amendment to Commercial Lease Agreement between Hamleg Corkscrew, LLC, and the Village of Estero, and to authorize the Village Manager to execute the Second Amendment for the Village","Approved the Second Amendment to Commercial Lease Agreement between Hamleg Corkscrew, LLC, and the Village of Estero, and to authorize the Village Manager to execute the Second Amendment for the Village",,,Detected,,,,Estero Village Hall,"9401 Corkscrew Palms Circle, Estero, FL 33928",26.430490662544,-81.799280001688,1.0,TD/CS,11012023 minutes.pdf,https://estero-fl.gov/wp-content/uploads/library-ada/minutes/2023%20MINUTES/11012023%20minutes.pdf,AgendaItemLocation
Corkscrew Road,Village Council,Regular Meeting,Village Council,2023-10-18,2023-10-18,2023,Accepted,1036,4,Vote,infrastructure,8801 Corkscrew Road Structure Demolition - RFB 2023-04,"8801 Corkscrew Road Structure Demolition - RFB 2023-04. Action: Approved award of Request for Bids No. RFB 2023-04, 8801 Corkscrew Road Structure Demolition to Southwest Builders Inc. to demolish the structure located at 8801 Corkscrew Road at a grand total cost of $106,890, approve a contingency fund amount of $10,689 (an amount equal to 10% of the total project cos","Approved award of Request for Bids No. RFB 2023-04, 8801 Corkscrew Road Structure Demolition to Southwest Builders Inc. to demolish the structure located at 8801 Corkscrew Road at a grand total cost of $106,890, approve a contingency fund amount of $10,689 (an amount equal to 10% of the total project cos","Approved award of Request for Bids No. RFB 2023-04, 8801 Corkscrew Road Structure Demolition to Southwest Builders Inc. to demolish the structure located at 8801 Corkscrew Road at a grand total cost of $106,890, approve a contingency fund amount of $10,689 (an amount equal to 10% of the total project cos","Approved award of Request for Bids No. RFB 2023-04, 8801 Corkscrew Road Structure Demolition to Southwest Builders Inc. to demolish the structure located at 8801 Corkscrew Road at a grand total cost of $106,890, approve a contingency fund amount of $10,689 (an amount equal to 10% of the total project cos",,,Detected,,RFB 2023-04,,"8801 Corkscrew Road, Estero, FL","8801 Corkscrew Road, Estero, FL",26.434598214195,-81.807374237947,1.0,TD/CS,10182023 minutes.pdf,https://estero-fl.gov/wp-content/uploads/library-ada/minutes/2023%20MINUTES/10182023%20minutes.pdf,AgendaItemLocation
Brooks Town Center Apartments (aka Coconut Pointe Residences) - Development Order (DOS2023-E010) (District 6) 9.95-acre parcel at the northwest corner of Coconut Road and Three Oaks Parkway. Applicant seeks to redevelop a portion of the Brooks Tow...,Planning Zoning & Design Board,Regular Meeting,Planning Zoning & Design Board,2023-10-10,2023-10-10,2023,Accepted,65,2,Vote,commercial,Brooks Town Center Apartments (aka Coconut Pointe Residences) - Development Order (DOS2023-E010) (District 6) 9.95-acre parcel at the northwest corner of Coconut Road and Three Oaks Parkway. Applicant seeks to redevelop a portion of the Brooks Tow...,Brooks Town Center Apartments (aka Coconut Pointe Residences) - Development Order (DOS2023-E010) (District 6) 9.95-acre parcel at the northwest corner of Coconut Road and Three Oaks Parkway. Applicant seeks to redevelop a portion of the Brooks Town Center. Action: Approved Development Order with a stipulation that the 20 spaces immediately in front of the commercial area that are back-to-back spaces be strictly reserved for commercial and not for joint use,Approved Development Order with a stipulation that the 20 spaces immediately in front of the commercial area that are back-to-back spaces be strictly reserved for commercial and not for joint use,Approved Development Order with a stipulation that the 20 spaces immediately in front of the commercial area that are back-to-back spaces be strictly reserved for commercial and not for joint use,Approved Development Order with a stipulation that the 20 spaces immediately in front of the commercial area that are back-to-back spaces be strictly reserved for commercial and not for joint use,,,See minutes,,DOS2023-E010,6,"Coconut Pointe Residences at Brooks Town Center site, Estero, FL","Coconut Pointe Residences at Brooks Town Center site, Estero, FL",26.39711,-81.78531,1.0,,20231010 PZDB Minutes.pdf,https://raw.githubusercontent.com/EagleGIS-FGCU/EagleGIS/main/data/raw/pzdb/2023/20231010%20PZDB%20Minutes.pdf,AgendaItemLocation
Brooks Town Center Apartments (aka Coconut Pointe Residences) - Development Order (DOS2023-E010) (District 6) 9.95-acre parcel at the northwest corner of Coconut Road and Three Oaks Parkway. Applicant seeks to redevelop a portion of the Brooks Tow...,Planning Zoning & Design Board,Regular Meeting,Planning Zoning & Design Board,2023-10-10,2023-10-10,2023,Accepted,64,1,Vote,residential,Brooks Town Center Apartments (aka Coconut Pointe Residences) - Development Order (DOS2023-E010) (District 6) 9.95-acre parcel at the northwest corner of Coconut Road and Three Oaks Parkway. Applicant seeks to redevelop a portion of the Brooks Tow...,Brooks Town Center Apartments (aka Coconut Pointe Residences) - Development Order (DOS2023-E010) (District 6) 9.95-acre parcel at the northwest corner of Coconut Road and Three Oaks Parkway. Applicant seeks to redevelop a portion of the Brooks Town Center. Action: MOTION FAILED,MOTION FAILED,MOTION FAILED,MOTION FAILED,,,See minutes,,DOS2023-E010,6,"Coconut Pointe Residences at Brooks Town Center site, Estero, FL","Coconut Pointe Residences at Brooks Town Center site, Estero, FL",26.39711,-81.78531,1.0,,20231010 PZDB Minutes.pdf,https://raw.githubusercontent.com/EagleGIS-FGCU/EagleGIS/main/data/raw/pzdb/2023/20231010%20PZDB%20Minutes.pdf,AgendaItemLocation
Hazard Mitigation Application Assistance Contract,Village Council,Regular Meeting,Village Council,2023-10-04,2023-10-04,2023,Accepted,1029,6,Contract Approval,open_space,Hazard Mitigation Application Assistance Contract,"Hazard Mitigation Application Assistance Contract. Action: Approved Change Order No. 1 to Contract EC 2022-39 STA 02 with J.R. Evans Engineering, P.A. for the Estero River North Branch Drainage HMGP Assistance project and authorize the Village Manager to sign Change Order No. 1 to Contract EC 2022-39 STA 02 with J.R. Evans Engineering, P.A","Approved Change Order No. 1 to Contract EC 2022-39 STA 02 with J.R. Evans Engineering, P.A. for the Estero River North Branch Drainage HMGP Assistance project and authorize the Village Manager to sign Change Order No. 1 to Contract EC 2022-39 STA 02 with J.R. Evans Engineering, P.A","Approved Change Order No. 1 to Contract EC 2022-39 STA 02 with J.R. Evans Engineering, P.A. for the Estero River North Branch Drainage HMGP Assistance project and authorize the Village Manager to sign Change Order No. 1 to Contract EC 2022-39 STA 02 with J.R. Evans Engineering, P.A","Approved Change Order No. 1 to Contract EC 2022-39 STA 02 with J.R. Evans Engineering, P.A. for the Estero River North Branch Drainage HMGP Assistance project and authorize the Village Manager to sign Change Order No. 1 to Contract EC 2022-39 STA 02 with J.R. Evans Engineering, P.A",,,Detected,J.R,EC 2022-39,,"Estero River North Branch from Bamboo Island to River Oaks Preserve, Estero, FL","Estero River North Branch from Bamboo Island to River Oaks Preserve, Estero, FL",26.4390196,-81.8105466,0.9,TD/CS,10042023 minutes.pdf,https://estero-fl.gov/wp-content/uploads/library-ada/minutes/2023%20MINUTES/10042023%20minutes.pdf,AgendaItemLocation
Lien Mitigation 20275 Sherrill Lane Case No. 18040009,Village Council,Regular Meeting,Village Council,2023-10-04,2023-10-04,2023,Accepted,1028,5,Vote,other,Lien Mitigation 20275 Sherrill Lane Case No. 18040009,"Lien Mitigation 20275 Sherrill Lane Case No. 18040009. Action: Approved staff recommendation accepting the request of Troy Blasko, the new owner to release the Village's code enforcement lien against 20275 Sherrill Ln, Estero in exchange for the payment of $5000","Approved staff recommendation accepting the request of Troy Blasko, the new owner to release the Village's code enforcement lien against 20275 Sherrill Ln, Estero in exchange for the payment of $5000","Approved staff recommendation accepting the request of Troy Blasko, the new owner to release the Village's code enforcement lien against 20275 Sherrill Ln, Estero in exchange for the payment of $5000","Approved staff recommendation accepting the request of Troy Blasko, the new owner to release the Village's code enforcement lien against 20275 Sherrill Ln, Estero in exchange for the payment of $5000",,,Detected,,,,20275 Sherrill Lane,"20275 Sherrill Lane, Estero, FL",26.446279192551,-81.82850870389,1.0,TD/CS,10042023 minutes.pdf,https://estero-fl.gov/wp-content/uploads/library-ada/minutes/2023%20MINUTES/10042023%20minutes.pdf,AgendaItemLocation
Corkscrew Road,Village Council,Regular Meeting,Village Council,2023-10-04,2023-10-04,2023,Accepted,1027,4,Vote,infrastructure,Lien Mitigation 8800 Corkscrew Road Case No. 21060001,"Lien Mitigation 8800 Corkscrew Road Case No. 21060001. Action: Authorized the Village Attorney to negotiate with the violator on a recommended amount to come back to council. If that fails, authorize the village attorney to foreclose the lien","Authorized the Village Attorney to negotiate with the violator on a recommended amount to come back to council. If that fails, authorize the village attorney to foreclose the lien","Authorized the Village Attorney to negotiate with the violator on a recommended amount to come back to council. If that fails, authorize the village attorney to foreclose the lien","Authorized the Village Attorney to negotiate with the violator on a recommended amount to come back to council. If that fails, authorize the village attorney to foreclose the lien",,,Detected,,,,"8800 Corkscrew Road, Estero, FL","8800 Corkscrew Road, Estero, FL",26.430882013604,-81.807370969005,1.0,TD/CS,10042023 minutes.pdf,https://estero-fl.gov/wp-content/uploads/library-ada/minutes/2023%20MINUTES/10042023%20minutes.pdf,AgendaItemLocation
Corkscrew Road,Village Council,Regular Meeting,Village Council,2023-10-04,2023-10-04,2023,Accepted,1026,3,Vote,infrastructure,Lien Mitigation 8800 Corkscrew Road Case No. 21060001,Lien Mitigation 8800 Corkscrew Road Case No. 21060001. Action: Motion Failed,Motion Failed,Motion Failed,Motion Failed,,,Detected,,,,"8800 Corkscrew Road, Estero, FL","8800 Corkscrew Road, Estero, FL",26.430882013604,-81.807370969005,1.0,TD/CS,10042023 minutes.pdf,https://estero-fl.gov/wp-content/uploads/library-ada/minutes/2023%20MINUTES/10042023%20minutes.pdf,AgendaItemLocation
Estero River Park (DOS2023-E002) (District 4) Village property located on the northeast corner of US 41 and Corkscrew Road. The Village plans to develop as a first phase ±5.8 acres providing a parking area and walking paths. No ex parte communicat...,Planning Zoning & Design Board,Regular Meeting,Planning Zoning & Design Board,2023-09-12,2023-09-12,2023,Accepted,63,6,Vote,open_space,Estero River Park (DOS2023-E002) (District 4) Village property located on the northeast corner of US 41 and Corkscrew Road. The Village plans to develop as a first phase ±5.8 acres providing a parking area and walking paths. No ex parte communicat...,Estero River Park (DOS2023-E002) (District 4) Village property located on the northeast corner of US 41 and Corkscrew Road. The Village plans to develop as a first phase ±5.8 acres providing a parking area and walking paths. No ex parte communication or c. Action: Approved the development as a first phase ±5.8 acres providing a parking area and walking paths with alternative paving for parking,Approved the development as a first phase ±5.8 acres providing a parking area and walking paths with alternative paving for parking,Approved the development as a first phase ±5.8 acres providing a parking area and walking paths with alternative paving for parking,Approved the development as a first phase ±5.8 acres providing a parking area and walking paths with alternative paving for parking,,,See minutes,,DOS2023-E002,4,"8801 Corkscrew Road, Estero, FL","8801 Corkscrew Road, Estero, FL",26.434598214195,-81.807374237947,1.0,,20230912 PZDB Minutes.pdf,https://raw.githubusercontent.com/EagleGIS-FGCU/EagleGIS/main/data/raw/pzdb/2023/20230912%20PZDB%20Minutes.pdf,AgendaItemLocation
"Abbiati Dental Office Building - Development Order (DOS2022-E015) (District 1) 22770 S. Tamiami Trail, west of US 41 and south of Fountain Lakes' entrance. The site is a1.45-acre undeveloped parcel directly south of Fountain Lakes Boulevard. Appli...",Planning Zoning & Design Board,Regular Meeting,Planning Zoning & Design Board,2023-09-12,2023-09-12,2023,Accepted,62,5,Vote,commercial,"Abbiati Dental Office Building - Development Order (DOS2022-E015) (District 1) 22770 S. Tamiami Trail, west of US 41 and south of Fountain Lakes' entrance. The site is a1.45-acre undeveloped parcel directly south of Fountain Lakes Boulevard. Appli...","Abbiati Dental Office Building - Development Order (DOS2022-E015) (District 1) 22770 S. Tamiami Trail, west of US 41 and south of Fountain Lakes' entrance. The site is a1.45-acre undeveloped parcel directly south of Fountain Lakes Boulevard. Applicant see. Action: Approved the Development Order with staff conditions",Approved the Development Order with staff conditions,Approved the Development Order with staff conditions,Approved the Development Order with staff conditions,,,See minutes,,DOS2022-E015,1,"22770 S. Tamiami Trail, Estero, FL","22770 S. Tamiami Trail, Estero, FL",26.410607321379,-81.812830856914,1.0,,20230912 PZDB Minutes.pdf,https://raw.githubusercontent.com/EagleGIS-FGCU/EagleGIS/main/data/raw/pzdb/2023/20230912%20PZDB%20Minutes.pdf,AgendaItemLocation
"Abbiati Dental Office Building - Development Order (DOS2022-E015) (District 1) 22770 S. Tamiami Trail, west of US 41 and south of Fountain Lakes' entrance. The site is a1.45-acre undeveloped parcel directly south of Fountain Lakes Boulevard. Appli...",Planning Zoning & Design Board,Regular Meeting,Planning Zoning & Design Board,2023-09-12,2023-09-12,2023,Accepted,61,4,Vote,commercial,"Abbiati Dental Office Building - Development Order (DOS2022-E015) (District 1) 22770 S. Tamiami Trail, west of US 41 and south of Fountain Lakes' entrance. The site is a1.45-acre undeveloped parcel directly south of Fountain Lakes Boulevard. Appli...","Abbiati Dental Office Building - Development Order (DOS2022-E015) (District 1) 22770 S. Tamiami Trail, west of US 41 and south of Fountain Lakes' entrance. The site is a1.45-acre undeveloped parcel directly south of Fountain Lakes Boulevard. Applicant see. Action: Approved to continue the meeting past 9:00 pm until 9:30 pm",Approved to continue the meeting past 9:00 pm until 9:30 pm,Approved to continue the meeting past 9:00 pm until 9:30 pm,Approved to continue the meeting past 9:00 pm until 9:30 pm,,,See minutes,,DOS2022-E015,1,"22770 S. Tamiami Trail, Estero, FL","22770 S. Tamiami Trail, Estero, FL",26.410607321379,-81.812830856914,1.0,,20230912 PZDB Minutes.pdf,https://raw.githubusercontent.com/EagleGIS-FGCU/EagleGIS/main/data/raw/pzdb/2023/20230912%20PZDB%20Minutes.pdf,AgendaItemLocation
"Coconut Point Ford Expansion - Development Order (DOS2023-E004) (District 1) 22600 & 22604 S. Tamiami Trail, located on the west side of US 41 and south of Galloway Ford Road. Currently the property is used for Coconut Point Pre-Owned vehicle sale...",Planning Zoning & Design Board,Regular Meeting,Planning Zoning & Design Board,2023-09-12,2023-09-12,2023,Accepted,60,3,Vote,open_space,"Coconut Point Ford Expansion - Development Order (DOS2023-E004) (District 1) 22600 & 22604 S. Tamiami Trail, located on the west side of US 41 and south of Galloway Ford Road. Currently the property is used for Coconut Point Pre-Owned vehicle sale...","Coconut Point Ford Expansion - Development Order (DOS2023-E004) (District 1) 22600 & 22604 S. Tamiami Trail, located on the west side of US 41 and south of Galloway Ford Road. Currently the property is used for Coconut Point Pre-Owned vehicle sales. Appli. Action: Approved the addition of 18 vehicle service bays, 14 parking spaces and related infrastructure with staff conditions","Approved the addition of 18 vehicle service bays, 14 parking spaces and related infrastructure with staff conditions","Approved the addition of 18 vehicle service bays, 14 parking spaces and related infrastructure with staff conditions","Approved the addition of 18 vehicle service bays, 14 parking spaces and related infrastructure with staff conditions",,,See minutes,,DOS2023-E004,1,"22604 S. Tamiami Trail, Estero, FL","22604 S. Tamiami Trail, Estero, FL",26.411895242711,-81.812998075882,1.0,,20230912 PZDB Minutes.pdf,https://raw.githubusercontent.com/EagleGIS-FGCU/EagleGIS/main/data/raw/pzdb/2023/20230912%20PZDB%20Minutes.pdf,AgendaItemLocation
"Goodwill Industries - Development Order (DOS2023-E005) (District 5) ±2.69-acre vacant parcel located at the southeast corner of Corkscrew Road and Three Oaks Parkway in the Estero Town Center Commercial Planned Development (CPD), also known as Low...",Planning Zoning & Design Board,Regular Meeting,Planning Zoning & Design Board,2023-09-12,2023-09-12,2023,Accepted,59,2,Vote,commercial,"Goodwill Industries - Development Order (DOS2023-E005) (District 5) ±2.69-acre vacant parcel located at the southeast corner of Corkscrew Road and Three Oaks Parkway in the Estero Town Center Commercial Planned Development (CPD), also known as Low...","Goodwill Industries - Development Order (DOS2023-E005) (District 5) ±2.69-acre vacant parcel located at the southeast corner of Corkscrew Road and Three Oaks Parkway in the Estero Town Center Commercial Planned Development (CPD), also known as Lowes Plaza. Action: Approved Development Order with staff conditions",Approved Development Order with staff conditions,Approved Development Order with staff conditions,Approved Development Order with staff conditions,,,See minutes,,DOS2023-E005,5,"10041 Estero Town Commons Place, Estero, FL","10041 Estero Town Commons Place, Estero, FL",26.4306485776,-81.787676765485,1.0,,20230912 PZDB Minutes.pdf,https://raw.githubusercontent.com/EagleGIS-FGCU/EagleGIS/main/data/raw/pzdb/2023/20230912%20PZDB%20Minutes.pdf,AgendaItemLocation
"Wildcat Run Clubhouse - Development Order (DOS2023-E007) (District 7) 20300 Country Club Drive located in the center of Wildcat Run Development, which is south of Corkscrew Road and immediately west of the new development, RiverCreek. Applicant is...",Planning Zoning & Design Board,Regular Meeting,Planning Zoning & Design Board,2023-09-12,2023-09-12,2023,Accepted,58,1,Vote,infrastructure,"Wildcat Run Clubhouse - Development Order (DOS2023-E007) (District 7) 20300 Country Club Drive located in the center of Wildcat Run Development, which is south of Corkscrew Road and immediately west of the new development, RiverCreek. Applicant is...","Wildcat Run Clubhouse - Development Order (DOS2023-E007) (District 7) 20300 Country Club Drive located in the center of Wildcat Run Development, which is south of Corkscrew Road and immediately west of the new development, RiverCreek. Applicant is seeking. Action: Approved the clubhouse parking by enlarging the parking lot, adding spaces, golf cart parking, bike racks and pedestrian pathways","Approved the clubhouse parking by enlarging the parking lot, adding spaces, golf cart parking, bike racks and pedestrian pathways","Approved the clubhouse parking by enlarging the parking lot, adding spaces, golf cart parking, bike racks and pedestrian pathways","Approved the clubhouse parking by enlarging the parking lot, adding spaces, golf cart parking, bike racks and pedestrian pathways",,,See minutes,,DOS2023-E007,7,"20300 Country Club Drive, Estero, FL","20300 Country Club Drive, Estero, FL",26.436910613643,-81.74953793257,1.0,,20230912 PZDB Minutes.pdf,https://raw.githubusercontent.com/EagleGIS-FGCU/EagleGIS/main/data/raw/pzdb/2023/20230912%20PZDB%20Minutes.pdf,AgendaItemLocation
Three Oaks Parkway Monument Sign Contract EC 2019-66 STA 41,Village Council,Regular Meeting,Village Council,2023-09-07,2023-09-07,2023,Accepted,1017,7,Contract Approval,infrastructure,Three Oaks Parkway Monument Sign Contract EC 2019-66 STA 41,"Three Oaks Parkway Monument Sign Contract EC 2019-66 STA 41. Action: Approved award EC 2019-66 Supplemental Task Authorization (STA)- 41 for the engagement of a Contractor to construct and install a monument sign on Three Oaks Parkway at a total cost of $74,449, approve a contingency fund amount of $7,500 (an amount equal to 10% of the total project cos","Approved award EC 2019-66 Supplemental Task Authorization (STA)- 41 for the engagement of a Contractor to construct and install a monument sign on Three Oaks Parkway at a total cost of $74,449, approve a contingency fund amount of $7,500 (an amount equal to 10% of the total project cos","Approved award EC 2019-66 Supplemental Task Authorization (STA)- 41 for the engagement of a Contractor to construct and install a monument sign on Three Oaks Parkway at a total cost of $74,449, approve a contingency fund amount of $7,500 (an amount equal to 10% of the total project cos","Approved award EC 2019-66 Supplemental Task Authorization (STA)- 41 for the engagement of a Contractor to construct and install a monument sign on Three Oaks Parkway at a total cost of $74,449, approve a contingency fund amount of $7,500 (an amount equal to 10% of the total project cos",,,Detected,,EC 2019-66,,Three Oaks Parkway,"Three Oaks Parkway from Williams Road to Estero Parkway, Estero, FL",26.434889506286,-81.788651999919,0.9,TD/CS,09072023 minutes.pdf,https://estero-fl.gov/wp-content/uploads/library-ada/minutes/2023%20MINUTES/09072023%20minutes.pdf,AgendaItemLocation
EC 2019-66 STA 40: US 41 Medians 6-12 Landscaping Contract,Village Council,Regular Meeting,Village Council,2023-09-07,2023-09-07,2023,Accepted,1016,6,Contract Approval,open_space,EC 2019-66 STA 40: US 41 Medians 6-12 Landscaping Contract,"EC 2019-66 STA 40: US 41 Medians 6-12 Landscaping Contract. Action: Approved award Misc. Contractor Services contract EC 2019-66 STA 40 with P & T Lawn & Tractor Services for $254,934 to install new landscaping within US 41 Medians 6-12, approve a contingency fund amount of $25,500 (an amount equal to 10% of the total project cos","Approved award Misc. Contractor Services contract EC 2019-66 STA 40 with P & T Lawn & Tractor Services for $254,934 to install new landscaping within US 41 Medians 6-12, approve a contingency fund amount of $25,500 (an amount equal to 10% of the total project cos","Approved award Misc. Contractor Services contract EC 2019-66 STA 40 with P & T Lawn & Tractor Services for $254,934 to install new landscaping within US 41 Medians 6-12, approve a contingency fund amount of $25,500 (an amount equal to 10% of the total project cos","Approved award Misc. Contractor Services contract EC 2019-66 STA 40 with P & T Lawn & Tractor Services for $254,934 to install new landscaping within US 41 Medians 6-12, approve a contingency fund amount of $25,500 (an amount equal to 10% of the total project cos",,,Detected,P & T Lawn & Tractor Services,EC 2019-66,,"US 41 from Williams Road to Estero Parkway, Estero, FL","US 41 from Williams Road to Estero Parkway, Estero, FL",26.434255,-81.814695788461,0.95,TD/CS,09072023 minutes.pdf,https://estero-fl.gov/wp-content/uploads/library-ada/minutes/2023%20MINUTES/09072023%20minutes.pdf,AgendaItemLocation
Williams Road Improvements,Village Council,Regular Meeting,Village Council,2023-09-07,2023-09-07,2023,Accepted,1015,5,Contract Approval,infrastructure,Williams Rd Widening Preliminary Design and Engineering CN 2023-01,Williams Rd Widening Preliminary Design and Engineering CN 2023-01. Action: Approved award of Contract EC 2023-50 to Kisinger Campo & Associates (KC,Approved award of Contract EC 2023-50 to Kisinger Campo & Associates (KC,Approved award of Contract EC 2023-50 to Kisinger Campo & Associates (KC,Approved award of Contract EC 2023-50 to Kisinger Campo & Associates (KC,,,Detected,,CN 2023-01,,Williams Road,"Williams Road from US 41 to Three Oaks Parkway, Estero, FL",26.420352499197,-81.799938484002,0.9,TD/CS,09072023 minutes.pdf,https://estero-fl.gov/wp-content/uploads/library-ada/minutes/2023%20MINUTES/09072023%20minutes.pdf,AgendaItemLocation
Corkscrew Road,Village Council,Regular Meeting,Village Council,2023-09-07,2023-09-07,2023,Accepted,1014,4,Contract Approval,infrastructure,EC 2022-38 STA 08 - Corkscrew Road Landscaping Design Contract (I-75 to Ben Hill Griffin),"EC 2022-38 STA 08 - Corkscrew Road Landscaping Design Contract (I-75 to Ben Hill Griffin). Action: Approved of Supplemental Task Authorization 08 to Contract EC 2022- 38 to Johnson Engineering to provide Corkscrew Road Landscaping Design & Permitting services to The Village of Estero for $214,500, approve a $21,400 contingency for additional services that may be required to complete the project, and authorize the Village Manager to sign the STA and other additional implementing documents with...","Approved of Supplemental Task Authorization 08 to Contract EC 2022- 38 to Johnson Engineering to provide Corkscrew Road Landscaping Design & Permitting services to The Village of Estero for $214,500, approve a $21,400 contingency for additional services that may be required to complete the project, and authorize the Village Manager to sign the STA and other additional implementing documents within the scope of the STA on behalf of the Village of Estero Council","Approved of Supplemental Task Authorization 08 to Contract EC 2022- 38 to Johnson Engineering to provide Corkscrew Road Landscaping Design & Permitting services to The Village of Estero for $214,500, approve a $21,400 contingency for additional services that may be required to complete the project, and authorize the Village Manager to sign the STA and other additional implementing documents within the scope of the STA on behalf of the Village of Estero Council","Approved of Supplemental Task Authorization 08 to Contract EC 2022- 38 to Johnson Engineering to provide Corkscrew Road Landscaping Design & Permitting services to The Village of Estero for $214,500, approve a $21,400 contingency for additional services that may be required to complete the project, and authorize the Village Manager to sign the STA and other additional implementing documents within the scope of the STA on behalf of the Village of Estero Council",,,Detected,,EC 2022-38,,"Corkscrew Road from I-75 to Ben Hill Griffin Parkway, Estero, FL","Corkscrew Road from I-75 to Ben Hill Griffin Parkway, Estero, FL",26.434333052689,-81.774029266916,0.95,TD/CS,09072023 minutes.pdf,https://estero-fl.gov/wp-content/uploads/library-ada/minutes/2023%20MINUTES/09072023%20minutes.pdf,AgendaItemLocation
"Wawa Convenience Food & Beverage Store with Gas Development Order (DOS2022-E016) (District 4) 10081 Estero Town Commons Place, south of Corkscrew Road. The site was previously developed and operated as a Ruby Tuesday Restaurant. Applicant is seeki...",Planning Zoning & Design Board,Regular Meeting,Planning Zoning & Design Board,2023-08-22,2023-08-22,2023,Accepted,57,3,Vote,commercial,"Wawa Convenience Food & Beverage Store with Gas Development Order (DOS2022-E016) (District 4) 10081 Estero Town Commons Place, south of Corkscrew Road. The site was previously developed and operated as a Ruby Tuesday Restaurant. Applicant is seeki...","Wawa Convenience Food & Beverage Store with Gas Development Order (DOS2022-E016) (District 4) 10081 Estero Town Commons Place, south of Corkscrew Road. The site was previously developed and operated as a Ruby Tuesday Restaurant. Applicant is seeking to re. Action: Approved the application with staff conditions, a minor amendment for the height of lighting features under the gas canopy to 21.53 feet, a minor amendment for the sign setback to be 10 feet instead of 15 feet with the preference of...","Approved the application with staff conditions, a minor amendment for the height of lighting features under the gas canopy to 21.53 feet, a minor amendment for the sign setback to be 10 feet instead of 15 feet with the preference of the taller sign if Lowes's approves the sign and replacing Cypress trees on Corkscrew Road with oaks or another species approved by staff","Approved the application with staff conditions, a minor amendment for the height of lighting features under the gas canopy to 21.53 feet, a minor amendment for the sign setback to be 10 feet instead of 15 feet with the preference of the taller sign if Lowes's approves the sign and replacing Cypress trees on Corkscrew Road with oaks or another species approved by staff","Approved the application with staff conditions, a minor amendment for the height of lighting features under the gas canopy to 21.53 feet, a minor amendment for the sign setback to be 10 feet instead of 15 feet with the preference of the taller sign if Lowes's approves the sign and replacing Cypress trees on Corkscrew Road with oaks or another species approved by staff",,,See minutes,,DOS2022-E016,4,10081 Estero Town Commons Place,10081 Estero Town Commons Place,26.430921743825,-81.785430080157,1.0,,20230822 PZDB Minutes.pdf,https://raw.githubusercontent.com/EagleGIS-FGCU/EagleGIS/main/data/raw/pzdb/2023/20230822%20PZDB%20Minutes.pdf,AgendaItemLocation
"Coconut Point Marketplace Signs - Administrative Zoning Amendment (ADD2023-E003) (District 6) A 10 acre-site located east of US 41, north of Sweetwater Ranch Boulevard and south of Via Rapallo Drive. This site is part of the Coconut Point DRI/MPD....",Planning Zoning & Design Board,Regular Meeting,Planning Zoning & Design Board,2023-08-22,2023-08-22,2023,Accepted,56,2,Vote,commercial,"Coconut Point Marketplace Signs - Administrative Zoning Amendment (ADD2023-E003) (District 6) A 10 acre-site located east of US 41, north of Sweetwater Ranch Boulevard and south of Via Rapallo Drive. This site is part of the Coconut Point DRI/MPD....","Coconut Point Marketplace Signs - Administrative Zoning Amendment (ADD2023-E003) (District 6) A 10 acre-site located east of US 41, north of Sweetwater Ranch Boulevard and south of Via Rapallo Drive. This site is part of the Coconut Point DRI/MPD. Develop. Action: Approved Administrative Zoning Amendment with staff conditions",Approved Administrative Zoning Amendment with staff conditions,Approved Administrative Zoning Amendment with staff conditions,Approved Administrative Zoning Amendment with staff conditions,,,See minutes,,ADD2023-E003,6,"Marketplace at Coconut Point, 22780 Via Villagio, Estero, FL","Marketplace at Coconut Point, 22780 Via Villagio, Estero, FL",26.413657789311,-81.811493859539,1.0,,20230822 PZDB Minutes.pdf,https://raw.githubusercontent.com/EagleGIS-FGCU/EagleGIS/main/data/raw/pzdb/2023/20230822%20PZDB%20Minutes.pdf,AgendaItemLocation
"RiverCreek Phase III - Development Order (DOS2023-E006) (District 7) 12840 Corkscrew Road. Located south of Corkscrew, across from Wildblue (Lee County) and east of Wildcat Run. Applicant requests the approval to construct 200 single family homes...",Planning Zoning & Design Board,Regular Meeting,Planning Zoning & Design Board,2023-08-22,2023-08-22,2023,Accepted,55,1,Vote,residential,"RiverCreek Phase III - Development Order (DOS2023-E006) (District 7) 12840 Corkscrew Road. Located south of Corkscrew, across from Wildblue (Lee County) and east of Wildcat Run. Applicant requests the approval to construct 200 single family homes...","RiverCreek Phase III - Development Order (DOS2023-E006) (District 7) 12840 Corkscrew Road. Located south of Corkscrew, across from Wildblue (Lee County) and east of Wildcat Run. Applicant requests the approval to construct 200 single family homes on 56.25. Action: Approved the Development Order for RiverCreek Phase III",Approved the Development Order for RiverCreek Phase III,Approved the Development Order for RiverCreek Phase III,Approved the Development Order for RiverCreek Phase III,,,See minutes,,DOS2023-E006,7,"12840 Corkscrew Road, Estero, FL","12840 Corkscrew Road, Estero, FL",26.449146368339,-81.742899851451,1.0,,20230822 PZDB Minutes.pdf,https://raw.githubusercontent.com/EagleGIS-FGCU/EagleGIS/main/data/raw/pzdb/2023/20230822%20PZDB%20Minutes.pdf,AgendaItemLocation
"Approval of agreement with KTB Florida Sports Arena, LLC regarding its transfer of portion of stormwater retention lake serving the Hertz Arena property, and the sharing of related maintenance costs",Village Council,Special Meeting,Village Council,2023-07-26,2023-07-26,2023,Accepted,1007,3,Contract Approval,infrastructure,"Approval of agreement with KTB Florida Sports Arena, LLC regarding its transfer of portion of stormwater retention lake serving the Hertz Arena property, and the sharing of related maintenance costs","Approval of agreement with KTB Florida Sports Arena, LLC regarding its transfer of portion of stormwater retention lake serving the Hertz Arena property, and the sharing of related maintenance costs. Action: Adopted Agreement to Transfer Ownership, Operation and Maintenance of the T&T Water Management System and Dedication and Conveyance of Related Roads and the Supplement to Agreement to Transfer Ownership, Operation, and Maintenance of a Portion of the T&T Water Management System and for De...","Adopted Agreement to Transfer Ownership, Operation and Maintenance of the T&T Water Management System and Dedication and Conveyance of Related Roads and the Supplement to Agreement to Transfer Ownership, Operation, and Maintenance of a Portion of the T&T Water Management System and for Dedication and Conveyance of Roads","Adopted Agreement to Transfer Ownership, Operation and Maintenance of the T&T Water Management System and Dedication and Conveyance of Related Roads and the Supplement to Agreement to Transfer Ownership, Operation, and Maintenance of a Portion of the T&T Water Management System and for Dedication and Conveyance of Roads","Adopted Agreement to Transfer Ownership, Operation and Maintenance of the T&T Water Management System and Dedication and Conveyance of Related Roads and the Supplement to Agreement to Transfer Ownership, Operation, and Maintenance of a Portion of the T&T Water Management System and for Dedication and Conveyance of Roads",,,Detected,KTB Florida Sports Arena,,,"11000 Everblades Parkway, Estero, FL","11000 Everblades Parkway, Estero, FL",26.440541,-81.77872,1.0,TD/CS,07262023 minutes.pdf,https://estero-fl.gov/wp-content/uploads/library-ada/minutes/2023%20MINUTES/07262023%20minutes.pdf,AgendaItemLocation
"Villages of Country Creek Limited Development Order - Villages of Country Creek Pickleball Court (LDO2022-E044) (District 4) The court is located at the Clubhouse, 21180 Country Creek Drive, North of Corkscrew Road and west of Three Oaks Parkway....",Planning Zoning & Design Board,Regular Meeting,Planning Zoning & Design Board,2023-07-25,2023-07-25,2023,Accepted,54,4,Unknown,infrastructure,"Villages of Country Creek Limited Development Order - Villages of Country Creek Pickleball Court (LDO2022-E044) (District 4) The court is located at the Clubhouse, 21180 Country Creek Drive, North of Corkscrew Road and west of Three Oaks Parkway....","Villages of Country Creek Limited Development Order - Villages of Country Creek Pickleball Court (LDO2022-E044) (District 4) The court is located at the Clubhouse, 21180 Country Creek Drive, North of Corkscrew Road and west of Three Oaks Parkway. Request . Action: Denied the application based on the proximity of the nearest homes and also the proximity of the adjacent amenities",Denied the application based on the proximity of the nearest homes and also the proximity of the adjacent amenities,Denied the application based on the proximity of the nearest homes and also the proximity of the adjacent amenities,,,,See minutes,,LDO2022-E044,4,"21180 Country Creek Drive, Estero, FL","21180 Country Creek Drive, Estero, FL",26.433047604017,-81.794679007397,1.0,,20230725 PZDB Minutes.pdf,https://raw.githubusercontent.com/EagleGIS-FGCU/EagleGIS/main/data/raw/pzdb/2023/20230725%20PZDB%20Minutes.pdf,AgendaItemLocation
"Culver's Coconut Point - Development Order (DOS) (District 6) 8400 Murano Del Lago Drive, Tract 3C, Coconut Point Mixed Planned Development, vacant lot on the southeast corner of US 41 and Pelican Colony Boulevard, just north of Extra Space Storag...",Planning Zoning & Design Board,Regular Meeting,Planning Zoning & Design Board,2023-07-25,2023-07-25,2023,Accepted,53,3,Vote,commercial,"Culver's Coconut Point - Development Order (DOS) (District 6) 8400 Murano Del Lago Drive, Tract 3C, Coconut Point Mixed Planned Development, vacant lot on the southeast corner of US 41 and Pelican Colony Boulevard, just north of Extra Space Storag...","Culver's Coconut Point - Development Order (DOS) (District 6) 8400 Murano Del Lago Drive, Tract 3C, Coconut Point Mixed Planned Development, vacant lot on the southeast corner of US 41 and Pelican Colony Boulevard, just north of Extra Space Storage. No ex. Action: Approved the Development Order for a4,052 square foot Fast Food","Approved the Development Order for a4,052 square foot Fast Food","Approved the Development Order for a4,052 square foot Fast Food","Approved the Development Order for a4,052 square foot Fast Food",,,See minutes,,,6,"Culver's Coconut Point site, Estero, FL","Culver's Coconut Point site, Estero, FL",26.43176443654626,-81.78539888774463,1.0,,20230725 PZDB Minutes.pdf,https://raw.githubusercontent.com/EagleGIS-FGCU/EagleGIS/main/data/raw/pzdb/2023/20230725%20PZDB%20Minutes.pdf,AgendaItemLocation
"Genova Gate Access Modification - Zoning Amendment (DCI2023-E001) (District 4) 21530 Strada Nuova Circle, southeast corner of Corkscrew Road and Via Coconut Point Applicant seeks approval of a Zoning Amendment to eliminate a condition requiring th...",Planning Zoning & Design Board,Regular Meeting,Planning Zoning & Design Board,2023-07-25,2023-07-25,2023,Accepted,52,2,Vote,infrastructure,"Genova Gate Access Modification - Zoning Amendment (DCI2023-E001) (District 4) 21530 Strada Nuova Circle, southeast corner of Corkscrew Road and Via Coconut Point Applicant seeks approval of a Zoning Amendment to eliminate a condition requiring th...","Genova Gate Access Modification - Zoning Amendment (DCI2023-E001) (District 4) 21530 Strada Nuova Circle, southeast corner of Corkscrew Road and Via Coconut Point Applicant seeks approval of a Zoning Amendment to eliminate a condition requiring the existi. Action: Approved the installation of the remote operated gates with staff recommendations",Approved the installation of the remote operated gates with staff recommendations,Approved the installation of the remote operated gates with staff recommendations,Approved the installation of the remote operated gates with staff recommendations,,,See minutes,,DCI2023-E001,4,"21530 Strada Nuova Circle, Estero, FL","21530 Strada Nuova Circle, Estero, FL",26.429852212979,-81.804329846895,1.0,,20230725 PZDB Minutes.pdf,https://raw.githubusercontent.com/EagleGIS-FGCU/EagleGIS/main/data/raw/pzdb/2023/20230725%20PZDB%20Minutes.pdf,AgendaItemLocation
"The Cheesecake Factory - Outdoor Consumption on Premises (COP2023-E002) (District 6) 23106 Fashion Drive, Unit 135 in Coconut Point Mall. Located in the space previously occupied by Stir Crazy. Limited Development Order LDO2022-E055 approved Chees...",Planning Zoning & Design Board,Regular Meeting,Planning Zoning & Design Board,2023-07-25,2023-07-25,2023,Accepted,51,1,Vote,other,"The Cheesecake Factory - Outdoor Consumption on Premises (COP2023-E002) (District 6) 23106 Fashion Drive, Unit 135 in Coconut Point Mall. Located in the space previously occupied by Stir Crazy. Limited Development Order LDO2022-E055 approved Chees...","The Cheesecake Factory - Outdoor Consumption on Premises (COP2023-E002) (District 6) 23106 Fashion Drive, Unit 135 in Coconut Point Mall. Located in the space previously occupied by Stir Crazy. Limited Development Order LDO2022-E055 approved Cheesecake Fa. Action: Approved request for alcoholic beverage service in the outdoor patio area with staff conditions",Approved request for alcoholic beverage service in the outdoor patio area with staff conditions,Approved request for alcoholic beverage service in the outdoor patio area with staff conditions,Approved request for alcoholic beverage service in the outdoor patio area with staff conditions,,,See minutes,,COP2023-E002,6,"23106 Fashion Drive, Estero, FL","23106 Fashion Drive, Estero, FL",26.404693008589,-81.807764164083,1.0,,20230725 PZDB Minutes.pdf,https://raw.githubusercontent.com/EagleGIS-FGCU/EagleGIS/main/data/raw/pzdb/2023/20230725%20PZDB%20Minutes.pdf,AgendaItemLocation
"Via Coconut - Development Order (DOS2022-E007) (District 4) 8990 Corkscrew Road, 21650 & 21750 Via Coconut Point, 21331, 21350 & 21351 Happy Hollow Lane. Properties are located south of Corkscrew Road and west of Via Coconut Point Road. Developmen...",Planning Zoning & Design Board,Regular Meeting,Planning Zoning & Design Board,2023-07-11,2023-07-11,2023,Accepted,50,3,Vote,mixed_use,"Via Coconut - Development Order (DOS2022-E007) (District 4) 8990 Corkscrew Road, 21650 & 21750 Via Coconut Point, 21331, 21350 & 21351 Happy Hollow Lane. Properties are located south of Corkscrew Road and west of Via Coconut Point Road. Developmen...","Via Coconut - Development Order (DOS2022-E007) (District 4) 8990 Corkscrew Road, 21650 & 21750 Via Coconut Point, 21331, 21350 & 21351 Happy Hollow Lane. Properties are located south of Corkscrew Road and west of Via Coconut Point Road. Development Order . Action: Approved Development Order for a mixed-use project with 330 multi- family units and commercial buildings, amenities and supporting infrastructure subject to the staff stipulations, and the monument sign design is approved but the si...","Approved Development Order for a mixed-use project with 330 multi- family units and commercial buildings, amenities and supporting infrastructure subject to the staff stipulations, and the monument sign design is approved but the sign must meet the code standards","Approved Development Order for a mixed-use project with 330 multi- family units and commercial buildings, amenities and supporting infrastructure subject to the staff stipulations, and the monument sign design is approved but the sign must meet the code standards","Approved Development Order for a mixed-use project with 330 multi- family units and commercial buildings, amenities and supporting infrastructure subject to the staff stipulations, and the monument sign design is approved but the sign must meet the code standards",,,See minutes,,DOS2022-E007,4,"21351 Happy Hollow Lane, Estero, FL","21351 Happy Hollow Lane, Estero, FL",26.428145699402,-81.805592580608,1.0,,20230711 PZDB Minutes.pdf,https://raw.githubusercontent.com/EagleGIS-FGCU/EagleGIS/main/data/raw/pzdb/2023/20230711%20PZDB%20Minutes.pdf,AgendaItemLocation
"Estero Bay Chevrolet Auto Dealership Lighting Upgrade - Deviation (LDO2023 TBD) (District 5) Continued from June 13, meeting. 10640 Chevrolet Way located south of Corkscrew Road, next to the I-75 southbound entrance ramp and north of Corkscrew Woo...",Planning Zoning & Design Board,Regular Meeting,Planning Zoning & Design Board,2023-07-11,2023-07-11,2023,Accepted,49,2,Vote,infrastructure,"Estero Bay Chevrolet Auto Dealership Lighting Upgrade - Deviation (LDO2023 TBD) (District 5) Continued from June 13, meeting. 10640 Chevrolet Way located south of Corkscrew Road, next to the I-75 southbound entrance ramp and north of Corkscrew Woo...","Estero Bay Chevrolet Auto Dealership Lighting Upgrade - Deviation (LDO2023 TBD) (District 5) Continued from June 13, meeting. 10640 Chevrolet Way located south of Corkscrew Road, next to the I-75 southbound entrance ramp and north of Corkscrew Woodlands. . Action: Approved deviation from Section 5-604 E1 for 4000K lighting on the basis that it will be an improvement to the adjacent residents, and the current situation was not created by the applicant","Approved deviation from Section 5-604 E1 for 4000K lighting on the basis that it will be an improvement to the adjacent residents, and the current situation was not created by the applicant","Approved deviation from Section 5-604 E1 for 4000K lighting on the basis that it will be an improvement to the adjacent residents, and the current situation was not created by the applicant","Approved deviation from Section 5-604 E1 for 4000K lighting on the basis that it will be an improvement to the adjacent residents, and the current situation was not created by the applicant",,,See minutes,June 13,,5,"10640 Chevrolet Way, Estero, FL","10640 Chevrolet Way, Estero, FL",26.430703353337,-81.779022785732,1.0,,20230711 PZDB Minutes.pdf,https://raw.githubusercontent.com/EagleGIS-FGCU/EagleGIS/main/data/raw/pzdb/2023/20230711%20PZDB%20Minutes.pdf,AgendaItemLocation
The Residences at Brooks Town Center (also known as Coconut Pointe Residences at the Brooks) - Final Plan Approval (DCI2020-E001) (District 6) 9.95-acre parcel at the northwest corner of Coconut Road and Three Oaks Parkway. Request for Final Plan...,Planning Zoning & Design Board,Regular Meeting,Planning Zoning & Design Board,2023-07-11,2023-07-11,2023,Accepted,48,1,Resolution,infrastructure,The Residences at Brooks Town Center (also known as Coconut Pointe Residences at the Brooks) - Final Plan Approval (DCI2020-E001) (District 6) 9.95-acre parcel at the northwest corner of Coconut Road and Three Oaks Parkway. Request for Final Plan...,The Residences at Brooks Town Center (also known as Coconut Pointe Residences at the Brooks) - Final Plan Approval (DCI2020-E001) (District 6) 9.95-acre parcel at the northwest corner of Coconut Road and Three Oaks Parkway. Request for Final Plan Approval. Action: Approved Resolution 2023,Approved Resolution 2023,Approved Resolution 2023,Approved Resolution 2023,,,Detected,,DCI2020-E001,6,"Coconut Pointe Residences at Brooks Town Center site, Estero, FL","Coconut Pointe Residences at Brooks Town Center site, Estero, FL",26.39711,-81.78531,1.0,,20230711 PZDB Minutes.pdf,https://raw.githubusercontent.com/EagleGIS-FGCU/EagleGIS/main/data/raw/pzdb/2023/20230711%20PZDB%20Minutes.pdf,AgendaItemLocation
"Second Reading of Ordinance No. 2023-06 Coconut Road EPD Rezoning An Ordinance of the Village Council of the Village of Estero, Florida, Considering a Rezoning from Mixed Use Planned Development (MPD) to Estero Planned Development (EPD) for a 45.6...",Village Council,Regular Meeting,Village Council,2023-07-05,2023-07-05,2023,Accepted,997,3,Ordinance,mixed_use,"Second Reading of Ordinance No. 2023-06 Coconut Road EPD Rezoning An Ordinance of the Village Council of the Village of Estero, Florida, Considering a Rezoning from Mixed Use Planned Development (MPD) to Estero Planned Development (EPD) for a 45.6...","Second Reading of Ordinance No. 2023-06 Coconut Road EPD Rezoning An Ordinance of the Village Council of the Village of Estero, Florida, Considering a Rezoning from Mixed Use Planned Development (MPD) to Estero Planned Development (EPD) for a 45.6-Acre Pa. Action: Approved Ordinance No. 2023-06 with the Council revisions",Approved Ordinance No. 2023-06 with the Council revisions,Approved Ordinance No. 2023-06 with the Council revisions,Approved Ordinance No. 2023-06 with the Council revisions,,,Detected,,Ordinance No. 2023-06,,"Woodfield Estero project site, northwest corner of US 41 & Coconut Road, Estero, FL","Woodfield Estero project site, northwest corner of US 41 & Coconut Road, Estero, FL",26.4022,-81.815,1.0,TD/CS,07052023  minutes.pdf,https://estero-fl.gov/wp-content/uploads/library-ada/minutes/2023%20MINUTES/07052023%20%20minutes.pdf,AgendaItemLocation
Sandy Lane Improvements,Village Council,Regular Meeting,Village Council,2023-07-05,2023-07-05,2023,Accepted,1386,8,Contract Approval,infrastructure,"Approved of RFB 2023-07, Sandy Lane Path Prefabricated Bridge to Contech Engineered Soluti","Approved of RFB 2023-07, Sandy Lane Path Prefabricated Bridge to Contech Engineered Solutions, LLC to provide the bridge as provided in the contract, at a grand total cost of $239,500, approve a contingency fund amount of $23,950 (an amount equal to 10% of the total project cost) to cover unforeseen circumstances which may occur, and authorize the Village Manager to execute the contract documents on behalf of the Village of Estero Council","Approved of RFB 2023-07, Sandy Lane Path Prefabricated Bridge to Contech Engineered Solutions, LLC to provide the bridge as provided in the contract, at a grand total cost of $239,500, approve a contingency fund amount of $23,950 (an amount equal to 10% of the total project cost) to cover unforeseen circumstances which may occur, and authorize the Village Manager to execute the contract documents on behalf of the Village of Estero Council","Approved of RFB 2023-07, Sandy Lane Path Prefabricated Bridge to Contech Engineered Solutions, LLC to provide the bridge as provided in the contract, at a grand total cost of $239,500, approve a contingency fund amount of $23,950 (an amount equal to 10% of the total project cost) to cover unforeseen circumstances which may occur, and authorize the Village Manager to execute the contract documents on behalf of the Village of Estero Council","Approved of RFB 2023-07, Sandy Lane Path Prefabricated Bridge to Contech Engineered Solutions, LLC to provide the bridge as provided in the contract, at a grand total cost of $239,500, approve a contingency fund amount of $23,950 (an amount equal to 10% of the total project cost) to cover unforeseen circumstances which may occur, and authorize the Village Manager to execute the contract documents on behalf of the Village of Estero Council",,,Detected,,RFB 2023-07,,"Sandy Lane from Corkscrew Road to Broadway Avenue East, Estero, FL","Sandy Lane from Corkscrew Road to Broadway Avenue East, Estero, FL",26.43663000848,-81.804926512673,0.95,ON/CO,07052023 minutes.pdf,https://estero-fl.gov/wp-content/uploads/library-ada/minutes/2023%20MINUTES/07052023%20%20minutes.pdf,AgendaItemLocation
Sandy Lane Improvements,Village Council,Regular Meeting,Village Council,2023-07-05,2023-07-05,2023,Accepted,1002,8,Contract Approval,infrastructure,Sandy Lane Path Prefabricated Bridge - Request for Bid (RFB) 2023-07,"Sandy Lane Path Prefabricated Bridge - Request for Bid (RFB) 2023-07. Action: Approved of RFB 2023-07, Sandy Lane Path Prefabricated Bridge to Contech Engineered Solutions, LLC to provide the bridge as provided in the contract, at a grand total cost of $239,500, approve a contingency fund amount of $23,950 (an amount equal to 10% of the total project cos","Approved of RFB 2023-07, Sandy Lane Path Prefabricated Bridge to Contech Engineered Solutions, LLC to provide the bridge as provided in the contract, at a grand total cost of $239,500, approve a contingency fund amount of $23,950 (an amount equal to 10% of the total project cos","Approved of RFB 2023-07, Sandy Lane Path Prefabricated Bridge to Contech Engineered Solutions, LLC to provide the bridge as provided in the contract, at a grand total cost of $239,500, approve a contingency fund amount of $23,950 (an amount equal to 10% of the total project cos","Approved of RFB 2023-07, Sandy Lane Path Prefabricated Bridge to Contech Engineered Solutions, LLC to provide the bridge as provided in the contract, at a grand total cost of $239,500, approve a contingency fund amount of $23,950 (an amount equal to 10% of the total project cos",,,Detected,,RFB 2023-07,,"Sandy Lane from Corkscrew Road to Broadway Avenue East, Estero, FL","Sandy Lane from Corkscrew Road to Broadway Avenue East, Estero, FL",26.43663000848,-81.804926512673,0.95,TD/CS,07052023  minutes.pdf,https://estero-fl.gov/wp-content/uploads/library-ada/minutes/2023%20MINUTES/07052023%20%20minutes.pdf,AgendaItemLocation
Williams Road Improvements,Village Council,Regular Meeting,Village Council,2023-06-21,2023-06-21,2023,Accepted,993,12,Ordinance,commercial,"Second Reading of Ordinance No. 2023-04, Village Initiated Rezoning on Williams Road An Ordinance of the Village Council of the Village of Estero, Florida, Rezoning 21± Acres of Property Owned by the Village of Estero from Commercial Planned Devel...","Second Reading of Ordinance No. 2023-04, Village Initiated Rezoning on Williams Road An Ordinance of the Village Council of the Village of Estero, Florida, Rezoning 21± Acres of Property Owned by the Village of Estero from Commercial Planned Development a. Action: Approved Ordinance No. 2023",Approved Ordinance No. 2023,Approved Ordinance No. 2023,Approved Ordinance No. 2023,,,Detected,,Ordinance No. 2023-04,,"9000 Williams Road, Estero, FL","9000 Williams Road, Estero, FL",26.420956750596,-81.80311832661,1.0,TD/CS,06212023  minutes.pdf,https://estero-fl.gov/wp-content/uploads/library-ada/minutes/2023%20MINUTES/06212023%20%20minutes.pdf,AgendaItemLocation
"First Reading of Ordinance No. 2023-06, Coconut Road EPD Rezoning An Ordinance of the Village Council of the Village of Estero, Florida, Considering a Rezoning from Mixed Use Planned Development (MPD) to Estero Planned Development (EPD) for a 45.6...",Village Council,Regular Meeting,Village Council,2023-06-21,2023-06-21,2023,Accepted,992,11,Ordinance,mixed_use,"First Reading of Ordinance No. 2023-06, Coconut Road EPD Rezoning An Ordinance of the Village Council of the Village of Estero, Florida, Considering a Rezoning from Mixed Use Planned Development (MPD) to Estero Planned Development (EPD) for a 45.6...","First Reading of Ordinance No. 2023-06, Coconut Road EPD Rezoning An Ordinance of the Village Council of the Village of Estero, Florida, Considering a Rezoning from Mixed Use Planned Development (MPD) to Estero Planned Development (EPD) for a 45.6-Acre Pa. Action: Passed First Reading of Ordinance No. 2023-06 and Set Public Hearing and Second Reading for July 5, 20","Passed First Reading of Ordinance No. 2023-06 and Set Public Hearing and Second Reading for July 5, 20","Passed First Reading of Ordinance No. 2023-06 and Set Public Hearing and Second Reading for July 5, 20","Passed First Reading of Ordinance No. 2023-06 and Set Public Hearing and Second Reading for July 5, 20",,,Detected,,Ordinance No. 2023-06,,"Woodfield Estero project site, northwest corner of US 41 & Coconut Road, Estero, FL","Woodfield Estero project site, northwest corner of US 41 & Coconut Road, Estero, FL",26.4022,-81.815,1.0,TD/CS,06212023  minutes.pdf,https://estero-fl.gov/wp-content/uploads/library-ada/minutes/2023%20MINUTES/06212023%20%20minutes.pdf,AgendaItemLocation
"Public hearing to consider proposed Settlement Agreement between the Village of Estero and Long Bay Partners, LLC; TOP CR Associates, LLC; and PAC Estero Apartments, LLC, related to The Brooks Town Center property lawsuits",Village Council,Regular Meeting,Village Council,2023-06-21,2023-06-21,2023,Accepted,991,10,Contract Approval,residential,"Public hearing to consider proposed Settlement Agreement between the Village of Estero and Long Bay Partners, LLC; TOP CR Associates, LLC; and PAC Estero Apartments, LLC, related to The Brooks Town Center property lawsuits","Public hearing to consider proposed Settlement Agreement between the Village of Estero and Long Bay Partners, LLC; TOP CR Associates, LLC; and PAC Estero Apartments, LLC, related to The Brooks Town Center property lawsuits. Action: Approved Settlement Agreement",Approved Settlement Agreement,Approved Settlement Agreement,Approved Settlement Agreement,,,Detected,,,,"The Brooks Town Center, Estero, FL","The Brooks Town Center, Estero, FL",26.396617,-81.786171,1.0,TD/CS,06212023  minutes.pdf,https://estero-fl.gov/wp-content/uploads/library-ada/minutes/2023%20MINUTES/06212023%20%20minutes.pdf,AgendaItemLocation
Corkscrew Road,Village Council,Regular Meeting,Village Council,2023-06-21,2023-06-21,2023,Accepted,988,7,Contract Approval,infrastructure,8801 Corkscrew Road Debris Removal - EC 2023-21 Amendment 1,"8801 Corkscrew Road Debris Removal - EC 2023-21 Amendment 1. Action: Approved award Amendment 1 to Contract EC 2023-21 to mulch all debris and downed trees located at 8801 Corkscrew Road for $11,886.89 and authorize the Village Manager to sign the contract amendment and other additional implementing documents within the scope of the contract amendment on behalf of the Village of Estero Council","Approved award Amendment 1 to Contract EC 2023-21 to mulch all debris and downed trees located at 8801 Corkscrew Road for $11,886.89 and authorize the Village Manager to sign the contract amendment and other additional implementing documents within the scope of the contract amendment on behalf of the Village of Estero Council","Approved award Amendment 1 to Contract EC 2023-21 to mulch all debris and downed trees located at 8801 Corkscrew Road for $11,886.89 and authorize the Village Manager to sign the contract amendment and other additional implementing documents within the scope of the contract amendment on behalf of the Village of Estero Council","Approved award Amendment 1 to Contract EC 2023-21 to mulch all debris and downed trees located at 8801 Corkscrew Road for $11,886.89 and authorize the Village Manager to sign the contract amendment and other additional implementing documents within the scope of the contract amendment on behalf of the Village of Estero Council",,,Detected,,EC 2023-21,,"8801 Corkscrew Road, Estero, FL","8801 Corkscrew Road, Estero, FL",26.434598214195,-81.807374237947,1.0,TD/CS,06212023  minutes.pdf,https://estero-fl.gov/wp-content/uploads/library-ada/minutes/2023%20MINUTES/06212023%20%20minutes.pdf,AgendaItemLocation
Estero Parkway Improvements,Village Council,Regular Meeting,Village Council,2023-06-21,2023-06-21,2023,Accepted,987,6,Contract Approval,other,Estero Parkway Plant Replacements - EC 2021-04 Amendment 5,Estero Parkway Plant Replacements - EC 2021-04 Amendment 5. Action: Approved award Contract EC 2021-04 Amendment 5 to replace plant materials along Estero Parkway and authorize the Village Manager to sign the contract amendment and other additional implementing documents within the scope of the contract amendment on behalf of the Village of Estero Council,Approved award Contract EC 2021-04 Amendment 5 to replace plant materials along Estero Parkway and authorize the Village Manager to sign the contract amendment and other additional implementing documents within the scope of the contract amendment on behalf of the Village of Estero Council,Approved award Contract EC 2021-04 Amendment 5 to replace plant materials along Estero Parkway and authorize the Village Manager to sign the contract amendment and other additional implementing documents within the scope of the contract amendment on behalf of the Village of Estero Council,Approved award Contract EC 2021-04 Amendment 5 to replace plant materials along Estero Parkway and authorize the Village Manager to sign the contract amendment and other additional implementing documents within the scope of the contract amendment on behalf of the Village of Estero Council,,,Detected,,EC 2021-04,,"Estero Parkway from US 41 to Three Oaks Parkway, Estero, FL","Estero Parkway from US 41 to Three Oaks Parkway, Estero, FL",26.448792003304,-81.803409304378,0.95,TD/CS,06212023  minutes.pdf,https://estero-fl.gov/wp-content/uploads/library-ada/minutes/2023%20MINUTES/06212023%20%20minutes.pdf,AgendaItemLocation
Corkscrew Road,Village Council,Regular Meeting,Village Council,2023-06-21,2023-06-21,2023,Accepted,986,5,Vote,infrastructure,8801 Corkscrew Road Structure Demolition - RFB 2023-04,"8801 Corkscrew Road Structure Demolition - RFB 2023-04. Action: Approved award of Request for Bids No. RFB 2023-04, 8801 Corkscrew Road Structure Demolition to Southwest Builders Inc. to demolish the structure located at 8801 Corkscrew Road at a grand total cost of $106,890, approve a contingency fund amount of $10,689 (an amount equal to 10% of the total project cos","Approved award of Request for Bids No. RFB 2023-04, 8801 Corkscrew Road Structure Demolition to Southwest Builders Inc. to demolish the structure located at 8801 Corkscrew Road at a grand total cost of $106,890, approve a contingency fund amount of $10,689 (an amount equal to 10% of the total project cos","Approved award of Request for Bids No. RFB 2023-04, 8801 Corkscrew Road Structure Demolition to Southwest Builders Inc. to demolish the structure located at 8801 Corkscrew Road at a grand total cost of $106,890, approve a contingency fund amount of $10,689 (an amount equal to 10% of the total project cos","Approved award of Request for Bids No. RFB 2023-04, 8801 Corkscrew Road Structure Demolition to Southwest Builders Inc. to demolish the structure located at 8801 Corkscrew Road at a grand total cost of $106,890, approve a contingency fund amount of $10,689 (an amount equal to 10% of the total project cos",,,Detected,,RFB 2023-04,,"8801 Corkscrew Road, Estero, FL","8801 Corkscrew Road, Estero, FL",26.434598214195,-81.807374237947,1.0,TD/CS,06212023  minutes.pdf,https://estero-fl.gov/wp-content/uploads/library-ada/minutes/2023%20MINUTES/06212023%20%20minutes.pdf,AgendaItemLocation
Estero Parkway Improvements,Village Council,Regular Meeting,Village Council,2023-06-21,2023-06-21,2023,Accepted,1378,6,Contract Approval,other,Approved award Contract EC 2021-04 Amendment 5 to replace plant materials along Estero Par,Approved award Contract EC 2021-04 Amendment 5 to replace plant materials along Estero Parkway and authorize the Village Manager to sign the contract amendment and other additional implementing documents within the scope of the contract amendment on behalf of the Village of Est,Approved award Contract EC 2021-04 Amendment 5 to replace plant materials along Estero Parkway and authorize the Village Manager to sign the contract amendment and other additional implementing documents within the scope of the contract amendment on behalf of the Village of Est,Approved award Contract EC 2021-04 Amendment 5 to replace plant materials along Estero Parkway and authorize the Village Manager to sign the contract amendment and other additional implementing documents within the scope of the contract amendment on behalf of the Village of Est,Approved award Contract EC 2021-04 Amendment 5 to replace plant materials along Estero Parkway and authorize the Village Manager to sign the contract amendment and other additional implementing documents within the scope of the contract amendment on behalf of the Village of Est,,,Detected,,EC 2021-04,,Estero Parkway,"Estero Parkway from US 41 to Three Oaks Parkway, Estero, FL",26.448792003304,-81.803409304378,0.9,ON/CO,06212023 minutes.pdf,https://estero-fl.gov/wp-content/uploads/library-ada/minutes/2023%20MINUTES/06212023%20%20minutes.pdf,AgendaItemLocation
Corkscrew Road,Village Council,Regular Meeting,Village Council,2023-06-21,2023-06-21,2023,Accepted,1377,5,Resolution,infrastructure,"Approved award of Request for Bids No. RFB 2023-04, 8801 Corkscrew Road Structure Demoliti","Approved award of Request for Bids No. RFB 2023-04, 8801 Corkscrew Road Structure Demolition to Southwest Builders Inc. to demolish the structure located at 8801 Corkscrew Road at a grand total cost of $106,890, approve a contingency fund amount of $10,689 (an amount equal to 10% of the total project cost) to cover unforeseen circumstances which may occur, and authorize the Village Manager to execute the contract documents on behalf of the Village of Estero Council with the instructions that...","Approved award of Request for Bids No. RFB 2023-04, 8801 Corkscrew Road Structure Demolition to Southwest Builders Inc. to demolish the structure located at 8801 Corkscrew Road at a grand total cost of $106,890, approve a contingency fund amount of $10,689 (an amount equal to 10% of the total project cost) to cover unforeseen circumstances which may occur, and authorize the Village Manager to execute the contract documents on behalf of the Village of Estero Council with the instructions that the Village Manager is not to move forward with the demolition until further direction from Council. Additionally, Resolution No. 2023-02 was clarified to correct the date of execution from March 15, 2023, to February 15, 2023 due to error","Approved award of Request for Bids No. RFB 2023-04, 8801 Corkscrew Road Structure Demolition to Southwest Builders Inc. to demolish the structure located at 8801 Corkscrew Road at a grand total cost of $106,890, approve a contingency fund amount of $10,689 (an amount equal to 10% of the total project cost) to cover unforeseen circumstances which may occur, and authorize the Village Manager to execute the contract documents on behalf of the Village of Estero Council with the instructions that the Village Manager is not to move forward with the demolition until further direction from Council. Additionally, Resolution No. 2023-02 was clarified to correct the date of execution from March 15, 2023, to February 15, 2023 due to error","Approved award of Request for Bids No. RFB 2023-04, 8801 Corkscrew Road Structure Demolition to Southwest Builders Inc. to demolish the structure located at 8801 Corkscrew Road at a grand total cost of $106,890, approve a contingency fund amount of $10,689 (an amount equal to 10% of the total project cost) to cover unforeseen circumstances which may occur, and authorize the Village Manager to execute the contract documents on behalf of the Village of Estero Council with the instructions that the Village Manager is not to move forward with the demolition until further direction from Council. Additionally, Resolution No. 2023-02 was clarified to correct the date of execution from March 15, 2023, to February 15, 2023 due to error",,,Detected,Council. Additionally,RFB 2023-04,,"8801 Corkscrew Road, Estero, FL","8801 Corkscrew Road, Estero, FL",26.434598214195,-81.807374237947,1.0,ON/CO,06212023 minutes.pdf,https://estero-fl.gov/wp-content/uploads/library-ada/minutes/2023%20MINUTES/06212023%20%20minutes.pdf,AgendaItemLocation
Woodfield Estero Planned Development - Rezoning (DCI2022-E005) (District 6) Vacant parcels at the northwest corner of US 41 and Coconut Road. Applicant seeks to rezone ±45.6 acres from Mixed Use Planned Development (MPD) to Estero Planned Developm...,Planning Zoning & Design Board,Regular Meeting,Planning Zoning & Design Board,2023-06-13,2023-06-13,2023,Accepted,47,3,Unknown,residential,Woodfield Estero Planned Development - Rezoning (DCI2022-E005) (District 6) Vacant parcels at the northwest corner of US 41 and Coconut Road. Applicant seeks to rezone ±45.6 acres from Mixed Use Planned Development (MPD) to Estero Planned Developm...,Woodfield Estero Planned Development - Rezoning (DCI2022-E005) (District 6) Vacant parcels at the northwest corner of US 41 and Coconut Road. Applicant seeks to rezone ±45.6 acres from Mixed Use Planned Development (MPD) to Estero Planned Development (EPD. Action: Recommended approval to the Council with staff conditions and the following additional conditions: the hard scaping and lighting will be consistent throughout the community and will be defined at the time of the first Development Or...,"Recommended approval to the Council with staff conditions and the following additional conditions: the hard scaping and lighting will be consistent throughout the community and will be defined at the time of the first Development Order, no 24-hour medical facilities use. The Village Council would recommend a minimum percentage of use during operating hours for the civic structure to be qualified as a civic structure, perimeter buffers along U.S. 41 and adjacent to the pond at the time of the first Development Order, shielding the fence in the buffer from the adjacent community, architecture review in more details at the time of Development Order, foundation plantings for the residential structures must exceed the minimum 10%, and the intersection of Coconut Road and Walden will be analyzed and the recommendation will be whatever the infrastructure that provides the highest and best capacity use for that intersection","Recommended approval to the Council with staff conditions and the following additional conditions: the hard scaping and lighting will be consistent throughout the community and will be defined at the time of the first Development Order, no 24-hour medical facilities use. The Village Council would recommend a minimum percentage of use during operating hours for the civic structure to be qualified as a civic structure, perimeter buffers along U.S. 41 and adjacent to the pond at the time of the first Development Order, shielding the fence in the buffer from the adjacent community, architecture review in more details at the time of Development Order, foundation plantings for the residential structures must exceed the minimum 10%, and the intersection of Coconut Road and Walden will be analyzed and the recommendation will be whatever the infrastructure that provides the highest and best capacity use for that intersection",,,,See minutes,,DCI2022-E005,6,"Woodfield Estero project site, northwest corner of US 41 & Coconut Road, Estero, FL","Woodfield Estero project site, northwest corner of US 41 & Coconut Road, Estero, FL",26.4022,-81.815,1.0,,20230613 PZDB Minutes.pdf,https://raw.githubusercontent.com/EagleGIS-FGCU/EagleGIS/main/data/raw/pzdb/2023/20230613%20PZDB%20Minutes.pdf,AgendaItemLocation
Woodfield Estero Planned Development - Rezoning (DCI2022-E005) (District 6) Vacant parcels at the northwest corner of US 41 and Coconut Road. Applicant seeks to rezone ±45.6 acres from Mixed Use Planned Development (MPD) to Estero Planned Developm...,Planning Zoning & Design Board,Regular Meeting,Planning Zoning & Design Board,2023-06-13,2023-06-13,2023,Accepted,46,2,Vote,mixed_use,Woodfield Estero Planned Development - Rezoning (DCI2022-E005) (District 6) Vacant parcels at the northwest corner of US 41 and Coconut Road. Applicant seeks to rezone ±45.6 acres from Mixed Use Planned Development (MPD) to Estero Planned Developm...,Woodfield Estero Planned Development - Rezoning (DCI2022-E005) (District 6) Vacant parcels at the northwest corner of US 41 and Coconut Road. Applicant seeks to rezone ±45.6 acres from Mixed Use Planned Development (MPD) to Estero Planned Development (EPD. Action: Approved the motion to continue meeting not to exceed 9:30 pm to resolve this case and all further actions after that would have to continue to the next meeting,Approved the motion to continue meeting not to exceed 9:30 pm to resolve this case and all further actions after that would have to continue to the next meeting,Approved the motion to continue meeting not to exceed 9:30 pm to resolve this case and all further actions after that would have to continue to the next meeting,Approved the motion to continue meeting not to exceed 9:30 pm to resolve this case and all further actions after that would have to continue to the next meeting,,,See minutes,,DCI2022-E005,6,"Woodfield Estero project site, northwest corner of US 41 & Coconut Road, Estero, FL","Woodfield Estero project site, northwest corner of US 41 & Coconut Road, Estero, FL",26.4022,-81.815,1.0,,20230613 PZDB Minutes.pdf,https://raw.githubusercontent.com/EagleGIS-FGCU/EagleGIS/main/data/raw/pzdb/2023/20230613%20PZDB%20Minutes.pdf,AgendaItemLocation
"RiverCreek Recreation Site - Development Order (DOS2023-E003) (District 7) 12840 Corkscrew Road and 20161 Camellia Crosse Lane Applicant seeks approval of the recreational campus located on Tract ""A"". Recreational amenities include a 14,546 S.F. c...",Planning Zoning & Design Board,Regular Meeting,Planning Zoning & Design Board,2023-06-13,2023-06-13,2023,Accepted,45,1,Vote,open_space,"RiverCreek Recreation Site - Development Order (DOS2023-E003) (District 7) 12840 Corkscrew Road and 20161 Camellia Crosse Lane Applicant seeks approval of the recreational campus located on Tract ""A"". Recreational amenities include a 14,546 S.F. c...","RiverCreek Recreation Site - Development Order (DOS2023-E003) (District 7) 12840 Corkscrew Road and 20161 Camellia Crosse Lane Applicant seeks approval of the recreational campus located on Tract ""A"". Recreational amenities include a 14,546 S.F. clubhouse. Action: Approved the Development Order with the staff conditions",Approved the Development Order with the staff conditions,Approved the Development Order with the staff conditions,Approved the Development Order with the staff conditions,,,See minutes,,DOS2023-E003,7,"12840 Corkscrew Road, Estero, FL","12840 Corkscrew Road, Estero, FL",26.449146368339,-81.742899851451,1.0,,20230613 PZDB Minutes.pdf,https://raw.githubusercontent.com/EagleGIS-FGCU/EagleGIS/main/data/raw/pzdb/2023/20230613%20PZDB%20Minutes.pdf,AgendaItemLocation
Williams Road Improvements,Village Council,Regular Meeting,Village Council,2023-06-07,2023-06-07,2023,Accepted,980,6,Ordinance,commercial,"First Reading of Ordinance No. 2023-04, Village Initiated Rezoning on Williams Road An Ordinance of the Village Council of the Village of Estero, Florida, Rezoning 21± Acres of Property Owned by the Village of Estero from Commercial Planned Develo...","First Reading of Ordinance No. 2023-04, Village Initiated Rezoning on Williams Road An Ordinance of the Village Council of the Village of Estero, Florida, Rezoning 21± Acres of Property Owned by the Village of Estero from Commercial Planned Development an. Action: Passed First Reading of Ordinance 2023-04 and set Public Hearing and Second Reading for June 21, 20","Passed First Reading of Ordinance 2023-04 and set Public Hearing and Second Reading for June 21, 20","Passed First Reading of Ordinance 2023-04 and set Public Hearing and Second Reading for June 21, 20","Passed First Reading of Ordinance 2023-04 and set Public Hearing and Second Reading for June 21, 20",,,Detected,,Ordinance No. 2023-04,,"9000 Williams Road, Estero, FL","9000 Williams Road, Estero, FL",26.420956750596,-81.80311832661,1.0,TD/CS,06072023  minutes.pdf,https://estero-fl.gov/wp-content/uploads/library-ada/minutes/2023%20MINUTES/06072023%20%20minutes.pdf,AgendaItemLocation
Corkscrew Road,Village Council,Regular Meeting,Village Council,2023-05-17,2023-05-17,2023,Accepted,973,3,Contract Approval,infrastructure,Corkscrew Road Wetland Mitigation Credits,"Corkscrew Road Wetland Mitigation Credits. Action: Approved the Agreement for Sale of Mitigation Bank Credits with Corkscrew Mitigation, LLC for 0.83 credits at a cost of $157,700, and authorize the Village Manager to sign the agreement and other additional implementing documents within the scope of the agreement on behalf of the Village of Estero Council","Approved the Agreement for Sale of Mitigation Bank Credits with Corkscrew Mitigation, LLC for 0.83 credits at a cost of $157,700, and authorize the Village Manager to sign the agreement and other additional implementing documents within the scope of the agreement on behalf of the Village of Estero Council","Approved the Agreement for Sale of Mitigation Bank Credits with Corkscrew Mitigation, LLC for 0.83 credits at a cost of $157,700, and authorize the Village Manager to sign the agreement and other additional implementing documents within the scope of the agreement on behalf of the Village of Estero Council","Approved the Agreement for Sale of Mitigation Bank Credits with Corkscrew Mitigation, LLC for 0.83 credits at a cost of $157,700, and authorize the Village Manager to sign the agreement and other additional implementing documents within the scope of the agreement on behalf of the Village of Estero Council",,,Detected,Corkscrew Mitigation,,,Corkscrew Road Widening Corridor,"Corkscrew Road from Ben Hill Griffin Parkway to east of Bella Terra Boulevard, Estero, FL",26.443916962688,-81.750022322755,0.9,TD/CS,05172023  minutes.pdf,https://estero-fl.gov/wp-content/uploads/library-ada/minutes/2023%20MINUTES/05172023%20%20minutes.pdf,AgendaItemLocation
The Brooks Commons Club - Pickleball Court Expansion Limited Development Order (LDO2022-E051) (District 6) Applicant is seeking approval for the redevelopment of a portion of the community's property on Coconut Road adjacent to the Commons Club. T...,Planning Zoning & Design Board,Regular Meeting,Planning Zoning & Design Board,2023-05-09,2023-05-09,2023,Accepted,43,2,Vote,open_space,The Brooks Commons Club - Pickleball Court Expansion Limited Development Order (LDO2022-E051) (District 6) Applicant is seeking approval for the redevelopment of a portion of the community's property on Coconut Road adjacent to the Commons Club. T...,"The Brooks Commons Club - Pickleball Court Expansion Limited Development Order (LDO2022-E051) (District 6) Applicant is seeking approval for the redevelopment of a portion of the community's property on Coconut Road adjacent to the Commons Club. The park'. Action: Approved the Development with the following conditions: to delegate where the bicycle spaces will be in proximity to the courts, they have three months to remediate any sound violations, the sound violations will be set off Ansi sta...","Approved the Development with the following conditions: to delegate where the bicycle spaces will be in proximity to the courts, they have three months to remediate any sound violations, the sound violations will be set off Ansi standards of 55 decibels, and staff will work with the applicant to meet the lighting requirements","Approved the Development with the following conditions: to delegate where the bicycle spaces will be in proximity to the courts, they have three months to remediate any sound violations, the sound violations will be set off Ansi standards of 55 decibels, and staff will work with the applicant to meet the lighting requirements","Approved the Development with the following conditions: to delegate where the bicycle spaces will be in proximity to the courts, they have three months to remediate any sound violations, the sound violations will be set off Ansi standards of 55 decibels, and staff will work with the applicant to meet the lighting requirements",,,See minutes,,LDO2022-E051,6,"Commons Club at The Brooks, Estero, FL","Commons Club at The Brooks, Estero, FL",26.3974648,-81.7889557,1.0,,20230509 PZDB Minutes.pdf,https://raw.githubusercontent.com/EagleGIS-FGCU/EagleGIS/main/data/raw/pzdb/2023/20230509%20PZDB%20Minutes.pdf,AgendaItemLocation
"Corkscrew Pines Self-Storage - Development Order (DOS2022-E008) (District 5) Located on the south side of Corkscrew Road, east of Stoneybrook Golf Drive and west of Firehouse Lane. Applicant is proposing to construct 3 storage buildings totaling ±...",Planning Zoning & Design Board,Regular Meeting,Planning Zoning & Design Board,2023-05-09,2023-05-09,2023,Accepted,42,1,Vote,open_space,"Corkscrew Pines Self-Storage - Development Order (DOS2022-E008) (District 5) Located on the south side of Corkscrew Road, east of Stoneybrook Golf Drive and west of Firehouse Lane. Applicant is proposing to construct 3 storage buildings totaling ±...","Corkscrew Pines Self-Storage - Development Order (DOS2022-E008) (District 5) Located on the south side of Corkscrew Road, east of Stoneybrook Golf Drive and west of Firehouse Lane. Applicant is proposing to construct 3 storage buildings totaling ±150,000 . Action: Approved the Development with the conditions as follows: columns 7, 8, 13, and 14 has an 8-inch projection forward, There will be a minimum 4-foot additional depth in the center of the building columns 8 through 11, the landscape bu...","Approved the Development with the conditions as follows: columns 7, 8, 13, and 14 has an 8-inch projection forward, There will be a minimum 4-foot additional depth in the center of the building columns 8 through 11, the landscape buffer will be clustered and add depth and break up the linear run of the landscape buffer in general, the tower height is going to have a vertical differential minimum of two feet from the parapet of the building, the plants around the lift station and the garbage dumpster are going to be increased to a 48-inch minimum size, the cluster of trees at the west end of the building will go to a 14 to 16-foot minimum, and the west side of the building was going to have red maples instead of cypress, and we were going to add foundation plantings along the east, west, and north side of building one","Approved the Development with the conditions as follows: columns 7, 8, 13, and 14 has an 8-inch projection forward, There will be a minimum 4-foot additional depth in the center of the building columns 8 through 11, the landscape buffer will be clustered and add depth and break up the linear run of the landscape buffer in general, the tower height is going to have a vertical differential minimum of two feet from the parapet of the building, the plants around the lift station and the garbage dumpster are going to be increased to a 48-inch minimum size, the cluster of trees at the west end of the building will go to a 14 to 16-foot minimum, and the west side of the building was going to have red maples instead of cypress, and we were going to add foundation plantings along the east, west, and north side of building one","Approved the Development with the conditions as follows: columns 7, 8, 13, and 14 has an 8-inch projection forward, There will be a minimum 4-foot additional depth in the center of the building columns 8 through 11, the landscape buffer will be clustered and add depth and break up the linear run of the landscape buffer in general, the tower height is going to have a vertical differential minimum of two feet from the parapet of the building, the plants around the lift station and the garbage dumpster are going to be increased to a 48-inch minimum size, the cluster of trees at the west end of the building will go to a 14 to 16-foot minimum, and the west side of the building was going to have red maples instead of cypress, and we were going to add foundation plantings along the east, west, and north side of building one",,,See minutes,,DOS2022-E008,5,"Corkscrew Pines project site, Estero, FL","Corkscrew Pines project site, Estero, FL",26.4383,-81.7603,1.0,,20230509 PZDB Minutes.pdf,https://raw.githubusercontent.com/EagleGIS-FGCU/EagleGIS/main/data/raw/pzdb/2023/20230509%20PZDB%20Minutes.pdf,AgendaItemLocation
Williams Road Improvements,Village Council,Regular Meeting,Village Council,2023-05-03,2023-05-03,2023,Accepted,1360,5,Contract Approval,infrastructure,Approved the consultants ranking for Williams Road Widening Preliminary Design and Enginee,"Approved the consultants ranking for Williams Road Widening Preliminary Design and Engineering Project as follows: Number 1 - Kisinger Campo & Associates; Number 2 - Q. Grady Minor & Associates; Number 3 - Kimley-Horn and Associates, authorize staff to negotiate a contract with the Number 1 ranked firm, Kisinger Campo & Associates, to provide professional consulting services for the Williams Road Widening Preliminary Design and Engineering Project","Approved the consultants ranking for Williams Road Widening Preliminary Design and Engineering Project as follows: Number 1 - Kisinger Campo & Associates; Number 2 - Q. Grady Minor & Associates; Number 3 - Kimley-Horn and Associates, authorize staff to negotiate a contract with the Number 1 ranked firm, Kisinger Campo & Associates, to provide professional consulting services for the Williams Road Widening Preliminary Design and Engineering Project","Approved the consultants ranking for Williams Road Widening Preliminary Design and Engineering Project as follows: Number 1 - Kisinger Campo & Associates; Number 2 - Q. Grady Minor & Associates; Number 3 - Kimley-Horn and Associates, authorize staff to negotiate a contract with the Number 1 ranked firm, Kisinger Campo & Associates, to provide professional consulting services for the Williams Road Widening Preliminary Design and Engineering Project","Approved the consultants ranking for Williams Road Widening Preliminary Design and Engineering Project as follows: Number 1 - Kisinger Campo & Associates; Number 2 - Q. Grady Minor & Associates; Number 3 - Kimley-Horn and Associates, authorize staff to negotiate a contract with the Number 1 ranked firm, Kisinger Campo & Associates, to provide professional consulting services for the Williams Road Widening Preliminary Design and Engineering Project",,,Detected,,,,"Williams Road from US 41 to Via Coconut Point, Estero, FL","Williams Road from US 41 to Via Coconut Point, Estero, FL",26.420397237605,-81.80904475125,0.95,ON/KE,04192023 minutes.pdf,https://estero-fl.gov/wp-content/uploads/library-ada/minutes/2023%20MINUTES/04192023%20%20minutes.pdf,AgendaItemLocation
Estero Parkway Improvements,Village Council,Regular Meeting,Village Council,2023-05-03,2023-05-03,2023,Accepted,1359,4,Contract Approval,infrastructure,Approved the award of Supplemental Task authorization 04 to Contract EC 2023-38 to Johnson,"Approved the award of Supplemental Task authorization 04 to Contract EC 2023-38 to Johnson Engineering, Inc. for the Phase 1 Estero Parkway Reuse Main Design, Permit and Grant Funding Assistance at a cost of $89,858.00, approve a $9,000 contingency (10%) for additional services that may be required to complete the project, and authorize the Village Manager to sign the STA and other additional implementing documents within the scope of the STA on behalf of the Village of Estero Council","Approved the award of Supplemental Task authorization 04 to Contract EC 2023-38 to Johnson Engineering, Inc. for the Phase 1 Estero Parkway Reuse Main Design, Permit and Grant Funding Assistance at a cost of $89,858.00, approve a $9,000 contingency (10%) for additional services that may be required to complete the project, and authorize the Village Manager to sign the STA and other additional implementing documents within the scope of the STA on behalf of the Village of Estero Council","Approved the award of Supplemental Task authorization 04 to Contract EC 2023-38 to Johnson Engineering, Inc. for the Phase 1 Estero Parkway Reuse Main Design, Permit and Grant Funding Assistance at a cost of $89,858.00, approve a $9,000 contingency (10%) for additional services that may be required to complete the project, and authorize the Village Manager to sign the STA and other additional implementing documents within the scope of the STA on behalf of the Village of Estero Council","Approved the award of Supplemental Task authorization 04 to Contract EC 2023-38 to Johnson Engineering, Inc. for the Phase 1 Estero Parkway Reuse Main Design, Permit and Grant Funding Assistance at a cost of $89,858.00, approve a $9,000 contingency (10%) for additional services that may be required to complete the project, and authorize the Village Manager to sign the STA and other additional implementing documents within the scope of the STA on behalf of the Village of Estero Council",,,Detected,,EC 2023-38,,Estero Parkway,"Estero Parkway from US 41 to Three Oaks Parkway, Estero, FL",26.448792003304,-81.803409304378,0.9,ON/KE,04192023 minutes.pdf,https://estero-fl.gov/wp-content/uploads/library-ada/minutes/2023%20MINUTES/04192023%20%20minutes.pdf,AgendaItemLocation
Williams Road Improvements,Village Council,Regular Meeting,Village Council,2023-04-19,2023-04-19,2023,Accepted,963,5,Contract Approval,infrastructure,Williams Road Widening Preliminary Design and Engineering CN 2023-01,"Williams Road Widening Preliminary Design and Engineering CN 2023-01. Action: Approved the consultants ranking for Williams Road Widening Preliminary Design and Engineering Project as follows: Number 1 - Kisinger Campo & Associates; Number 2 - Q. Grady Minor & Associates; Number 3 - Kimley-Horn and Associates, authorize staff to negotiate a contract with the Number 1 ranked firm, Kisinger Campo & Associates, to provide professional consulting services for the Williams Road Widening Preliminar...","Approved the consultants ranking for Williams Road Widening Preliminary Design and Engineering Project as follows: Number 1 - Kisinger Campo & Associates; Number 2 - Q. Grady Minor & Associates; Number 3 - Kimley-Horn and Associates, authorize staff to negotiate a contract with the Number 1 ranked firm, Kisinger Campo & Associates, to provide professional consulting services for the Williams Road Widening Preliminary Design and Engineering Project","Approved the consultants ranking for Williams Road Widening Preliminary Design and Engineering Project as follows: Number 1 - Kisinger Campo & Associates; Number 2 - Q. Grady Minor & Associates; Number 3 - Kimley-Horn and Associates, authorize staff to negotiate a contract with the Number 1 ranked firm, Kisinger Campo & Associates, to provide professional consulting services for the Williams Road Widening Preliminary Design and Engineering Project","Approved the consultants ranking for Williams Road Widening Preliminary Design and Engineering Project as follows: Number 1 - Kisinger Campo & Associates; Number 2 - Q. Grady Minor & Associates; Number 3 - Kimley-Horn and Associates, authorize staff to negotiate a contract with the Number 1 ranked firm, Kisinger Campo & Associates, to provide professional consulting services for the Williams Road Widening Preliminary Design and Engineering Project",,,Detected,,CN 2023-01,,"Williams Road from US 41 to Via Coconut Point, Estero, FL","Williams Road from US 41 to Via Coconut Point, Estero, FL",26.420397237605,-81.80904475125,0.95,TD/CS,04192023  minutes.pdf,https://estero-fl.gov/wp-content/uploads/library-ada/minutes/2023%20MINUTES/04192023%20%20minutes.pdf,AgendaItemLocation
Estero Parkway Improvements,Village Council,Regular Meeting,Village Council,2023-04-19,2023-04-19,2023,Accepted,962,4,Contract Approval,infrastructure,Estero Parkway Phase 1 Reuse Main Design Contract EC 2023-38 STA 04,"Estero Parkway Phase 1 Reuse Main Design Contract EC 2023-38 STA 04. Action: Approved the award of Supplemental Task authorization 04 to Contract EC 2023-38 to Johnson Engineering, Inc. for the Phase 1 Estero Parkway Reuse Main Design, Permit and Grant Funding Assistance at a cost of $89,858.00, approve a $9,000 contingency (10%) for additional services that may be required to complete the project, and authorize the Village Manager to sign the STA and other additional implementing documents w...","Approved the award of Supplemental Task authorization 04 to Contract EC 2023-38 to Johnson Engineering, Inc. for the Phase 1 Estero Parkway Reuse Main Design, Permit and Grant Funding Assistance at a cost of $89,858.00, approve a $9,000 contingency (10%) for additional services that may be required to complete the project, and authorize the Village Manager to sign the STA and other additional implementing documents within the scope of the STA on behalf of the Village of Estero Council","Approved the award of Supplemental Task authorization 04 to Contract EC 2023-38 to Johnson Engineering, Inc. for the Phase 1 Estero Parkway Reuse Main Design, Permit and Grant Funding Assistance at a cost of $89,858.00, approve a $9,000 contingency (10%) for additional services that may be required to complete the project, and authorize the Village Manager to sign the STA and other additional implementing documents within the scope of the STA on behalf of the Village of Estero Council","Approved the award of Supplemental Task authorization 04 to Contract EC 2023-38 to Johnson Engineering, Inc. for the Phase 1 Estero Parkway Reuse Main Design, Permit and Grant Funding Assistance at a cost of $89,858.00, approve a $9,000 contingency (10%) for additional services that may be required to complete the project, and authorize the Village Manager to sign the STA and other additional implementing documents within the scope of the STA on behalf of the Village of Estero Council",,,Detected,,EC 2023-38,,"Estero Parkway from US 41 to Three Oaks Parkway, Estero, FL","Estero Parkway from US 41 to Three Oaks Parkway, Estero, FL",26.448792003304,-81.803409304378,0.95,TD/CS,04192023  minutes.pdf,https://estero-fl.gov/wp-content/uploads/library-ada/minutes/2023%20MINUTES/04192023%20%20minutes.pdf,AgendaItemLocation
"Village Initiated Rezoning (DCI2022-E006) (District 5) 9000 Williams Road, located north of Williams Road and east of the railroad right of way. Village seeks to rezone +19 acres that includes the Golf Coast Driving Range and a vacant parcel, from...",Planning Zoning & Design Board,Regular Meeting,Planning Zoning & Design Board,2023-04-11,2023-04-11,2023,Accepted,41,3,Unknown,infrastructure,"Village Initiated Rezoning (DCI2022-E006) (District 5) 9000 Williams Road, located north of Williams Road and east of the railroad right of way. Village seeks to rezone +19 acres that includes the Golf Coast Driving Range and a vacant parcel, from...","Village Initiated Rezoning (DCI2022-E006) (District 5) 9000 Williams Road, located north of Williams Road and east of the railroad right of way. Village seeks to rezone +19 acres that includes the Golf Coast Driving Range and a vacant parcel, from Agricul. Action: Recommended approval to the Council with a conceptual site plan, and deletion of the hotel use","Recommended approval to the Council with a conceptual site plan, and deletion of the hotel use","Recommended approval to the Council with a conceptual site plan, and deletion of the hotel use",,,,See minutes,,DCI2022-E006,5,"9000 Williams Road, Estero, FL","9000 Williams Road, Estero, FL",26.420956750596,-81.80311832661,1.0,,20230411 PZDB Minutes.pdf,https://raw.githubusercontent.com/EagleGIS-FGCU/EagleGIS/main/data/raw/pzdb/2023/20230411%20PZDB%20Minutes.pdf,AgendaItemLocation
"Downtown Estero Residential - Development Order (DOS2022-E009) (District 2) Mixed Use Planned Development (MPD) on a 34-acre site, located on the east side of US 41, north of Broadway and east of the Broadway Shoppes. Applicant seeks to construct...",Planning Zoning & Design Board,Regular Meeting,Planning Zoning & Design Board,2023-04-11,2023-04-11,2023,Accepted,40,2,Vote,mixed_use,"Downtown Estero Residential - Development Order (DOS2022-E009) (District 2) Mixed Use Planned Development (MPD) on a 34-acre site, located on the east side of US 41, north of Broadway and east of the Broadway Shoppes. Applicant seeks to construct...","Downtown Estero Residential - Development Order (DOS2022-E009) (District 2) Mixed Use Planned Development (MPD) on a 34-acre site, located on the east side of US 41, north of Broadway and east of the Broadway Shoppes. Applicant seeks to construct 300 mult. Action: Approved the residential Development Order (DOS2022-E009)",Approved the residential Development Order (DOS2022-E009),Approved the residential Development Order (DOS2022-E009),Approved the residential Development Order (DOS2022-E009),,,See minutes,,DOS2022-E009,2,"Downtown Estero project site, east of US 41 and north of Broadway Avenue East, Estero, FL","Downtown Estero project site, east of US 41 and north of Broadway Avenue East, Estero, FL",26.4432,-81.807,1.0,,20230411 PZDB Minutes.pdf,https://raw.githubusercontent.com/EagleGIS-FGCU/EagleGIS/main/data/raw/pzdb/2023/20230411%20PZDB%20Minutes.pdf,AgendaItemLocation
"Downtown Estero Infrastructure- Development Order (DOS2022- E006) (District 2) Located on the east side of US 41, north of Broadway and east of the Broadway Shoppes. - Applicant seeks to construct the backbone infrastructure for a 34-acre Mixed Pl...",Planning Zoning & Design Board,Regular Meeting,Planning Zoning & Design Board,2023-04-11,2023-04-11,2023,Accepted,39,1,Vote,other,"Downtown Estero Infrastructure- Development Order (DOS2022- E006) (District 2) Located on the east side of US 41, north of Broadway and east of the Broadway Shoppes. - Applicant seeks to construct the backbone infrastructure for a 34-acre Mixed Pl...","Downtown Estero Infrastructure- Development Order (DOS2022- E006) (District 2) Located on the east side of US 41, north of Broadway and east of the Broadway Shoppes. - Applicant seeks to construct the backbone infrastructure for a 34-acre Mixed Planned De. Action: Approved the Infrastructure Development Order (DOS2022-E006) to include a requirement of a fence as part of their buffer adjacent to Cypress Bend",Approved the Infrastructure Development Order (DOS2022-E006) to include a requirement of a fence as part of their buffer adjacent to Cypress Bend,Approved the Infrastructure Development Order (DOS2022-E006) to include a requirement of a fence as part of their buffer adjacent to Cypress Bend,Approved the Infrastructure Development Order (DOS2022-E006) to include a requirement of a fence as part of their buffer adjacent to Cypress Bend,,,See minutes,,DOS2022-E006,2,"Downtown Estero project site, east of US 41 and north of Broadway Avenue East, Estero, FL","Downtown Estero project site, east of US 41 and north of Broadway Avenue East, Estero, FL",26.4432,-81.807,1.0,,20230411 PZDB Minutes.pdf,https://raw.githubusercontent.com/EagleGIS-FGCU/EagleGIS/main/data/raw/pzdb/2023/20230411%20PZDB%20Minutes.pdf,AgendaItemLocation
Sandy Lane Improvements,Village Council,Regular Meeting,Village Council,2023-04-05,2023-04-05,2023,Accepted,958,5,Resolution,infrastructure,"Resolution No. 2023-07 Sandy Lane Bike/Pedestrian Improvements State Funding A Resolution of the Village Council of the Village of Estero, Requesting State Funding for a Project known as Sandy Lane Bicycle and Pedestrian Improvements; Authorizing the","Resolution No. 2023-07 Sandy Lane Bike/Pedestrian Improvements State Funding A Resolution of the Village Council of the Village of Estero, Requesting State Funding for a Project known as Sandy Lane Bicycle and Pedestrian Improvements; Authorizing the. Action: Adopted Resolution No. 2023",Adopted Resolution No. 2023,Adopted Resolution No. 2023,Adopted Resolution No. 2023,,,Detected,,Resolution No. 2023-07,,Sandy Lane,"Sandy Lane from Corkscrew Road to Broadway Avenue East, Estero, FL",26.43663000848,-81.804926512673,0.9,TD/CS,04052023 minutes.pdf,https://estero-fl.gov/wp-content/uploads/library-ada/minutes/2023%20MINUTES/04052023%20minutes.pdf,AgendaItemLocation
Williams Road Improvements,Village Council,Regular Meeting,Village Council,2023-03-15,2023-03-15,2023,Accepted,1059,5,Vote,infrastructure,Recreational Proposals for the Village-owned Williams Road Property,Recreational Proposals for the Village-owned Williams Road Property. Action: Approved Recreational Proposals for the Village- owned Williams Road Property,Approved Recreational Proposals for the Village- owned Williams Road Property,Approved Recreational Proposals for the Village- owned Williams Road Property,Approved Recreational Proposals for the Village- owned Williams Road Property,,,Detected,,,,Williams Road,"Williams Road from US 41 to Three Oaks Parkway, Estero, FL",26.420352499197,-81.799938484002,0.9,TD/CS,3152023 minutes.pdf,https://estero-fl.gov/wp-content/uploads/library-ada/minutes/2023%20MINUTES/3152023%20minutes.pdf,AgendaItemLocation
US 41 Medians 1-5 Landscaping Contract,Village Council,Regular Meeting,Village Council,2023-03-15,2023-03-15,2023,Accepted,1058,4,Contract Approval,open_space,US 41 Medians 1-5 Landscaping Contract,"US 41 Medians 1-5 Landscaping Contract. Action: Approved miscellaneous Contractor Services contract EC 2019- 66 STA 36 with P&T Lawn & Tractor Services to install landscaping within US 41 Medians 1-5, including a 10% contingency","Approved miscellaneous Contractor Services contract EC 2019- 66 STA 36 with P&T Lawn & Tractor Services to install landscaping within US 41 Medians 1-5, including a 10% contingency","Approved miscellaneous Contractor Services contract EC 2019- 66 STA 36 with P&T Lawn & Tractor Services to install landscaping within US 41 Medians 1-5, including a 10% contingency","Approved miscellaneous Contractor Services contract EC 2019- 66 STA 36 with P&T Lawn & Tractor Services to install landscaping within US 41 Medians 1-5, including a 10% contingency",,,Detected,P&T Lawn & Tractor Services,EC 2019,,"US 41 from Williams Road to Estero Parkway, Estero, FL","US 41 from Williams Road to Estero Parkway, Estero, FL",26.434255,-81.814695788461,0.95,TD/CS,3152023 minutes.pdf,https://estero-fl.gov/wp-content/uploads/library-ada/minutes/2023%20MINUTES/3152023%20minutes.pdf,AgendaItemLocation
"Corkscrew Pines Infrastructure - Development Order (DOS2021-E008) (District 5) located on the south side of Corkscrew Road, east of Stoneybrook Golf Drive and west of Firehouse Lane. Applicant is proposing to construct the backbone infrastructure...",Planning Zoning & Design Board,Regular Meeting,Planning Zoning & Design Board,2023-03-14,2023-03-14,2023,Accepted,38,1,Vote,infrastructure,"Corkscrew Pines Infrastructure - Development Order (DOS2021-E008) (District 5) located on the south side of Corkscrew Road, east of Stoneybrook Golf Drive and west of Firehouse Lane. Applicant is proposing to construct the backbone infrastructure...","Corkscrew Pines Infrastructure - Development Order (DOS2021-E008) (District 5) located on the south side of Corkscrew Road, east of Stoneybrook Golf Drive and west of Firehouse Lane. Applicant is proposing to construct the backbone infrastructure for futu. Action: Approved the infrastructure plan contingent upon the authorization of the CDD and the completion of the utility sign-offs",Approved the infrastructure plan contingent upon the authorization of the CDD and the completion of the utility sign-offs,Approved the infrastructure plan contingent upon the authorization of the CDD and the completion of the utility sign-offs,Approved the infrastructure plan contingent upon the authorization of the CDD and the completion of the utility sign-offs,,,See minutes,,DOS2021-E008,5,"Corkscrew Pines project site, Estero, FL","Corkscrew Pines project site, Estero, FL",26.4383,-81.7603,1.0,,20230314 PZDB Minutes.pdf,https://raw.githubusercontent.com/EagleGIS-FGCU/EagleGIS/main/data/raw/pzdb/2023/20230314%20PZDB%20Minutes.pdf,AgendaItemLocation
US 41 Southern Monument Sign Contract,Village Council,Regular Meeting,Village Council,2023-03-01,2023-03-01,2023,Accepted,952,4,Contract Approval,infrastructure,US 41 Southern Monument Sign Contract,"US 41 Southern Monument Sign Contract. Action: Approves Supplemental Task Authorization (STA)-34 under contract EC 2019-06 to P & T Lawn and Tractor Service, Inc. to construct and install a monument sign on US 41 at a total cost of $69,968, approve a contingency fund amount of $7,000 (an amount equal to 10% of the total project cos","Approves Supplemental Task Authorization (STA)-34 under contract EC 2019-06 to P & T Lawn and Tractor Service, Inc. to construct and install a monument sign on US 41 at a total cost of $69,968, approve a contingency fund amount of $7,000 (an amount equal to 10% of the total project cos","Approves Supplemental Task Authorization (STA)-34 under contract EC 2019-06 to P & T Lawn and Tractor Service, Inc. to construct and install a monument sign on US 41 at a total cost of $69,968, approve a contingency fund amount of $7,000 (an amount equal to 10% of the total project cos",,,,,,EC 2019-06,,US 41 / Tamiami Trail,"US 41 from Williams Road to Estero Parkway, Estero, FL",26.434255,-81.814695788461,0.9,TD/CS,03012023 minutes.pdf,https://estero-fl.gov/wp-content/uploads/library-ada/minutes/2023%20MINUTES/03012023%20minutes.pdf,AgendaItemLocation
Village Initiated Rezoning - 9000 Williams Road Property (District 5) Village proposes to rezone +19 acres on the north side of Williams Road that includes the Golf Coast Driving Range and a vacant parcel from Agriculture & Commercial Planned Deve...,Planning Zoning & Design Board,Regular Meeting,Planning Zoning & Design Board,2023-02-21,2023-02-21,2023,Accepted,36,2,Vote,commercial,Village Initiated Rezoning - 9000 Williams Road Property (District 5) Village proposes to rezone +19 acres on the north side of Williams Road that includes the Golf Coast Driving Range and a vacant parcel from Agriculture & Commercial Planned Deve...,Village Initiated Rezoning - 9000 Williams Road Property (District 5) Village proposes to rezone +19 acres on the north side of Williams Road that includes the Golf Coast Driving Range and a vacant parcel from Agriculture & Commercial Planned Development . Action: Approved continuance,Approved continuance,Approved continuance,Approved continuance,,,See minutes,,,5,"9000 Williams Road, Estero, FL","9000 Williams Road, Estero, FL",26.420956750596,-81.80311832661,1.0,,20230221 PZDB Minutes.pdf,https://raw.githubusercontent.com/EagleGIS-FGCU/EagleGIS/main/data/raw/pzdb/2023/20230221%20PZDB%20Minutes.pdf,AgendaItemLocation
"Estero Eyebuild at Corkscrew Palms - Development Order (DOS2022-E010) (District 5) 9441 Corkscrew Palms Circle - A vacant parcel east of Village Hall, surrounded by parking in the Corkscrew Palms Commercial Planned Development (CPD) on Corkscrew R...",Planning Zoning & Design Board,Regular Meeting,Planning Zoning & Design Board,2023-02-21,2023-02-21,2023,Accepted,35,1,Vote,commercial,"Estero Eyebuild at Corkscrew Palms - Development Order (DOS2022-E010) (District 5) 9441 Corkscrew Palms Circle - A vacant parcel east of Village Hall, surrounded by parking in the Corkscrew Palms Commercial Planned Development (CPD) on Corkscrew R...","Estero Eyebuild at Corkscrew Palms - Development Order (DOS2022-E010) (District 5) 9441 Corkscrew Palms Circle - A vacant parcel east of Village Hall, surrounded by parking in the Corkscrew Palms Commercial Planned Development (CPD) on Corkscrew Road. App. Action: Approved the Development Order with no cupola required unless the applicant wants one",Approved the Development Order with no cupola required unless the applicant wants one,Approved the Development Order with no cupola required unless the applicant wants one,Approved the Development Order with no cupola required unless the applicant wants one,,,See minutes,,DOS2022-E010,5,"9441 Corkscrew Palms Circle, Estero, FL","9441 Corkscrew Palms Circle, Estero, FL",26.430460781059,-81.797627425658,1.0,,20230221 PZDB Minutes.pdf,https://raw.githubusercontent.com/EagleGIS-FGCU/EagleGIS/main/data/raw/pzdb/2023/20230221%20PZDB%20Minutes.pdf,AgendaItemLocation
Estero River Sediment Analysis EC 2019-36 Change Order #1,Village Council,Regular Meeting,Village Council,2023-01-04,2023-01-04,2023,Accepted,934,4,Contract Approval,open_space,Estero River Sediment Analysis EC 2019-36 Change Order #1,"Estero River Sediment Analysis EC 2019-36 Change Order #1. Action: Approved Change Order #1 to Contract EC 2019-36 in the amount of $46,980 with Coastal Engineering Consultants, Inc. for additional work required to address environmental permit application questions from the Florida Department of Environmental Protection for the proposed dredging of sediments from the Estero River","Approved Change Order #1 to Contract EC 2019-36 in the amount of $46,980 with Coastal Engineering Consultants, Inc. for additional work required to address environmental permit application questions from the Florida Department of Environmental Protection for the proposed dredging of sediments from the Estero River","Approved Change Order #1 to Contract EC 2019-36 in the amount of $46,980 with Coastal Engineering Consultants, Inc. for additional work required to address environmental permit application questions from the Florida Department of Environmental Protection for the proposed dredging of sediments from the Estero River","Approved Change Order #1 to Contract EC 2019-36 in the amount of $46,980 with Coastal Engineering Consultants, Inc. for additional work required to address environmental permit application questions from the Florida Department of Environmental Protection for the proposed dredging of sediments from the Estero River",,,Detected,Coastal Engineering Consultants,EC 2019-36,,Estero River,"Estero River near Old Estero and Koreshan State Park, Estero, FL",26.4360313,-81.8217353,0.9,TD/CS,01042023 minutes.pdf,https://estero-fl.gov/wp-content/uploads/library-ada/minutes/2023%20MINUTES/01042023%20minutes.pdf,AgendaItemLocation
Milan Villas Development Order (DO2022-E005) (District 5) 21750 Three Oaks Parkway located at the northwest corner of Williams Road and Three Oaks Parkway Applicant seeks to develop a residential single-family subdivision on ±10 acres. Ordinance 2...,Planning Zoning & Design Board,Regular Meeting,Planning Zoning & Design Board,2022-12-13,2022-12-13,2022,Accepted,34,2,Vote,residential,Milan Villas Development Order (DO2022-E005) (District 5) 21750 Three Oaks Parkway located at the northwest corner of Williams Road and Three Oaks Parkway Applicant seeks to develop a residential single-family subdivision on ±10 acres. Ordinance 2...,Milan Villas Development Order (DO2022-E005) (District 5) 21750 Three Oaks Parkway located at the northwest corner of Williams Road and Three Oaks Parkway Applicant seeks to develop a residential single-family subdivision on ±10 acres. Ordinance 2022-11 a. Action: Approved the Development Order with staff changes and the monument sign,Approved the Development Order with staff changes and the monument sign,Approved the Development Order with staff changes and the monument sign,Approved the Development Order with staff changes and the monument sign,,,See minutes,,DO2022-E005,5,"21750 Three Oaks Parkway, Estero, FL","21750 Three Oaks Parkway, Estero, FL",26.422671017434,-81.789027006267,1.0,,20221213 PZDB Minutes.pdf,https://raw.githubusercontent.com/EagleGIS-FGCU/EagleGIS/main/data/raw/pzdb/2022/20221213%20PZDB%20Minutes.pdf,AgendaItemLocation
Williams Road Improvements,Village Council,Regular Meeting,Village Council,2022-12-07,2022-12-07,2022,Accepted,927,5,Contract Approval,mixed_use,"Contract with Vieste, LLC for Williams Road Mixed-Use Development Project","Contract with Vieste, LLC for Williams Road Mixed-Use Development Project. Action: Approved the contract with Vieste, LLC for the Williams Road Mixed- Use Development Project and authorize the Village Manager to execute the contract documents on behalf of the Village of Estero Council","Approved the contract with Vieste, LLC for the Williams Road Mixed- Use Development Project and authorize the Village Manager to execute the contract documents on behalf of the Village of Estero Council","Approved the contract with Vieste, LLC for the Williams Road Mixed- Use Development Project and authorize the Village Manager to execute the contract documents on behalf of the Village of Estero Council","Approved the contract with Vieste, LLC for the Williams Road Mixed- Use Development Project and authorize the Village Manager to execute the contract documents on behalf of the Village of Estero Council",,,Detected,Vieste,,,Williams Road,"Williams Road from US 41 to Three Oaks Parkway, Estero, FL",26.420352499197,-81.799938484002,0.9,TD/CS,12072022 minutes.pdf,https://estero-fl.gov/wp-content/uploads/library-ada/minutes/2022%20MINUTES/COUNCIL/12072022%20minutes.pdf,AgendaItemLocation
Rivercreek Phase 2 Corkscrew Crossing Development Order (District 7) (DOS2022- E011) 12840 Corkscrew Road located east of Wildcat Run and west of The Preserve Phase Two consists of 213 single family lots on approximately 48.3 acres. No ex parte co...,Planning Zoning & Design Board,Regular Meeting,Planning Zoning & Design Board,2022-11-08,2022-11-08,2022,Accepted,32,5,Vote,residential,Rivercreek Phase 2 Corkscrew Crossing Development Order (District 7) (DOS2022- E011) 12840 Corkscrew Road located east of Wildcat Run and west of The Preserve Phase Two consists of 213 single family lots on approximately 48.3 acres. No ex parte co...,Rivercreek Phase 2 Corkscrew Crossing Development Order (District 7) (DOS2022- E011) 12840 Corkscrew Road located east of Wildcat Run and west of The Preserve Phase Two consists of 213 single family lots on approximately 48.3 acres. No ex parte communicat. Action: Approved to continue the meeting until 9:15 pm,Approved to continue the meeting until 9:15 pm,Approved to continue the meeting until 9:15 pm,Approved to continue the meeting until 9:15 pm,,,Detected,,DOS2022-E011,7,"12840 Corkscrew Road, Estero, FL","12840 Corkscrew Road, Estero, FL",26.449146368339,-81.742899851451,1.0,,20221108 PZDB Minutes.pdf,https://raw.githubusercontent.com/EagleGIS-FGCU/EagleGIS/main/data/raw/pzdb/2022/20221108%20PZDB%20Minutes.pdf,AgendaItemLocation
Rivercreek Phase 2 Corkscrew Crossing Development Order (District 7) (DOS2022- E011) 12840 Corkscrew Road located east of Wildcat Run and west of The Preserve Phase Two consists of 213 single family lots on approximately 48.3 acres. No ex parte co...,Planning Zoning & Design Board,Regular Meeting,Planning Zoning & Design Board,2022-11-08,2022-11-08,2022,Accepted,31,4,Vote,residential,Rivercreek Phase 2 Corkscrew Crossing Development Order (District 7) (DOS2022- E011) 12840 Corkscrew Road located east of Wildcat Run and west of The Preserve Phase Two consists of 213 single family lots on approximately 48.3 acres. No ex parte co...,Rivercreek Phase 2 Corkscrew Crossing Development Order (District 7) (DOS2022- E011) 12840 Corkscrew Road located east of Wildcat Run and west of The Preserve Phase Two consists of 213 single family lots on approximately 48.3 acres. No ex parte communicat. Action: Approved the Development Order,Approved the Development Order,Approved the Development Order,Approved the Development Order,,,Detected,,DOS2022-E011,7,"12840 Corkscrew Road, Estero, FL","12840 Corkscrew Road, Estero, FL",26.449146368339,-81.742899851451,1.0,,20221108 PZDB Minutes.pdf,https://raw.githubusercontent.com/EagleGIS-FGCU/EagleGIS/main/data/raw/pzdb/2022/20221108%20PZDB%20Minutes.pdf,AgendaItemLocation
"Marketplace Development Order (District 6) (DOS2022-E001) 8001 Via Rapallo Drive, located east of US 41, north of Sweetwater Ranch Blvd. and south of Via Rapallo Dr. Development Order for the construction of a mixed-use commercial development, con...",Planning Zoning & Design Board,Regular Meeting,Planning Zoning & Design Board,2022-11-08,2022-11-08,2022,Accepted,30,3,Vote,mixed_use,"Marketplace Development Order (District 6) (DOS2022-E001) 8001 Via Rapallo Drive, located east of US 41, north of Sweetwater Ranch Blvd. and south of Via Rapallo Dr. Development Order for the construction of a mixed-use commercial development, con...","Marketplace Development Order (District 6) (DOS2022-E001) 8001 Via Rapallo Drive, located east of US 41, north of Sweetwater Ranch Blvd. and south of Via Rapallo Dr. Development Order for the construction of a mixed-use commercial development, consisting . Action: Approved the Development Order with staff conditions",Approved the Development Order with staff conditions,Approved the Development Order with staff conditions,Approved the Development Order with staff conditions,,,See minutes,,DOS2022-E001,6,"22800 Via Villagio, Estero, FL","22800 Via Villagio, Estero, FL",26.412588048918,-81.811355977231,1.0,,20221108 PZDB Minutes.pdf,https://raw.githubusercontent.com/EagleGIS-FGCU/EagleGIS/main/data/raw/pzdb/2022/20221108%20PZDB%20Minutes.pdf,AgendaItemLocation
"Marketplace Development Order (District 6) (DOS2022-E001) 8001 Via Rapallo Drive, located east of US 41, north of Sweetwater Ranch Blvd. and south of Via Rapallo Dr. Development Order for the construction of a mixed-use commercial development, con...",Planning Zoning & Design Board,Regular Meeting,Planning Zoning & Design Board,2022-11-08,2022-11-08,2022,Accepted,29,2,Vote,mixed_use,"Marketplace Development Order (District 6) (DOS2022-E001) 8001 Via Rapallo Drive, located east of US 41, north of Sweetwater Ranch Blvd. and south of Via Rapallo Dr. Development Order for the construction of a mixed-use commercial development, con...","Marketplace Development Order (District 6) (DOS2022-E001) 8001 Via Rapallo Drive, located east of US 41, north of Sweetwater Ranch Blvd. and south of Via Rapallo Dr. Development Order for the construction of a mixed-use commercial development, consisting . Action: MOTION FAILED WAS TO LACK OF MOTION BEING SECONDED",MOTION FAILED WAS TO LACK OF MOTION BEING SECONDED,MOTION FAILED WAS TO LACK OF MOTION BEING SECONDED,MOTION FAILED WAS TO LACK OF MOTION BEING SECONDED,,,Detected,,DOS2022-E001,6,"22800 Via Villagio, Estero, FL","22800 Via Villagio, Estero, FL",26.412588048918,-81.811355977231,1.0,,20221108 PZDB Minutes.pdf,https://raw.githubusercontent.com/EagleGIS-FGCU/EagleGIS/main/data/raw/pzdb/2022/20221108%20PZDB%20Minutes.pdf,AgendaItemLocation
"AT&T Cell Tower (District 1) (SEZ2020-E0101) 3231 Coconut Road, located on the property of Bonita Springs #2753 Benevolent and Protective Order of Elks, west of US 41 and south of Coconut Road. Special Exception request in CS - Commercial Special...",Planning Zoning & Design Board,Regular Meeting,Planning Zoning & Design Board,2022-11-08,2022-11-08,2022,Accepted,28,1,Vote,commercial,"AT&T Cell Tower (District 1) (SEZ2020-E0101) 3231 Coconut Road, located on the property of Bonita Springs #2753 Benevolent and Protective Order of Elks, west of US 41 and south of Coconut Road. Special Exception request in CS - Commercial Special...","AT&T Cell Tower (District 1) (SEZ2020-E0101) 3231 Coconut Road, located on the property of Bonita Springs #2753 Benevolent and Protective Order of Elks, west of US 41 and south of Coconut Road. Special Exception request in CS - Commercial Special Office Z. Action: Approved the 100-foot AT&T Cell Tower with conditions",Approved the 100-foot AT&T Cell Tower with conditions,Approved the 100-foot AT&T Cell Tower with conditions,Approved the 100-foot AT&T Cell Tower with conditions,,,See minutes,,,1,"3231 Coconut Road, Estero, FL","3231 Coconut Road, Estero, FL",26.397050012088,-81.815187848087,1.0,,20221108 PZDB Minutes.pdf,https://raw.githubusercontent.com/EagleGIS-FGCU/EagleGIS/main/data/raw/pzdb/2022/20221108%20PZDB%20Minutes.pdf,AgendaItemLocation
Second Reading and Public Hearing of Ordinance No. 2022-16 Genova Zoning Amendment No conflicts of interest were noted. Councilmember Fiesel and Vice Mayor McLain met with Brian Goguen and Steve Sammons to the listen to timeline of the whole devel...,Village Council,Regular Meeting,Village Council,2022-11-02,2022-11-02,2022,Accepted,911,8,Ordinance,open_space,Second Reading and Public Hearing of Ordinance No. 2022-16 Genova Zoning Amendment No conflicts of interest were noted. Councilmember Fiesel and Vice Mayor McLain met with Brian Goguen and Steve Sammons to the listen to timeline of the whole devel...,Second Reading and Public Hearing of Ordinance No. 2022-16 Genova Zoning Amendment No conflicts of interest were noted. Councilmember Fiesel and Vice Mayor McLain met with Brian Goguen and Steve Sammons to the listen to timeline of the whole development. . Action: Approved Ordinance No. 2022-16 with two changes; o ne to condition 8 regarding significant construction and the second to condition 7 to enhance the landscape along the linear park on Corkscrew Road with a bench on Via Coconut,Approved Ordinance No. 2022-16 with two changes; o ne to condition 8 regarding significant construction and the second to condition 7 to enhance the landscape along the linear park on Corkscrew Road with a bench on Via Coconut,Approved Ordinance No. 2022-16 with two changes; o ne to condition 8 regarding significant construction and the second to condition 7 to enhance the landscape along the linear park on Corkscrew Road with a bench on Via Coconut,Approved Ordinance No. 2022-16 with two changes; o ne to condition 8 regarding significant construction and the second to condition 7 to enhance the landscape along the linear park on Corkscrew Road with a bench on Via Coconut,,,Detected,Brian Goguen and Steve Sammons,Ordinance No. 2022-16,,"21450 Strada Nuova Circle, Estero, FL","21450 Strada Nuova Circle, Estero, FL",26.428168875365,-81.804317441678,1.0,TD/CS,11022022 minutes.pdf,https://estero-fl.gov/wp-content/uploads/library-ada/minutes/2022%20MINUTES/COUNCIL/11022022%20minutes.pdf,AgendaItemLocation
Second Reading and Public Hearing of Ordinance No. 2022-15 for Pelican Sound Residential Planned Development Zoning Amendment No ex parte communication or conflicts of interest were noted. An Ordinance of the Village Council of the Village of Este...,Village Council,Regular Meeting,Village Council,2022-11-02,2022-11-02,2022,Accepted,910,7,Ordinance,residential,Second Reading and Public Hearing of Ordinance No. 2022-15 for Pelican Sound Residential Planned Development Zoning Amendment No ex parte communication or conflicts of interest were noted. An Ordinance of the Village Council of the Village of Este...,"Second Reading and Public Hearing of Ordinance No. 2022-15 for Pelican Sound Residential Planned Development Zoning Amendment No ex parte communication or conflicts of interest were noted. An Ordinance of the Village Council of the Village of Estero, Flor. Action: Approved Ordinance No. 2022-15 with staff conditions",Approved Ordinance No. 2022-15 with staff conditions,Approved Ordinance No. 2022-15 with staff conditions,Approved Ordinance No. 2022-15 with staff conditions,,,Detected,,Ordinance No. 2022-15,,"Pelican Sound Golf & River Club, Estero, FL","Pelican Sound Golf & River Club, Estero, FL",26.4360814,-81.8298334,0.95,TD/CS,11022022 minutes.pdf,https://estero-fl.gov/wp-content/uploads/library-ada/minutes/2022%20MINUTES/COUNCIL/11022022%20minutes.pdf,AgendaItemLocation
"Consumption on Premises - Oak & Stone, Commercial Building #4 (ADD2022-E006) (District 5) 10500 Corkscrew Road, east of Puente Lane. Applicant is requesting outdoor COP approval in conjunction with full-service restaurant. No ex parte communicatio...",Planning Zoning & Design Board,Regular Meeting,Planning Zoning & Design Board,2022-10-25,2022-10-25,2022,Accepted,25,3,Vote,commercial,"Consumption on Premises - Oak & Stone, Commercial Building #4 (ADD2022-E006) (District 5) 10500 Corkscrew Road, east of Puente Lane. Applicant is requesting outdoor COP approval in conjunction with full-service restaurant. No ex parte communicatio...","Consumption on Premises - Oak & Stone, Commercial Building #4 (ADD2022-E006) (District 5) 10500 Corkscrew Road, east of Puente Lane. Applicant is requesting outdoor COP approval in conjunction with full-service restaurant. No ex parte communication or con. Action: Approved request with staff conditions",Approved request with staff conditions,Approved request with staff conditions,Approved request with staff conditions,,,See minutes,,ADD2022-E006,5,"10500 Corkscrew Road, Estero, FL","10500 Corkscrew Road, Estero, FL",26.430907704137,-81.783054229702,1.0,,20221025 PZDB Minutes.pdf,https://raw.githubusercontent.com/EagleGIS-FGCU/EagleGIS/main/data/raw/pzdb/2022/20221025%20PZDB%20Minutes.pdf,AgendaItemLocation
"Development Order - Dunkin Donuts Estero Crossing Commercial Building #1 (DOS2022-E004) (District 5) 10500 Corkscrew Road, east of Puente Lane. Applicant is proposing a ±4,700 square foot building consisting of 2 retail spaces with 1 drive thru. A...",Planning Zoning & Design Board,Regular Meeting,Planning Zoning & Design Board,2022-10-25,2022-10-25,2022,Accepted,24,2,Vote,commercial,"Development Order - Dunkin Donuts Estero Crossing Commercial Building #1 (DOS2022-E004) (District 5) 10500 Corkscrew Road, east of Puente Lane. Applicant is proposing a ±4,700 square foot building consisting of 2 retail spaces with 1 drive thru. A...","Development Order - Dunkin Donuts Estero Crossing Commercial Building #1 (DOS2022-E004) (District 5) 10500 Corkscrew Road, east of Puente Lane. Applicant is proposing a ±4,700 square foot building consisting of 2 retail spaces with 1 drive thru. All audie. Action: Approved the Development Order",Approved the Development Order,Approved the Development Order,Approved the Development Order,,,See minutes,,DOS2022-E004,5,"10500 Corkscrew Road, Estero, FL","10500 Corkscrew Road, Estero, FL",26.430907704137,-81.783054229702,1.0,,20221025 PZDB Minutes.pdf,https://raw.githubusercontent.com/EagleGIS-FGCU/EagleGIS/main/data/raw/pzdb/2022/20221025%20PZDB%20Minutes.pdf,AgendaItemLocation
"Zoning Amendment - Pelican Sound River Club - Continued from September 13, 2022 meeting (DCI2021-E003) (District 2) 4561 Pelican Sound Boulevard, located west of US 41 and north of Williams Road. No ex parte communication or conflicts of interest...",Planning Zoning & Design Board,Regular Meeting,Planning Zoning & Design Board,2022-10-25,2022-10-25,2022,Accepted,23,1,Unknown,infrastructure,"Zoning Amendment - Pelican Sound River Club - Continued from September 13, 2022 meeting (DCI2021-E003) (District 2) 4561 Pelican Sound Boulevard, located west of US 41 and north of Williams Road. No ex parte communication or conflicts of interest...","Zoning Amendment - Pelican Sound River Club - Continued from September 13, 2022 meeting (DCI2021-E003) (District 2) 4561 Pelican Sound Boulevard, located west of US 41 and north of Williams Road. No ex parte communication or conflicts of interest were not. Action: Recommended to the Council to approve the request with conditions",Recommended to the Council to approve the request with conditions,Recommended to the Council to approve the request with conditions,,,,See minutes,September 13,DCI2021-E003,2,"4561 Pelican Sound Boulevard, Estero, FL","4561 Pelican Sound Boulevard, Estero, FL",26.430564674749,-81.823385349393,1.0,,20221025 PZDB Minutes.pdf,https://raw.githubusercontent.com/EagleGIS-FGCU/EagleGIS/main/data/raw/pzdb/2022/20221025%20PZDB%20Minutes.pdf,AgendaItemLocation
"First Reading of Ordinance No. 2022-16 Genova Zoning Amendment. An Ordinance of the Village Council of the Village of Estero, Florida, Amending the Estero Planned Development Zoning Adopted by Ordinance 2016-08 For ""Genova"", for a3.6-Acre Property...",Village Council,Regular Meeting,Village Council,2022-10-19,2022-10-19,2022,Accepted,899,7,Ordinance,other,"First Reading of Ordinance No. 2022-16 Genova Zoning Amendment. An Ordinance of the Village Council of the Village of Estero, Florida, Amending the Estero Planned Development Zoning Adopted by Ordinance 2016-08 For ""Genova"", for a3.6-Acre Property...","First Reading of Ordinance No. 2022-16 Genova Zoning Amendment. An Ordinance of the Village Council of the Village of Estero, Florida, Amending the Estero Planned Development Zoning Adopted by Ordinance 2016-08 For ""Genova"", for a3.6-Acre Property Parcel . Action: Passed first reading of Ordinance No. 2022-16 and set second reading and public hearing for November 2, 20","Passed first reading of Ordinance No. 2022-16 and set second reading and public hearing for November 2, 20","Passed first reading of Ordinance No. 2022-16 and set second reading and public hearing for November 2, 20","Passed first reading of Ordinance No. 2022-16 and set second reading and public hearing for November 2, 20",,,Detected,,Ordinance No. 2022-16,,"21450 Strada Nuova Circle, Estero, FL","21450 Strada Nuova Circle, Estero, FL",26.428168875365,-81.804317441678,1.0,TD/CS,10192022 minutes.pdf,https://estero-fl.gov/wp-content/uploads/library-ada/minutes/2022%20MINUTES/COUNCIL/10192022%20minutes.pdf,AgendaItemLocation
"First Reading of Ordinance No. 2022-15 for Pelican Sound Residential Planned Development Zoning Amendment An Ordinance of the Village Council of the Village of Estero, Florida, Amending the Pelican Sound Residential Planned Development (RPD) Zonin...",Village Council,Regular Meeting,Village Council,2022-10-19,2022-10-19,2022,Accepted,898,6,Ordinance,residential,"First Reading of Ordinance No. 2022-15 for Pelican Sound Residential Planned Development Zoning Amendment An Ordinance of the Village Council of the Village of Estero, Florida, Amending the Pelican Sound Residential Planned Development (RPD) Zonin...","First Reading of Ordinance No. 2022-15 for Pelican Sound Residential Planned Development Zoning Amendment An Ordinance of the Village Council of the Village of Estero, Florida, Amending the Pelican Sound Residential Planned Development (RPD) Zoning To All. Action: Passed first reading of Ordinance No. 2022-15 and set second reading and public hearing for November 2, 20","Passed first reading of Ordinance No. 2022-15 and set second reading and public hearing for November 2, 20","Passed first reading of Ordinance No. 2022-15 and set second reading and public hearing for November 2, 20","Passed first reading of Ordinance No. 2022-15 and set second reading and public hearing for November 2, 20",,,Detected,,Ordinance No. 2022-15,,"Pelican Sound Golf & River Club, Estero, FL","Pelican Sound Golf & River Club, Estero, FL",26.4360814,-81.8298334,0.95,TD/CS,10192022 minutes.pdf,https://estero-fl.gov/wp-content/uploads/library-ada/minutes/2022%20MINUTES/COUNCIL/10192022%20minutes.pdf,AgendaItemLocation
"Final Plan approval for West Bay Island High Rise Resolution No. 2022-22 A Resolution of the Village Council of the Village of Estero, Florida, Approving with Conditions the Final Plan Approval and Two Deviations for West Bay Club Island High Rise...",Village Council,Regular Meeting,Village Council,2022-09-21,2022-09-21,2022,Accepted,883,3,Resolution,infrastructure,"Final Plan approval for West Bay Island High Rise Resolution No. 2022-22 A Resolution of the Village Council of the Village of Estero, Florida, Approving with Conditions the Final Plan Approval and Two Deviations for West Bay Club Island High Rise...","Final Plan approval for West Bay Island High Rise Resolution No. 2022-22 A Resolution of the Village Council of the Village of Estero, Florida, Approving with Conditions the Final Plan Approval and Two Deviations for West Bay Club Island High Rise, Locate. Action: Adopted Resolution No. 2022",Adopted Resolution No. 2022,Adopted Resolution No. 2022,Adopted Resolution No. 2022,,,Detected,Conditions the Final Plan Approval and Two Deviations,Resolution No. 2022-22,,"Williams Road & Baybridge Boulevard, Estero, FL","Williams Road & Baybridge Boulevard, Estero, FL",26.419972358933,-81.832872657959,0.95,TD/CS,09212022 minutes.pdf,https://estero-fl.gov/wp-content/uploads/library-ada/minutes/2022%20MINUTES/COUNCIL/09212022%20minutes.pdf,AgendaItemLocation
"Development Order - Island High Rise (District 1) (DOS2022-E003) 5-acre ""island"" site at west end of Williams Road and past Baybridge Boulevard, over ""no name"" bridge in the West Bay Club development. Applicant seeks to construct multi-family high...",Planning Zoning & Design Board,Regular Meeting,Planning Zoning & Design Board,2022-09-13,2022-09-13,2022,Accepted,22,5,Unknown,infrastructure,"Development Order - Island High Rise (District 1) (DOS2022-E003) 5-acre ""island"" site at west end of Williams Road and past Baybridge Boulevard, over ""no name"" bridge in the West Bay Club development. Applicant seeks to construct multi-family high...","Development Order - Island High Rise (District 1) (DOS2022-E003) 5-acre ""island"" site at west end of Williams Road and past Baybridge Boulevard, over ""no name"" bridge in the West Bay Club development. Applicant seeks to construct multi-family high-rise bu. Action: Recommended to the Council to approve the Development Order and monument sign for Island High Rise",Recommended to the Council to approve the Development Order and monument sign for Island High Rise,Recommended to the Council to approve the Development Order and monument sign for Island High Rise,,,,See minutes,,DOS2022-E003,1,"Williams Road & Baybridge Boulevard, Estero, FL","Williams Road & Baybridge Boulevard, Estero, FL",26.419972358933,-81.832872657959,0.95,,20220913 PZDB Minutes.pdf,https://raw.githubusercontent.com/EagleGIS-FGCU/EagleGIS/main/data/raw/pzdb/2022/20220913%20PZDB%20Minutes.pdf,AgendaItemLocation
"Zoning Amendment - Coconut Trace, Parcels C and D (District 2) (DCI2022-E002) 22951-22961 Lyden Drive, 3.5 vacant acres on the west side of US 41 north of Coconut Road. Applicant is seeking to amend the zoning uses to revise real estate sales to a...",Planning Zoning & Design Board,Regular Meeting,Planning Zoning & Design Board,2022-09-13,2022-09-13,2022,Accepted,21,4,Unknown,infrastructure,"Zoning Amendment - Coconut Trace, Parcels C and D (District 2) (DCI2022-E002) 22951-22961 Lyden Drive, 3.5 vacant acres on the west side of US 41 north of Coconut Road. Applicant is seeking to amend the zoning uses to revise real estate sales to a...","Zoning Amendment - Coconut Trace, Parcels C and D (District 2) (DCI2022-E002) 22951-22961 Lyden Drive, 3.5 vacant acres on the west side of US 41 north of Coconut Road. Applicant is seeking to amend the zoning uses to revise real estate sales to allow a r. Action: Recommended to the Council to approve the zoning amendment with the amendment of condition 2 and the addition of condition",Recommended to the Council to approve the zoning amendment with the amendment of condition 2 and the addition of condition,Recommended to the Council to approve the zoning amendment with the amendment of condition 2 and the addition of condition,,,,,,DCI2022-E002,2,"22961 Lyden Drive, Estero, FL","22961 Lyden Drive, Estero, FL",26.402115489543,-81.811415991658,1.0,,20220913 PZDB Minutes.pdf,https://raw.githubusercontent.com/EagleGIS-FGCU/EagleGIS/main/data/raw/pzdb/2022/20220913%20PZDB%20Minutes.pdf,AgendaItemLocation
"Zoning Amendment - Pelican Sound River Club (DCI2021-E003) (District 2) 4561 Pelican Sound Boulevard, located west of US 41 and north of Williams Road. Applicant is seeking to amend the Pelican Sound Residential Planned Development Zoning Resoluti...",Planning Zoning & Design Board,Regular Meeting,Planning Zoning & Design Board,2022-09-13,2022-09-13,2022,Accepted,20,3,Vote,residential,"Zoning Amendment - Pelican Sound River Club (DCI2021-E003) (District 2) 4561 Pelican Sound Boulevard, located west of US 41 and north of Williams Road. Applicant is seeking to amend the Pelican Sound Residential Planned Development Zoning Resoluti...","Zoning Amendment - Pelican Sound River Club (DCI2021-E003) (District 2) 4561 Pelican Sound Boulevard, located west of US 41 and north of Williams Road. Applicant is seeking to amend the Pelican Sound Residential Planned Development Zoning Resolution and M. Action: Approved motion for a continuous to come back on the October 27th meeting",Approved motion for a continuous to come back on the October 27th meeting,Approved motion for a continuous to come back on the October 27th meeting,Approved motion for a continuous to come back on the October 27th meeting,,,See minutes,,DCI2021-E003,2,"4561 Pelican Sound Boulevard, Estero, FL","4561 Pelican Sound Boulevard, Estero, FL",26.430564674749,-81.823385349393,1.0,,20220913 PZDB Minutes.pdf,https://raw.githubusercontent.com/EagleGIS-FGCU/EagleGIS/main/data/raw/pzdb/2022/20220913%20PZDB%20Minutes.pdf,AgendaItemLocation
"Zoning Amendment - Pelican Sound River Club (DCI2021-E003) (District 2) 4561 Pelican Sound Boulevard, located west of US 41 and north of Williams Road. Applicant is seeking to amend the Pelican Sound Residential Planned Development Zoning Resoluti...",Planning Zoning & Design Board,Regular Meeting,Planning Zoning & Design Board,2022-09-13,2022-09-13,2022,Accepted,19,2,Vote,residential,"Zoning Amendment - Pelican Sound River Club (DCI2021-E003) (District 2) 4561 Pelican Sound Boulevard, located west of US 41 and north of Williams Road. Applicant is seeking to amend the Pelican Sound Residential Planned Development Zoning Resoluti...","Zoning Amendment - Pelican Sound River Club (DCI2021-E003) (District 2) 4561 Pelican Sound Boulevard, located west of US 41 and north of Williams Road. Applicant is seeking to amend the Pelican Sound Residential Planned Development Zoning Resolution and M. Action: Motion withdrew",Motion withdrew,Motion withdrew,Motion withdrew,,,Detected,,DCI2021-E003,2,"4561 Pelican Sound Boulevard, Estero, FL","4561 Pelican Sound Boulevard, Estero, FL",26.430564674749,-81.823385349393,1.0,,20220913 PZDB Minutes.pdf,https://raw.githubusercontent.com/EagleGIS-FGCU/EagleGIS/main/data/raw/pzdb/2022/20220913%20PZDB%20Minutes.pdf,AgendaItemLocation
Septic to Sewer,Village Council,Regular Meeting,Village Council,2022-09-08,2022-09-08,2022,Accepted,879,7,Contract Approval,infrastructure,"RFB 2022-03 Gravity Sewer Testing for Estero Bay Village, Sunny Grove, and Cypress Bend","RFB 2022-03 Gravity Sewer Testing for Estero Bay Village, Sunny Grove, and Cypress Bend. Action: Approve award of Request for Bids No. RFB 2022-03, Gravity Sewer Smoke testing, Cleaning, and CCTV Testing for Estero Bay Village, Sunny Grove, and Cypress Bend to National Water Main Cleaning Company to provide the sewer testing and cleaning services as provided in the contract, at a grand total cost of $85,885, approve a contingency fund amount of $8,500 (an amount equal to 10% of the total proj...","Approve award of Request for Bids No. RFB 2022-03, Gravity Sewer Smoke testing, Cleaning, and CCTV Testing for Estero Bay Village, Sunny Grove, and Cypress Bend to National Water Main Cleaning Company to provide the sewer testing and cleaning services as provided in the contract, at a grand total cost of $85,885, approve a contingency fund amount of $8,500 (an amount equal to 10% of the total project cos","Approve award of Request for Bids No. RFB 2022-03, Gravity Sewer Smoke testing, Cleaning, and CCTV Testing for Estero Bay Village, Sunny Grove, and Cypress Bend to National Water Main Cleaning Company to provide the sewer testing and cleaning services as provided in the contract, at a grand total cost of $85,885, approve a contingency fund amount of $8,500 (an amount equal to 10% of the total project cos",,,,,,RFB 2022-03,,Cypress Bend Septic Area,"Cypress Bend, Estero, FL",26.4469,-81.8116,0.9,TD/CS,09082022 minutes.pdf,https://estero-fl.gov/wp-content/uploads/library-ada/minutes/2022%20MINUTES/COUNCIL/09082022%20minutes.pdf,AgendaItemLocation
Rezoning - Milan Villas (DCI2021-E005) (District 5) 21750 Three Oaks Parkway - 10 acres located at the northwest corner of Williams Road and Three Oaks Parkway. Applicant seeks rezoning of the property from Commercial Planned Development to Reside...,Planning Zoning & Design Board,Regular Meeting,Planning Zoning & Design Board,2022-08-09,2022-08-09,2022,Accepted,17,3,Unknown,commercial,Rezoning - Milan Villas (DCI2021-E005) (District 5) 21750 Three Oaks Parkway - 10 acres located at the northwest corner of Williams Road and Three Oaks Parkway. Applicant seeks rezoning of the property from Commercial Planned Development to Reside...,"Rezoning - Milan Villas (DCI2021-E005) (District 5) 21750 Three Oaks Parkway - 10 acres located at the northwest corner of Williams Road and Three Oaks Parkway. Applicant seeks rezoning of the property from Commercial Planned Development to Residential Pl. Action: Recommended to the Council to approve of the rezoning subject to revised conditions 6,7, and","Recommended to the Council to approve of the rezoning subject to revised conditions 6,7, and","Recommended to the Council to approve of the rezoning subject to revised conditions 6,7, and",,,,,,DCI2021-E005,5,"21750 Three Oaks Parkway, Estero, FL","21750 Three Oaks Parkway, Estero, FL",26.422671017434,-81.789027006267,1.0,,20220809 PZDB Minutes.pdf,https://raw.githubusercontent.com/EagleGIS-FGCU/EagleGIS/main/data/raw/pzdb/2022/20220809%20PZDB%20Minutes.pdf,AgendaItemLocation
"Development Order - Arcos Executive Office (District 4) (DOS2017-E006) 10170 and 10150 Arcos Avenue, Plaza Del Sol Commercial Planned Development, Parcels B and C, located at the northeast corner of Corkscrew Road and Three Oaks Parkway. Developme...",Planning Zoning & Design Board,Regular Meeting,Planning Zoning & Design Board,2022-08-09,2022-08-09,2022,Accepted,16,2,Vote,commercial,"Development Order - Arcos Executive Office (District 4) (DOS2017-E006) 10170 and 10150 Arcos Avenue, Plaza Del Sol Commercial Planned Development, Parcels B and C, located at the northeast corner of Corkscrew Road and Three Oaks Parkway. Developme...","Development Order - Arcos Executive Office (District 4) (DOS2017-E006) 10170 and 10150 Arcos Avenue, Plaza Del Sol Commercial Planned Development, Parcels B and C, located at the northeast corner of Corkscrew Road and Three Oaks Parkway. Development Order. Action: Approved the Development Order with the exception of the monument sign",Approved the Development Order with the exception of the monument sign,Approved the Development Order with the exception of the monument sign,Approved the Development Order with the exception of the monument sign,,,See minutes,,DOS2017-E006,4,"10170 and 10150 Arcos Avenue, Estero, FL","10170 and 10150 Arcos Avenue, Estero, FL",26.431996010445,-81.787748011662,1.0,,20220809 PZDB Minutes.pdf,https://raw.githubusercontent.com/EagleGIS-FGCU/EagleGIS/main/data/raw/pzdb/2022/20220809%20PZDB%20Minutes.pdf,AgendaItemLocation
Special Exception Riverwoods Plantation Pickleball (SEZ2022-E001) (District 1 20481 Plantation Boulevard located approximately 1 mile west of US 41 and north of Broadway West. Final Action Agenda/Minutes are supplemented by audio and video recordi...,Planning Zoning & Design Board,Regular Meeting,Planning Zoning & Design Board,2022-08-09,2022-08-09,2022,Accepted,15,1,Resolution,other,Special Exception Riverwoods Plantation Pickleball (SEZ2022-E001) (District 1 20481 Plantation Boulevard located approximately 1 mile west of US 41 and north of Broadway West. Final Action Agenda/Minutes are supplemented by audio and video recordi...,Special Exception Riverwoods Plantation Pickleball (SEZ2022-E001) (District 1 20481 Plantation Boulevard located approximately 1 mile west of US 41 and north of Broadway West. Final Action Agenda/Minutes are supplemented by audio and video recordings of t. Action: Approved the Resolution Motion with the condition the applicant must provide either a noise abatement plan or a noise study within 30 days of staff request,Approved the Resolution Motion with the condition the applicant must provide either a noise abatement plan or a noise study within 30 days of staff request,Approved the Resolution Motion with the condition the applicant must provide either a noise abatement plan or a noise study within 30 days of staff request,Approved the Resolution Motion with the condition the applicant must provide either a noise abatement plan or a noise study within 30 days of staff request,,,See minutes,,,1,"20481 Plantation Boulevard, Estero, FL","20481 Plantation Boulevard, Estero, FL",26.443526156453,-81.830131356525,1.0,,20220809 PZDB Minutes.pdf,https://raw.githubusercontent.com/EagleGIS-FGCU/EagleGIS/main/data/raw/pzdb/2022/20220809%20PZDB%20Minutes.pdf,AgendaItemLocation
"Zoning Amendment and Deviations - Estero Town Center - Wawa (DCI2021-E004) (District 5) 10081 Estero Town Commons, located on the south side of Corkscrew Road on the parcel previously occupied by Ruby Tuesday in Lowe's Plaza. Applicant seeks to am...",Planning Zoning & Design Board,Regular Meeting,Planning Zoning & Design Board,2022-07-12,2022-07-12,2022,Accepted,13,2,Unknown,commercial,"Zoning Amendment and Deviations - Estero Town Center - Wawa (DCI2021-E004) (District 5) 10081 Estero Town Commons, located on the south side of Corkscrew Road on the parcel previously occupied by Ruby Tuesday in Lowe's Plaza. Applicant seeks to am...","Zoning Amendment and Deviations - Estero Town Center - Wawa (DCI2021-E004) (District 5) 10081 Estero Town Commons, located on the south side of Corkscrew Road on the parcel previously occupied by Ruby Tuesday in Lowe's Plaza. Applicant seeks to amend the . Action: Recommended to the Council to amend the Commercial Planned Development to allow a convenience store with gas pumps, and the addition of only one fast food restaurant and deny deviation 7 for the canopy. Additionally modify condition...","Recommended to the Council to amend the Commercial Planned Development to allow a convenience store with gas pumps, and the addition of only one fast food restaurant and deny deviation 7 for the canopy. Additionally modify conditions 3 and 9 and delete conditions 7 and","Recommended to the Council to amend the Commercial Planned Development to allow a convenience store with gas pumps, and the addition of only one fast food restaurant and deny deviation 7 for the canopy. Additionally modify conditions 3 and 9 and delete conditions 7 and",,,,,,DCI2021-E004,5,"10081 Estero Town Commons Place, Estero, FL","10081 Estero Town Commons Place, Estero, FL",26.430921743825,-81.785430080157,1.0,,20220712 PZDB Minutes.pdf,https://raw.githubusercontent.com/EagleGIS-FGCU/EagleGIS/main/data/raw/pzdb/2022/20220712%20PZDB%20Minutes.pdf,AgendaItemLocation
"COP Extension of Outdoor Area - South Fork Grille/El Nido Modern Mexican Restaurant (ADD2022-E005) (District 6) 23161 Village Shops Way, Unit 113 Coconut Point Mall, located in the southern portion of Coconut Point Mall, south of Divieto Ristorant...",Planning Zoning & Design Board,Regular Meeting,Planning Zoning & Design Board,2022-07-12,2022-07-12,2022,Accepted,12,1,Resolution,commercial,"COP Extension of Outdoor Area - South Fork Grille/El Nido Modern Mexican Restaurant (ADD2022-E005) (District 6) 23161 Village Shops Way, Unit 113 Coconut Point Mall, located in the southern portion of Coconut Point Mall, south of Divieto Ristorant...","COP Extension of Outdoor Area - South Fork Grille/El Nido Modern Mexican Restaurant (ADD2022-E005) (District 6) 23161 Village Shops Way, Unit 113 Coconut Point Mall, located in the southern portion of Coconut Point Mall, south of Divieto Ristorante. Appli. Action: Approved the Resolution expanding the COP premises as described with the five conditions in the staff recommendation with the addition of the sixth condition of a minimum of 60- inches clear space be cleared for a walking area betwe...",Approved the Resolution expanding the COP premises as described with the five conditions in the staff recommendation with the addition of the sixth condition of a minimum of 60- inches clear space be cleared for a walking area between the curb and the barrier of the outdoor seating,Approved the Resolution expanding the COP premises as described with the five conditions in the staff recommendation with the addition of the sixth condition of a minimum of 60- inches clear space be cleared for a walking area between the curb and the barrier of the outdoor seating,Approved the Resolution expanding the COP premises as described with the five conditions in the staff recommendation with the addition of the sixth condition of a minimum of 60- inches clear space be cleared for a walking area between the curb and the barrier of the outdoor seating,,,See minutes,,ADD2022-E005,6,"23161 Village Shops Way, Estero, FL","23161 Village Shops Way, Estero, FL",26.401827780717,-81.807656037532,1.0,,20220712 PZDB Minutes.pdf,https://raw.githubusercontent.com/EagleGIS-FGCU/EagleGIS/main/data/raw/pzdb/2022/20220712%20PZDB%20Minutes.pdf,AgendaItemLocation
Corkscrew Road,Village Council,Regular Meeting,Village Council,2022-07-06,2022-07-06,2022,Accepted,865,9,Ordinance,mixed_use,"Ordinance No. 2022-08 Rezoning 31.5 acres of Village-owned property at the northeast corner of Corkscrew Road and US 41. An Ordinance of the Village Council of the Village of Estero, Florida, Considering a Rezoning from Mixed-Use Planned Developme...","Ordinance No. 2022-08 Rezoning 31.5 acres of Village-owned property at the northeast corner of Corkscrew Road and US 41. An Ordinance of the Village Council of the Village of Estero, Florida, Considering a Rezoning from Mixed-Use Planned Development (MPD). Action: Passed first reading of Ordinance No. 2022",Passed first reading of Ordinance No. 2022,Passed first reading of Ordinance No. 2022,Passed first reading of Ordinance No. 2022,,,Detected,,Ordinance No. 2022-08,,Corkscrew Road Widening Corridor,"Corkscrew Road from Ben Hill Griffin Parkway to east of Bella Terra Boulevard, Estero, FL",26.443916962688,-81.750022322755,0.9,TD/CS,07062022 minutes.pdf,https://estero-fl.gov/wp-content/uploads/library-ada/minutes/2022%20MINUTES/COUNCIL/07062022%20minutes.pdf,AgendaItemLocation
Corkscrew Road,Village Council,Regular Meeting,Village Council,2022-07-06,2022-07-06,2022,Accepted,864,8,Ordinance,infrastructure,"Ordinance No. 2022-07 Comprehensive Plan Amendment - Village Owned Property at Northeast Corner of US 41 and Corkscrew Road An Ordinance of the Village Council of the Village of Estero, Florida, Adopting an Amendment to the Village of Estero Compr...","Ordinance No. 2022-07 Comprehensive Plan Amendment - Village Owned Property at Northeast Corner of US 41 and Corkscrew Road An Ordinance of the Village Council of the Village of Estero, Florida, Adopting an Amendment to the Village of Estero Comprehensive. Action: Passed Ordinance No. 2022-07 on the first reading",Passed Ordinance No. 2022-07 on the first reading,Passed Ordinance No. 2022-07 on the first reading,Passed Ordinance No. 2022-07 on the first reading,,,Detected,,Ordinance No. 2022-07,,Corkscrew Road Widening Corridor,"Corkscrew Road from Ben Hill Griffin Parkway to east of Bella Terra Boulevard, Estero, FL",26.443916962688,-81.750022322755,0.9,TD/CS,07062022 minutes.pdf,https://estero-fl.gov/wp-content/uploads/library-ada/minutes/2022%20MINUTES/COUNCIL/07062022%20minutes.pdf,AgendaItemLocation
"Ordinance No. 2022-02 Second Reading and Public Hearing of Ordinance 2022-02 for Miromar Outlets Signage Ordinance 2022-02 of the Village Council of the Village of Estero, Florida, Considering an Amendment to the Commercial Planned Development, Sp...",Village Council,Regular Meeting,Village Council,2022-06-15,2022-06-15,2022,Accepted,856,7,Ordinance,commercial,"Ordinance No. 2022-02 Second Reading and Public Hearing of Ordinance 2022-02 for Miromar Outlets Signage Ordinance 2022-02 of the Village Council of the Village of Estero, Florida, Considering an Amendment to the Commercial Planned Development, Sp...","Ordinance No. 2022-02 Second Reading and Public Hearing of Ordinance 2022-02 for Miromar Outlets Signage Ordinance 2022-02 of the Village Council of the Village of Estero, Florida, Considering an Amendment to the Commercial Planned Development, Specifical. Action: Passed Ordinance No. 2022",Passed Ordinance No. 2022,Passed Ordinance No. 2022,Passed Ordinance No. 2022,,,Detected,,Ordinance No. 2022-02,,Miromar Outlets,"Miromar Outlets, Estero, FL",26.438084,-81.772808,1.0,TD/CS,06152022 minutes.pdf,https://estero-fl.gov/wp-content/uploads/library-ada/minutes/2022%20MINUTES/COUNCIL/06152022%20minutes.pdf,AgendaItemLocation
"Development Order - Estero Crossing Residential - Corsa (DOS2021-E007) (District 5) 43-acre site is located west of I-75, south of Corkscrew Road and east of the Lowe's Plaza. The residential units are south of the proposed commercial tract",Planning Zoning & Design Board,Regular Meeting,Planning Zoning & Design Board,2022-06-14,2022-06-14,2022,Accepted,9,2,Vote,commercial,"Development Order - Estero Crossing Residential - Corsa (DOS2021-E007) (District 5) 43-acre site is located west of I-75, south of Corkscrew Road and east of the Lowe's Plaza. The residential units are south of the proposed commercial tract","Development Order - Estero Crossing Residential - Corsa (DOS2021-E007) (District 5) 43-acre site is located west of I-75, south of Corkscrew Road and east of the Lowe's Plaza. The residential units are south of the proposed commercial tract. Action: Approved the Development Order for Estero Crossing Residential as described in the staff report and approved the Monument Sign",Approved the Development Order for Estero Crossing Residential as described in the staff report and approved the Monument Sign,Approved the Development Order for Estero Crossing Residential as described in the staff report and approved the Monument Sign,Approved the Development Order for Estero Crossing Residential as described in the staff report and approved the Monument Sign,,,See minutes,,DOS2021-E007,5,"10500 Corkscrew Road, Estero, FL","10500 Corkscrew Road, Estero, FL",26.430907704137,-81.783054229702,1.0,,20220614 PZDB Minutes.pdf,https://raw.githubusercontent.com/EagleGIS-FGCU/EagleGIS/main/data/raw/pzdb/2022/20220614%20PZDB%20Minutes.pdf,AgendaItemLocation
"Monument Sign - River of Life Assembly of God (Permit Pending) (District 5) Located at 21580 River Ranch Road, north of Block Lane and on the west side of River Ranch No ex parte communication or conflicts of interest were noted",Planning Zoning & Design Board,Regular Meeting,Planning Zoning & Design Board,2022-06-14,2022-06-14,2022,Accepted,8,1,Vote,infrastructure,"Monument Sign - River of Life Assembly of God (Permit Pending) (District 5) Located at 21580 River Ranch Road, north of Block Lane and on the west side of River Ranch No ex parte communication or conflicts of interest were noted","Monument Sign - River of Life Assembly of God (Permit Pending) (District 5) Located at 21580 River Ranch Road, north of Block Lane and on the west side of River Ranch No ex parte communication or conflicts of interest were noted. Action: Approved the Monument Sign - River of Life Assembly of God",Approved the Monument Sign - River of Life Assembly of God,Approved the Monument Sign - River of Life Assembly of God,Approved the Monument Sign - River of Life Assembly of God,,,See minutes,,,5,"21580 River Ranch Road, Estero, FL","21580 River Ranch Road, Estero, FL",26.426601417561,-81.795157362612,1.0,,20220614 PZDB Minutes.pdf,https://raw.githubusercontent.com/EagleGIS-FGCU/EagleGIS/main/data/raw/pzdb/2022/20220614%20PZDB%20Minutes.pdf,AgendaItemLocation
"Comprehensive Plan Amendment and Rezoning - Estero on the River and Happehatchee Properties (CPA2022-E002) (REZ2022-E001) (District 4) 32 acres, located at the northeast intersection of US 41 and Corkscrew Road, and bordered on the north by the Es...",Planning Zoning & Design Board,Regular Meeting,Planning Zoning & Design Board,2022-06-14,2022-06-14,2022,Accepted,10,3,Unknown,infrastructure,"Comprehensive Plan Amendment and Rezoning - Estero on the River and Happehatchee Properties (CPA2022-E002) (REZ2022-E001) (District 4) 32 acres, located at the northeast intersection of US 41 and Corkscrew Road, and bordered on the north by the Es...","Comprehensive Plan Amendment and Rezoning - Estero on the River and Happehatchee Properties (CPA2022-E002) (REZ2022-E001) (District 4) 32 acres, located at the northeast intersection of US 41 and Corkscrew Road, and bordered on the north by the Estero Riv. Action: Recommended to the Council for the rezoning and the comprehensive plan amendment with the recommendation Council looks at long-term development",Recommended to the Council for the rezoning and the comprehensive plan amendment with the recommendation Council looks at long-term development,Recommended to the Council for the rezoning and the comprehensive plan amendment with the recommendation Council looks at long-term development,,,,See minutes,,CPA2022-E002,4,"8801 Corkscrew Road, Estero, FL","8801 Corkscrew Road, Estero, FL",26.434598214195,-81.807374237947,1.0,,20220614 PZDB Minutes.pdf,https://raw.githubusercontent.com/EagleGIS-FGCU/EagleGIS/main/data/raw/pzdb/2022/20220614%20PZDB%20Minutes.pdf,AgendaItemLocation
"Second Reading and Public Hearing of Ordinance No. 2022-02 for Miromar Outlets Signage Ordinance 2022-02 of the Village Council of the Village of Estero, Florida, Considering an Amendment to the Commercial Planned Development, Specifically Deviati...",Village Council,Regular Meeting,Village Council,2022-05-18,2022-05-18,2022,Cancelled,842,12,Vote,commercial,"Second Reading and Public Hearing of Ordinance No. 2022-02 for Miromar Outlets Signage Ordinance 2022-02 of the Village Council of the Village of Estero, Florida, Considering an Amendment to the Commercial Planned Development, Specifically Deviati...","Second Reading and Public Hearing of Ordinance No. 2022-02 for Miromar Outlets Signage Ordinance 2022-02 of the Village Council of the Village of Estero, Florida, Considering an Amendment to the Commercial Planned Development, Specifically Deviation 3, fo. Action: Approved the applicant requested - continuance until the June 15, 2022, Council meeting","Approved the applicant requested - continuance until the June 15, 2022, Council meeting","Approved the applicant requested - continuance until the June 15, 2022, Council meeting","Approved the applicant requested - continuance until the June 15, 2022, Council meeting",,,Detected,,Ordinance No. 2022-02,,Miromar Outlets,"Miromar Outlets, Estero, FL",26.438084,-81.772808,1.0,TD/CS,05182022 minutes.pdf,https://estero-fl.gov/wp-content/uploads/library-ada/minutes/2022%20MINUTES/COUNCIL/05182022%20minutes.pdf,AgendaItemLocation
Septic to Sewer,Village Council,Regular Meeting,Village Council,2022-05-18,2022-05-18,2022,Cancelled,838,8,Contract Approval,infrastructure,"Broadway Ave. West Utility Extension Project Design and Permitting Contract - Johnson Engineering, Inc","Broadway Ave. West Utility Extension Project Design and Permitting Contract - Johnson Engineering, Inc. Action: Approved the contract with Johnson Engineering, Inc. to provide design and permitting services Broadway Ave. West UEP in the amount of $1,060,763, approve a contingency fund amount of $106,000 (an amount equal to 10% of the total project cos","Approved the contract with Johnson Engineering, Inc. to provide design and permitting services Broadway Ave. West UEP in the amount of $1,060,763, approve a contingency fund amount of $106,000 (an amount equal to 10% of the total project cos","Approved the contract with Johnson Engineering, Inc. to provide design and permitting services Broadway Ave. West UEP in the amount of $1,060,763, approve a contingency fund amount of $106,000 (an amount equal to 10% of the total project cos","Approved the contract with Johnson Engineering, Inc. to provide design and permitting services Broadway Ave. West UEP in the amount of $1,060,763, approve a contingency fund amount of $106,000 (an amount equal to 10% of the total project cos",,,Detected,Johnson Engineering,,,"Broadway Avenue West from US 41 to Pine Tree Lane, Estero, FL","Broadway Avenue West from US 41 to Pine Tree Lane, Estero, FL",26.441876807456,-81.822814751334,0.95,TD/CS,05182022 minutes.pdf,https://estero-fl.gov/wp-content/uploads/library-ada/minutes/2022%20MINUTES/COUNCIL/05182022%20minutes.pdf,AgendaItemLocation
Corkscrew Road,Village Council,Regular Meeting,Village Council,2022-05-18,2022-05-18,2022,Cancelled,837,7,Contract Approval,infrastructure,Corkscrew Road Stoneybrook Path Construction Engineering and Inspection (CEI) Contract - AIM Engineering & Surveying,"Corkscrew Road Stoneybrook Path Construction Engineering and Inspection (CEI) Contract - AIM Engineering & Surveying. Action: Approved Misc. Professional Services contract EC 2020-07 STA 02 with AIM Engineering and Surveying for $42,211.13 for CEI service on the Corkscrew Road Stoneybrook path construction, approve a contingency fund amount of $4,200 (an amount equal to 10% of the total project cos","Approved Misc. Professional Services contract EC 2020-07 STA 02 with AIM Engineering and Surveying for $42,211.13 for CEI service on the Corkscrew Road Stoneybrook path construction, approve a contingency fund amount of $4,200 (an amount equal to 10% of the total project cos","Approved Misc. Professional Services contract EC 2020-07 STA 02 with AIM Engineering and Surveying for $42,211.13 for CEI service on the Corkscrew Road Stoneybrook path construction, approve a contingency fund amount of $4,200 (an amount equal to 10% of the total project cos","Approved Misc. Professional Services contract EC 2020-07 STA 02 with AIM Engineering and Surveying for $42,211.13 for CEI service on the Corkscrew Road Stoneybrook path construction, approve a contingency fund amount of $4,200 (an amount equal to 10% of the total project cos",,,Detected,AIM Engineering and Surveying,EC 2020-07,,"Corkscrew Road at Stoneybrook Golf Drive, Estero, FL","Corkscrew Road at Stoneybrook Golf Drive, Estero, FL",26.439657614771,-81.762920730637,1.0,TD/CS,05182022 minutes.pdf,https://estero-fl.gov/wp-content/uploads/library-ada/minutes/2022%20MINUTES/COUNCIL/05182022%20minutes.pdf,AgendaItemLocation
Corkscrew Road,Village Council,Regular Meeting,Village Council,2022-05-18,2022-05-18,2022,Cancelled,836,6,Contract Approval,infrastructure,Corkscrew Road Pathway Construction Contract - Cougar Contracting,"Corkscrew Road Pathway Construction Contract - Cougar Contracting. Action: Approved Misc. Contractor Services contract EC 2019-06 STA 07 with Cougar Contractor Services for $313,468 for the construction of a pathway on the south side of Corkscrew Road from Stoneybrook Golf Blvd. to the Stoneybrook Golf Drive right turn lane, approve a contingency fund amount of $31,300 (an amount equal to 10% of the total project cos","Approved Misc. Contractor Services contract EC 2019-06 STA 07 with Cougar Contractor Services for $313,468 for the construction of a pathway on the south side of Corkscrew Road from Stoneybrook Golf Blvd. to the Stoneybrook Golf Drive right turn lane, approve a contingency fund amount of $31,300 (an amount equal to 10% of the total project cos","Approved Misc. Contractor Services contract EC 2019-06 STA 07 with Cougar Contractor Services for $313,468 for the construction of a pathway on the south side of Corkscrew Road from Stoneybrook Golf Blvd. to the Stoneybrook Golf Drive right turn lane, approve a contingency fund amount of $31,300 (an amount equal to 10% of the total project cos","Approved Misc. Contractor Services contract EC 2019-06 STA 07 with Cougar Contractor Services for $313,468 for the construction of a pathway on the south side of Corkscrew Road from Stoneybrook Golf Blvd. to the Stoneybrook Golf Drive right turn lane, approve a contingency fund amount of $31,300 (an amount equal to 10% of the total project cos",,,Detected,Cougar Contractor Services,EC 2019-06,,Corkscrew Road Widening Corridor,"Corkscrew Road from Ben Hill Griffin Parkway to east of Bella Terra Boulevard, Estero, FL",26.443916962688,-81.750022322755,0.9,TD/CS,05182022 minutes.pdf,https://estero-fl.gov/wp-content/uploads/library-ada/minutes/2022%20MINUTES/COUNCIL/05182022%20minutes.pdf,AgendaItemLocation
Resolution No. 2022-13 - Stoneybrook Sidewalk Easement A Resolution Approving and Accepting a Sidewalk Easement from Stoneybrook Community Development District; Authorizing the,Village Council,Regular Meeting,Village Council,2022-05-18,2022-05-18,2022,Cancelled,835,5,Resolution,infrastructure,Resolution No. 2022-13 - Stoneybrook Sidewalk Easement A Resolution Approving and Accepting a Sidewalk Easement from Stoneybrook Community Development District; Authorizing the,Resolution No. 2022-13 - Stoneybrook Sidewalk Easement A Resolution Approving and Accepting a Sidewalk Easement from Stoneybrook Community Development District; Authorizing the. Action: Approved Resolution No. 2022,Approved Resolution No. 2022,Approved Resolution No. 2022,Approved Resolution No. 2022,,,Detected,,Resolution No. 2022-13,,"Corkscrew Road at Stoneybrook Golf Drive, Estero, FL","Corkscrew Road at Stoneybrook Golf Drive, Estero, FL",26.439657614771,-81.762920730637,1.0,TD/CS,05182022 minutes.pdf,https://estero-fl.gov/wp-content/uploads/library-ada/minutes/2022%20MINUTES/COUNCIL/05182022%20minutes.pdf,AgendaItemLocation
"Monument Sign - Coconut Office Center (Building Permit to be filed) (District 1) 23421 Walden Center Drive, Located on west side of US 41, just south of Coconut Road and US 41 intersection. Chairman Wood provided information regarding Board busine...",Planning Zoning & Design Board,Regular Meeting,Planning Zoning & Design Board,2022-05-10,2022-05-10,2022,Accepted,5,1,Vote,infrastructure,"Monument Sign - Coconut Office Center (Building Permit to be filed) (District 1) 23421 Walden Center Drive, Located on west side of US 41, just south of Coconut Road and US 41 intersection. Chairman Wood provided information regarding Board busine...","Monument Sign - Coconut Office Center (Building Permit to be filed) (District 1) 23421 Walden Center Drive, Located on west side of US 41, just south of Coconut Road and US 41 intersection. Chairman Wood provided information regarding Board business and q. Action: Approved the Monument Sign - Coconut Office Center",Approved the Monument Sign - Coconut Office Center,Approved the Monument Sign - Coconut Office Center,Approved the Monument Sign - Coconut Office Center,,,See minutes,,,1,"23421 Walden Center Drive, Estero, FL","23421 Walden Center Drive, Estero, FL",26.396739714032,-81.811303590336,1.0,,20220510 PZDB Minutes.pdf,https://raw.githubusercontent.com/EagleGIS-FGCU/EagleGIS/main/data/raw/pzdb/2022/20220510%20PZDB%20Minutes.pdf,AgendaItemLocation
"First Reading of Ordinance 2022-02 for Miromar Outlets Signage Ordinance 2022-02 of the Village Council of the Village of Estero, Florida, Considering an Amendment to the Commercial Planned Development, Specifically Deviation 3, for Replacement Si...",Village Council,Regular Meeting,Village Council,2022-05-04,2022-05-04,2022,Accepted,830,6,Ordinance,commercial,"First Reading of Ordinance 2022-02 for Miromar Outlets Signage Ordinance 2022-02 of the Village Council of the Village of Estero, Florida, Considering an Amendment to the Commercial Planned Development, Specifically Deviation 3, for Replacement Si...","First Reading of Ordinance 2022-02 for Miromar Outlets Signage Ordinance 2022-02 of the Village Council of the Village of Estero, Florida, Considering an Amendment to the Commercial Planned Development, Specifically Deviation 3, for Replacement Signage fo. Action: Passed first reading of Ordinance 2022-02 and set second reading for May 18, 20","Passed first reading of Ordinance 2022-02 and set second reading for May 18, 20","Passed first reading of Ordinance 2022-02 and set second reading for May 18, 20","Passed first reading of Ordinance 2022-02 and set second reading for May 18, 20",,,Detected,,Ordinance 2022-02,,Miromar Outlets,"Miromar Outlets, Estero, FL",26.438084,-81.772808,1.0,TD/CS,05042022 minutes.pdf,https://estero-fl.gov/wp-content/uploads/library-ada/minutes/2022%20MINUTES/COUNCIL/05042022%20minutes.pdf,AgendaItemLocation
Williams Road Improvements,Village Council,Regular Meeting,Village Council,2022-05-04,2022-05-04,2022,Accepted,828,4,Contract Approval,infrastructure,Via Coconut Point and Williams Road Sidewalks,"Via Coconut Point and Williams Road Sidewalks. Action: Approved Misc. Contractor Services contract EC 2019-59 STA 08 with Cougar Contracting, LLC for $52,815 for the repair of sidewalks along Via Coconut Point and Williams Road, approve a contingency fund amount of $5,300 (an amount equal to 10% of the total project cos","Approved Misc. Contractor Services contract EC 2019-59 STA 08 with Cougar Contracting, LLC for $52,815 for the repair of sidewalks along Via Coconut Point and Williams Road, approve a contingency fund amount of $5,300 (an amount equal to 10% of the total project cos","Approved Misc. Contractor Services contract EC 2019-59 STA 08 with Cougar Contracting, LLC for $52,815 for the repair of sidewalks along Via Coconut Point and Williams Road, approve a contingency fund amount of $5,300 (an amount equal to 10% of the total project cos","Approved Misc. Contractor Services contract EC 2019-59 STA 08 with Cougar Contracting, LLC for $52,815 for the repair of sidewalks along Via Coconut Point and Williams Road, approve a contingency fund amount of $5,300 (an amount equal to 10% of the total project cos",,,Detected,Cougar Contracting,EC 2019-59,,"Williams Road & Via Coconut Point, Estero, FL","Williams Road & Via Coconut Point, Estero, FL",26.42047948503,-81.806570497251,1.0,TD/CS,05042022 minutes.pdf,https://estero-fl.gov/wp-content/uploads/library-ada/minutes/2022%20MINUTES/COUNCIL/05042022%20minutes.pdf,AgendaItemLocation
Ben Hill Griffin Parkway Improvements,Village Council,Regular Meeting,Village Council,2022-04-20,2022-04-20,2022,Accepted,824,7,Contract Approval,open_space,Ben Hill Griffin Parkway Improvements Design and Permitting Contracts,Ben Hill Griffin Parkway Improvements Design and Permitting Contracts. Action: Approved Ben Hill Griffin Parkway Improvements contracts with Bruce Howard and Associates under EC2020-42 STA - 07 and CW3 Engineering under EC2020-48 STA - 09 to perform landscape architecture and engineering services for the proposed improvements along Ben Hill Griffin Parkway from Corkscrew Road to Estero Parkway,Approved Ben Hill Griffin Parkway Improvements contracts with Bruce Howard and Associates under EC2020-42 STA - 07 and CW3 Engineering under EC2020-48 STA - 09 to perform landscape architecture and engineering services for the proposed improvements along Ben Hill Griffin Parkway from Corkscrew Road to Estero Parkway,Approved Ben Hill Griffin Parkway Improvements contracts with Bruce Howard and Associates under EC2020-42 STA - 07 and CW3 Engineering under EC2020-48 STA - 09 to perform landscape architecture and engineering services for the proposed improvements along Ben Hill Griffin Parkway from Corkscrew Road to Estero Parkway,Approved Ben Hill Griffin Parkway Improvements contracts with Bruce Howard and Associates under EC2020-42 STA - 07 and CW3 Engineering under EC2020-48 STA - 09 to perform landscape architecture and engineering services for the proposed improvements along Ben Hill Griffin Parkway from Corkscrew Road to Estero Parkway,,,Detected,Bruce Howard and Associates under EC2020-42 STA - 07 and CW3 Engineering under EC2020-48 STA - 09,,,"Ben Hill Griffin Parkway from Corkscrew Road to Estero Parkway, Estero, FL","Ben Hill Griffin Parkway from Corkscrew Road to Estero Parkway, Estero, FL",26.442888042165,-81.772410260408,0.95,TD/CS,04202022 minutes.pdf,https://estero-fl.gov/wp-content/uploads/library-ada/minutes/2022%20MINUTES/COUNCIL/04202022%20minutes.pdf,AgendaItemLocation
Williams Road Improvements,Village Council,Regular Meeting,Village Council,2022-04-20,2022-04-20,2022,Accepted,823,6,Contract Approval,infrastructure,Williams Road Bicycle/Pedestrian Improvements Design and Permitting Contract,"Williams Road Bicycle/Pedestrian Improvements Design and Permitting Contract. Action: Approved the contract EC 2020-48 STA 10 with CW3 Engineering to provide design and permitting services for the Williams Road Bicycle/Pedestrian Improvements Project in the amount of $358,790, approve a contingency fund amount of $36,000 (an amount equal to 10% of the total project cos","Approved the contract EC 2020-48 STA 10 with CW3 Engineering to provide design and permitting services for the Williams Road Bicycle/Pedestrian Improvements Project in the amount of $358,790, approve a contingency fund amount of $36,000 (an amount equal to 10% of the total project cos","Approved the contract EC 2020-48 STA 10 with CW3 Engineering to provide design and permitting services for the Williams Road Bicycle/Pedestrian Improvements Project in the amount of $358,790, approve a contingency fund amount of $36,000 (an amount equal to 10% of the total project cos","Approved the contract EC 2020-48 STA 10 with CW3 Engineering to provide design and permitting services for the Williams Road Bicycle/Pedestrian Improvements Project in the amount of $358,790, approve a contingency fund amount of $36,000 (an amount equal to 10% of the total project cos",,,Detected,CW3 Engineering,EC 2020-48,,"Williams Road from Via Coconut Point to Three Oaks Parkway, Estero, FL","Williams Road from Via Coconut Point to Three Oaks Parkway, Estero, FL",26.420434746622,-81.797464230004,0.95,TD/CS,04202022 minutes.pdf,https://estero-fl.gov/wp-content/uploads/library-ada/minutes/2022%20MINUTES/COUNCIL/04202022%20minutes.pdf,AgendaItemLocation
Estero on the River,Village Council,Regular Meeting,Village Council,2022-04-20,2022-04-20,2022,Accepted,821,4,Resolution,open_space,"Resolution No. 2022-08 A Resolution for Approval of Purchase of a Vacant Land Contract for Purchase of Property Located at Broadway E., Estero (River Oaks) from Old Town Preservation & Management Inc.; and Providing an Effective Date","Resolution No. 2022-08 A Resolution for Approval of Purchase of a Vacant Land Contract for Purchase of Property Located at Broadway E., Estero (River Oaks) from Old Town Preservation & Management Inc.; and Providing an Effective Date. Action: Adopted Resolution No. 2022-08 to purchase the 10-acre vacant parcel, commonly known as ""River Oaks"" at the east end of Broadway Avenue","Adopted Resolution No. 2022-08 to purchase the 10-acre vacant parcel, commonly known as ""River Oaks"" at the east end of Broadway Avenue","Adopted Resolution No. 2022-08 to purchase the 10-acre vacant parcel, commonly known as ""River Oaks"" at the east end of Broadway Avenue","Adopted Resolution No. 2022-08 to purchase the 10-acre vacant parcel, commonly known as ""River Oaks"" at the east end of Broadway Avenue",,,Detected,,Resolution No. 2022-08,,River Oaks Preserve,"River Oaks Preserve, Estero, FL",26.4420079,-81.7993579,1.0,TD/CS,04202022 minutes.pdf,https://estero-fl.gov/wp-content/uploads/library-ada/minutes/2022%20MINUTES/COUNCIL/04202022%20minutes.pdf,AgendaItemLocation
Zoning Amendment - Miromar Outlets Signage (DCI2021-E002) (District 5) Miromar Outlets is located at the intersection of Corkscrew Road and Ben Hill Griffin Parkway. Applicant is proposing a Zoning Amendment to the Commercial Planned Development t...,Planning Zoning & Design Board,Regular Meeting,Planning Zoning & Design Board,2022-04-12,2022-04-12,2022,Accepted,4,2,Vote,commercial,Zoning Amendment - Miromar Outlets Signage (DCI2021-E002) (District 5) Miromar Outlets is located at the intersection of Corkscrew Road and Ben Hill Griffin Parkway. Applicant is proposing a Zoning Amendment to the Commercial Planned Development t...,Zoning Amendment - Miromar Outlets Signage (DCI2021-E002) (District 5) Miromar Outlets is located at the intersection of Corkscrew Road and Ben Hill Griffin Parkway. Applicant is proposing a Zoning Amendment to the Commercial Planned Development to adopt . Action: Motion fails with 4-4 tie vote,Motion fails with 4-4 tie vote,Motion fails with 4-4 tie vote,Motion fails with 4-4 tie vote,,,See minutes,,DCI2021-E002,5,"Miromar Outlets, Estero, FL","Miromar Outlets, Estero, FL",26.438084,-81.772808,1.0,,20220412 PZDB Minutes.pdf,https://raw.githubusercontent.com/EagleGIS-FGCU/EagleGIS/main/data/raw/pzdb/2022/20220412%20PZDB%20Minutes.pdf,AgendaItemLocation
"Development Order - Spring Run Clubhouse Expansion (DOS2021-E009) (District 6) Located in The Brooks, the Spring Run Clubhouse site is 1 mile east of Coconut Road and US 41. Applicant requests, expansion of the existing clubhouse, outdoor bar/dini...",Planning Zoning & Design Board,Regular Meeting,Planning Zoning & Design Board,2022-04-12,2022-04-12,2022,Accepted,3,1,Vote,infrastructure,"Development Order - Spring Run Clubhouse Expansion (DOS2021-E009) (District 6) Located in The Brooks, the Spring Run Clubhouse site is 1 mile east of Coconut Road and US 41. Applicant requests, expansion of the existing clubhouse, outdoor bar/dini...","Development Order - Spring Run Clubhouse Expansion (DOS2021-E009) (District 6) Located in The Brooks, the Spring Run Clubhouse site is 1 mile east of Coconut Road and US 41. Applicant requests, expansion of the existing clubhouse, outdoor bar/dining area,. Action: Approved the Development Order (DOS2021-E009) with parking deviation",Approved the Development Order (DOS2021-E009) with parking deviation,Approved the Development Order (DOS2021-E009) with parking deviation,Approved the Development Order (DOS2021-E009) with parking deviation,,,See minutes,,DOS2021-E009,6,"9501 Spring Run Boulevard, Estero, FL","9501 Spring Run Boulevard, Estero, FL",26.395734095199,-81.797042452636,1.0,,20220412 PZDB Minutes.pdf,https://raw.githubusercontent.com/EagleGIS-FGCU/EagleGIS/main/data/raw/pzdb/2022/20220412%20PZDB%20Minutes.pdf,AgendaItemLocation
Williams Road Improvements,Village Council,Regular Meeting,Village Council,2022-04-06,2022-04-06,2022,Accepted,814,7,Resolution,commercial,"Resolution No. 2022-06 a Resolution Approving a Commercial Contract for the Purchase of Real Estate from GESS Family Partnership + Gulf Coast Driving Range LLC, located at 9000 Williams Road, Estero, Florida; Providing for Due Diligence; and Provi...","Resolution No. 2022-06 a Resolution Approving a Commercial Contract for the Purchase of Real Estate from GESS Family Partnership + Gulf Coast Driving Range LLC, located at 9000 Williams Road, Estero, Florida; Providing for Due Diligence; and Providing an . Action: Approved Resolution No. 2022-06 Commercial Contract for the Purchase of Real Estate from Gess Family Partnership + Gulf Coast Driving Range LLC, Located at 9000 Williams Road, Estero, Florida","Approved Resolution No. 2022-06 Commercial Contract for the Purchase of Real Estate from Gess Family Partnership + Gulf Coast Driving Range LLC, Located at 9000 Williams Road, Estero, Florida","Approved Resolution No. 2022-06 Commercial Contract for the Purchase of Real Estate from Gess Family Partnership + Gulf Coast Driving Range LLC, Located at 9000 Williams Road, Estero, Florida","Approved Resolution No. 2022-06 Commercial Contract for the Purchase of Real Estate from Gess Family Partnership + Gulf Coast Driving Range LLC, Located at 9000 Williams Road, Estero, Florida",,,Detected,,Resolution No. 2022-06,,"9000 Williams Road, Estero, FL","9000 Williams Road, Estero, FL",26.420956750596,-81.80311832661,1.0,TD/CS,04062022 minutes.pdf,https://estero-fl.gov/wp-content/uploads/library-ada/minutes/2022%20MINUTES/COUNCIL/04062022%20minutes.pdf,AgendaItemLocation
Estero on the River,Village Council,Regular Meeting,Village Council,2022-04-06,2022-04-06,2022,Accepted,813,6,Resolution,open_space,"Resolution No. 2022-05 a Resolution Confirming the Approval of Purchase of a Vacant Land Contract for Purchase of Property Located at Broadway E., Estero (River Oaks) from Old Town Preservation & Management Inc.; and Providing an Effective Date","Resolution No. 2022-05 a Resolution Confirming the Approval of Purchase of a Vacant Land Contract for Purchase of Property Located at Broadway E., Estero (River Oaks) from Old Town Preservation & Management Inc.; and Providing an Effective Date. Action: Approved Resolution No. 2022-05 to purchase the 10-acre vacant parcel, commonly known as ""River Oaks"" at the east end of Broadway Avenue","Approved Resolution No. 2022-05 to purchase the 10-acre vacant parcel, commonly known as ""River Oaks"" at the east end of Broadway Avenue","Approved Resolution No. 2022-05 to purchase the 10-acre vacant parcel, commonly known as ""River Oaks"" at the east end of Broadway Avenue","Approved Resolution No. 2022-05 to purchase the 10-acre vacant parcel, commonly known as ""River Oaks"" at the east end of Broadway Avenue",,,Detected,,Resolution No. 2022-05,,River Oaks Preserve,"River Oaks Preserve, Estero, FL",26.4420079,-81.7993579,1.0,TD/CS,04062022 minutes.pdf,https://estero-fl.gov/wp-content/uploads/library-ada/minutes/2022%20MINUTES/COUNCIL/04062022%20minutes.pdf,AgendaItemLocation
Sandy Lane Improvements,Village Council,Regular Meeting,Village Council,2022-03-16,2022-03-16,2022,Accepted,807,6,Contract Approval,infrastructure,Sandy Lane & Broadway East Bicycle/Pedestrian Improvements Design and Permitting Services (CN 2022-02) Contract,"Sandy Lane & Broadway East Bicycle/Pedestrian Improvements Design and Permitting Services (CN 2022-02) Contract. Action: Approved the contract with Atkins North America to provide design and permitting services for the Sandy Lane and Broadway East Bicycle/Pedestrian Improvements Project in the amount of $671,513.25, approve a contingency fund amount of $67,000 (an amount equal to 10% of the total project cos","Approved the contract with Atkins North America to provide design and permitting services for the Sandy Lane and Broadway East Bicycle/Pedestrian Improvements Project in the amount of $671,513.25, approve a contingency fund amount of $67,000 (an amount equal to 10% of the total project cos","Approved the contract with Atkins North America to provide design and permitting services for the Sandy Lane and Broadway East Bicycle/Pedestrian Improvements Project in the amount of $671,513.25, approve a contingency fund amount of $67,000 (an amount equal to 10% of the total project cos","Approved the contract with Atkins North America to provide design and permitting services for the Sandy Lane and Broadway East Bicycle/Pedestrian Improvements Project in the amount of $671,513.25, approve a contingency fund amount of $67,000 (an amount equal to 10% of the total project cos",,,Detected,Atkins North America,CN 2022-02,,"Sandy Lane and Broadway East bicycle/pedestrian improvements, Estero, FL","Sandy Lane and Broadway East bicycle/pedestrian improvements, Estero, FL",26.438402,-81.80693,0.95,TD/CS,03162022 minutes.pdf,https://estero-fl.gov/wp-content/uploads/library-ada/minutes/2022%20MINUTES/COUNCIL/03162022%20minutes.pdf,AgendaItemLocation
Estero on the River,Village Council,Regular Meeting,Village Council,2022-03-16,2022-03-16,2022,Accepted,805,4,Vote,other,"Purchase of the 10-acre vacant parcel, commonly known as ""River Oaks"" at the east end of Broadway Avenue","Purchase of the 10-acre vacant parcel, commonly known as ""River Oaks"" at the east end of Broadway Avenue. Action: Approved the purchase of the 10-acre vacant parcel, commonly known as ""River Oaks"" at the east end of Broadway Avenue","Approved the purchase of the 10-acre vacant parcel, commonly known as ""River Oaks"" at the east end of Broadway Avenue","Approved the purchase of the 10-acre vacant parcel, commonly known as ""River Oaks"" at the east end of Broadway Avenue","Approved the purchase of the 10-acre vacant parcel, commonly known as ""River Oaks"" at the east end of Broadway Avenue",,,Detected,,,,Broadway Avenue,"Broadway Avenue at US 41, Estero, FL",26.44194750881,-81.811011983925,0.9,TD/CS,03162022 minutes.pdf,https://estero-fl.gov/wp-content/uploads/library-ada/minutes/2022%20MINUTES/COUNCIL/03162022%20minutes.pdf,AgendaItemLocation
"The Colonnade, Continuing Care Retirement Community (CCRC) aka Volunteers of America Development Order (DOS2018-E005) (District 4) 21± acres located on the northeast corner of Corkscrew Road and Sandy Lane. Rezoning was approved on January 20, 201...",Planning Zoning & Design Board,Regular Meeting,Planning Zoning & Design Board,2022-03-08,2022-03-08,2022,Accepted,2,1,Vote,infrastructure,"The Colonnade, Continuing Care Retirement Community (CCRC) aka Volunteers of America Development Order (DOS2018-E005) (District 4) 21± acres located on the northeast corner of Corkscrew Road and Sandy Lane. Rezoning was approved on January 20, 201...","The Colonnade, Continuing Care Retirement Community (CCRC) aka Volunteers of America Development Order (DOS2018-E005) (District 4) 21± acres located on the northeast corner of Corkscrew Road and Sandy Lane. Rezoning was approved on January 20, 2016, throu. Action: Approved the Development Order (DOS2018-E005) with stipulation in the staff report and additional stipulation to change the vertical color pattern, a condition of no pickleball, and there would be no lighting at the bocce and tennis...","Approved the Development Order (DOS2018-E005) with stipulation in the staff report and additional stipulation to change the vertical color pattern, a condition of no pickleball, and there would be no lighting at the bocce and tennis courts. The monument signs are not approved at this time and will come back at a later date","Approved the Development Order (DOS2018-E005) with stipulation in the staff report and additional stipulation to change the vertical color pattern, a condition of no pickleball, and there would be no lighting at the bocce and tennis courts. The monument signs are not approved at this time and will come back at a later date","Approved the Development Order (DOS2018-E005) with stipulation in the staff report and additional stipulation to change the vertical color pattern, a condition of no pickleball, and there would be no lighting at the bocce and tennis courts. The monument signs are not approved at this time and will come back at a later date",,,See minutes,,DOS2018-E005,4,"The Colonnade / Estero Townhomes site, 9301 Corkscrew Road, Estero, FL","The Colonnade / Estero Townhomes site, 9301 Corkscrew Road, Estero, FL",26.432264859989,-81.801155452524,1.0,,20220308 PZDB Minutes.pdf,https://raw.githubusercontent.com/EagleGIS-FGCU/EagleGIS/main/data/raw/pzdb/2022/20220308%20PZDB%20Minutes.pdf,AgendaItemLocation
Septic to Sewer,Village Council,Regular Meeting,Village Council,2022-02-02,2022-02-02,2022,Accepted,794,7,Vote,infrastructure,CN 2022-04 Broadway Avenue East Utilities Extension Project (UEP) Design and Permitting Services,CN 2022-04 Broadway Avenue East Utilities Extension Project (UEP) Design and Permitting Services. Action: Approved the consultants ranking for Broadway Avenue East Utilities Extension Project (UE,Approved the consultants ranking for Broadway Avenue East Utilities Extension Project (UE,Approved the consultants ranking for Broadway Avenue East Utilities Extension Project (UE,Approved the consultants ranking for Broadway Avenue East Utilities Extension Project (UE,,,Detected,,CN 2022-04,,"Broadway Avenue East from US 41 to Sandy Lane, Estero, FL","Broadway Avenue East from US 41 to Sandy Lane, Estero, FL",26.441974498538,-81.807963485741,0.95,TD/CS,02022022 minutes.pdf,https://estero-fl.gov/wp-content/uploads/library-ada/minutes/2022%20MINUTES/COUNCIL/02022022%20minutes.pdf,AgendaItemLocation
Septic to Sewer,Village Council,Regular Meeting,Village Council,2022-02-02,2022-02-02,2022,Accepted,793,6,Vote,infrastructure,CN 2022-03 Broadway West UEP Design and Permitting Services,CN 2022-03 Broadway West UEP Design and Permitting Services. Action: Approved the consultants ranking for Broadway Avenue West Utilities Extension Project (UE,Approved the consultants ranking for Broadway Avenue West Utilities Extension Project (UE,Approved the consultants ranking for Broadway Avenue West Utilities Extension Project (UE,Approved the consultants ranking for Broadway Avenue West Utilities Extension Project (UE,,,Detected,,CN 2022-03,,"Broadway Avenue West from US 41 to Pine Tree Lane, Estero, FL","Broadway Avenue West from US 41 to Pine Tree Lane, Estero, FL",26.441876807456,-81.822814751334,0.95,TD/CS,02022022 minutes.pdf,https://estero-fl.gov/wp-content/uploads/library-ada/minutes/2022%20MINUTES/COUNCIL/02022022%20minutes.pdf,AgendaItemLocation
Sandy Lane Improvements,Village Council,Regular Meeting,Village Council,2022-02-02,2022-02-02,2022,Accepted,792,5,Contract Approval,infrastructure,CN 2022-02 Design and Permitting Services for Sandy Lane & Broadway East Bicycle / Pedestrian Improvements,"CN 2022-02 Design and Permitting Services for Sandy Lane & Broadway East Bicycle / Pedestrian Improvements. Action: Approved the consultants ranking for Sandy Lane and Broadway East Bicycle/Pedestrian Improvements Project as follows: Number 1 - Atkins North America, Inc.; Number 2 - CW3 Engineering, Inc.; Number 3 - Kimley-Horn and Associates, Inc.; Number 4 - Q. Grady Minor & Associates, P.A., and authorize staff to negotiate a contract with the Number 1 ranked firm, Atkins North America, In...","Approved the consultants ranking for Sandy Lane and Broadway East Bicycle/Pedestrian Improvements Project as follows: Number 1 - Atkins North America, Inc.; Number 2 - CW3 Engineering, Inc.; Number 3 - Kimley-Horn and Associates, Inc.; Number 4 - Q. Grady Minor & Associates, P.A., and authorize staff to negotiate a contract with the Number 1 ranked firm, Atkins North America, Inc. to provide professional consulting services for the Sandy Lane and Broadway East Bicycle/Pedestrian Improvements Project","Approved the consultants ranking for Sandy Lane and Broadway East Bicycle/Pedestrian Improvements Project as follows: Number 1 - Atkins North America, Inc.; Number 2 - CW3 Engineering, Inc.; Number 3 - Kimley-Horn and Associates, Inc.; Number 4 - Q. Grady Minor & Associates, P.A., and authorize staff to negotiate a contract with the Number 1 ranked firm, Atkins North America, Inc. to provide professional consulting services for the Sandy Lane and Broadway East Bicycle/Pedestrian Improvements Project","Approved the consultants ranking for Sandy Lane and Broadway East Bicycle/Pedestrian Improvements Project as follows: Number 1 - Atkins North America, Inc.; Number 2 - CW3 Engineering, Inc.; Number 3 - Kimley-Horn and Associates, Inc.; Number 4 - Q. Grady Minor & Associates, P.A., and authorize staff to negotiate a contract with the Number 1 ranked firm, Atkins North America, Inc. to provide professional consulting services for the Sandy Lane and Broadway East Bicycle/Pedestrian Improvements Project",,,Detected,,CN 2022-02,,"Sandy Lane and Broadway East bicycle/pedestrian improvements, Estero, FL","Sandy Lane and Broadway East bicycle/pedestrian improvements, Estero, FL",26.438402,-81.80693,0.95,TD/CS,02022022 minutes.pdf,https://estero-fl.gov/wp-content/uploads/library-ada/minutes/2022%20MINUTES/COUNCIL/02022022%20minutes.pdf,AgendaItemLocation
Sandy Lane Improvements,Village Council,Regular Meeting,Village Council,2022-01-19,2022-01-19,2022,Accepted,785,5,Vote,open_space,Sandy Lane and Via Coconut Point Bridge Rehabilitation - RFB 2021-04stero Parkway Landscape Maintenance Contract,"Sandy Lane and Via Coconut Point Bridge Rehabilitation - RFB 2021-04stero Parkway Landscape Maintenance Contract. Action: Approved award of Request for Bid No. RFB 2021-04, Sandy Lane and Via Coconut Point Bridge Rehabilitation to Thomas Marine Construction, Inc. to perform the rehabilitation work at a cost of $349,851, approve a contingency fund amount of $35,000 (an amount equal to 10% of the total project cos","Approved award of Request for Bid No. RFB 2021-04, Sandy Lane and Via Coconut Point Bridge Rehabilitation to Thomas Marine Construction, Inc. to perform the rehabilitation work at a cost of $349,851, approve a contingency fund amount of $35,000 (an amount equal to 10% of the total project cos","Approved award of Request for Bid No. RFB 2021-04, Sandy Lane and Via Coconut Point Bridge Rehabilitation to Thomas Marine Construction, Inc. to perform the rehabilitation work at a cost of $349,851, approve a contingency fund amount of $35,000 (an amount equal to 10% of the total project cos","Approved award of Request for Bid No. RFB 2021-04, Sandy Lane and Via Coconut Point Bridge Rehabilitation to Thomas Marine Construction, Inc. to perform the rehabilitation work at a cost of $349,851, approve a contingency fund amount of $35,000 (an amount equal to 10% of the total project cos",,,Detected,,RFB 2021-04stero,,"Sandy Lane & Via Coconut Point, Estero, FL","Sandy Lane & Via Coconut Point, Estero, FL",26.431370008006,-81.804867965078,1.0,TD/CS,01192022 minutes.pdf,https://estero-fl.gov/wp-content/uploads/library-ada/minutes/2022%20MINUTES/COUNCIL/01192022%20minutes.pdf,AgendaItemLocation
Lien Mitigation Request - 9170 Estero River Ct,Village Council,Regular Meeting,Village Council,2022-01-19,2022-01-19,2022,Accepted,784,4,Vote,other,Lien Mitigation Request - 9170 Estero River Ct,"Lien Mitigation Request - 9170 Estero River Ct. Action: Adopted the lien mitigation request from DK Realty Group-Sub, LLC releasing any outstanding liens against the Property in exchange for payment of a reduced fine of $49,000.00 and $296.85 for administrative costs","Adopted the lien mitigation request from DK Realty Group-Sub, LLC releasing any outstanding liens against the Property in exchange for payment of a reduced fine of $49,000.00 and $296.85 for administrative costs","Adopted the lien mitigation request from DK Realty Group-Sub, LLC releasing any outstanding liens against the Property in exchange for payment of a reduced fine of $49,000.00 and $296.85 for administrative costs","Adopted the lien mitigation request from DK Realty Group-Sub, LLC releasing any outstanding liens against the Property in exchange for payment of a reduced fine of $49,000.00 and $296.85 for administrative costs",,,Detected,DK Realty Group-Sub,,,9170 Estero River Ct,"9170 Estero River Ct, Estero, FL",26.434418045187,-81.799438671116,0.9783,TD/CS,01192022 minutes.pdf,https://estero-fl.gov/wp-content/uploads/library-ada/minutes/2022%20MINUTES/COUNCIL/01192022%20minutes.pdf,AgendaItemLocation
Estero Parkway Improvements,Village Council,Regular Meeting,Village Council,2022-01-05,2022-01-05,2022,Accepted,778,4,Contract Approval,open_space,Estero Parkway Landscape Maintenance Contract,"Estero Parkway Landscape Maintenance Contract. Action: Approved award of Request for Bid No. RFB 2021-01, Mowing, Landscape, and Irrigation Maintenance for the Village of Estero to P & T Lawn and Tractor Service, Inc. to provide mowing, landscape, and irrigation maintenance services Estero Parkway Landscaping as provided in the contract for a one-year period, at a rate of $358,276.00 per year. Authorized the Village Manager to renegotiate and execute the renewal of this contract for three add...","Approved award of Request for Bid No. RFB 2021-01, Mowing, Landscape, and Irrigation Maintenance for the Village of Estero to P & T Lawn and Tractor Service, Inc. to provide mowing, landscape, and irrigation maintenance services Estero Parkway Landscaping as provided in the contract for a one-year period, at a rate of $358,276.00 per year. Authorized the Village Manager to renegotiate and execute the renewal of this contract for three additional one-year terms under the same terms and conditions, if doing so is in the best interest of the Village of Estero, approve a contingency fund amount of $ 71,700 (20% contingenc","Approved award of Request for Bid No. RFB 2021-01, Mowing, Landscape, and Irrigation Maintenance for the Village of Estero to P & T Lawn and Tractor Service, Inc. to provide mowing, landscape, and irrigation maintenance services Estero Parkway Landscaping as provided in the contract for a one-year period, at a rate of $358,276.00 per year. Authorized the Village Manager to renegotiate and execute the renewal of this contract for three additional one-year terms under the same terms and conditions, if doing so is in the best interest of the Village of Estero, approve a contingency fund amount of $ 71,700 (20% contingenc","Approved award of Request for Bid No. RFB 2021-01, Mowing, Landscape, and Irrigation Maintenance for the Village of Estero to P & T Lawn and Tractor Service, Inc. to provide mowing, landscape, and irrigation maintenance services Estero Parkway Landscaping as provided in the contract for a one-year period, at a rate of $358,276.00 per year. Authorized the Village Manager to renegotiate and execute the renewal of this contract for three additional one-year terms under the same terms and conditions, if doing so is in the best interest of the Village of Estero, approve a contingency fund amount of $ 71,700 (20% contingenc",,,Detected,,RFB 2021-01,,Estero Parkway,"Estero Parkway from US 41 to Three Oaks Parkway, Estero, FL",26.448792003304,-81.803409304378,0.9,TD/CS,01052022 minutes.pdf,https://estero-fl.gov/wp-content/uploads/library-ada/minutes/2022%20MINUTES/COUNCIL/01052022%20minutes.pdf,AgendaItemLocation
US 41 & Three Oaks Northern Monument Sign Construction Plans & Permitting Contract,Village Council,Regular Meeting,Village Council,2021-11-03,2021-11-03,2021,Accepted,759,4,Contract Approval,infrastructure,US 41 & Three Oaks Northern Monument Sign Construction Plans & Permitting Contract,"US 41 & Three Oaks Northern Monument Sign Construction Plans & Permitting Contract. Action: Approved the award of Supplemental Task Authorization (STA) - 02 Contract EC 2020-72 with DRMP, Inc. to provide Construction Plan and Permitting services for Village of Estero monument signs under the Village's Misc. Service Contract CN 2020-01 for a not to exceed contract amount of $79,990, approve a contingency fund amount of $8,000 (an amount equal to 10% of the total project cos","Approved the award of Supplemental Task Authorization (STA) - 02 Contract EC 2020-72 with DRMP, Inc. to provide Construction Plan and Permitting services for Village of Estero monument signs under the Village's Misc. Service Contract CN 2020-01 for a not to exceed contract amount of $79,990, approve a contingency fund amount of $8,000 (an amount equal to 10% of the total project cos","Approved the award of Supplemental Task Authorization (STA) - 02 Contract EC 2020-72 with DRMP, Inc. to provide Construction Plan and Permitting services for Village of Estero monument signs under the Village's Misc. Service Contract CN 2020-01 for a not to exceed contract amount of $79,990, approve a contingency fund amount of $8,000 (an amount equal to 10% of the total project cos","Approved the award of Supplemental Task Authorization (STA) - 02 Contract EC 2020-72 with DRMP, Inc. to provide Construction Plan and Permitting services for Village of Estero monument signs under the Village's Misc. Service Contract CN 2020-01 for a not to exceed contract amount of $79,990, approve a contingency fund amount of $8,000 (an amount equal to 10% of the total project cos",,,Detected,DRMP,EC 2020-72,,US 41 / Tamiami Trail,"US 41 from Williams Road to Estero Parkway, Estero, FL",26.434255,-81.814695788461,0.9,TD/CS,11032021 minutes.pdf,https://estero-fl.gov/wp-content/uploads/library-ada/minutes/2021%20Minutes/COUNCIL/11032021%20minutes.pdf,AgendaItemLocation
Williams Road Improvements,Village Council,Regular Meeting,Village Council,2021-11-03,2021-11-03,2021,Accepted,758,3,Vote,open_space,Via Coconut Point & Williams Road Roundabout Landscaping & Irrigation - RFB 2021-03,"Via Coconut Point & Williams Road Roundabout Landscaping & Irrigation - RFB 2021-03. Action: Approved the award of Request for Bids No. RFB 2021-03, Via Coconut Point & Williams Road Roundabout Landscaping & Irrigation for the Village of Estero to O'Donnell Landscapes, Inc. to provide landscaping and irrigation work at a cost of $120,181, approve a contingency fund amount of $12,000 (an amount equal to 10% of the total project cos","Approved the award of Request for Bids No. RFB 2021-03, Via Coconut Point & Williams Road Roundabout Landscaping & Irrigation for the Village of Estero to O'Donnell Landscapes, Inc. to provide landscaping and irrigation work at a cost of $120,181, approve a contingency fund amount of $12,000 (an amount equal to 10% of the total project cos","Approved the award of Request for Bids No. RFB 2021-03, Via Coconut Point & Williams Road Roundabout Landscaping & Irrigation for the Village of Estero to O'Donnell Landscapes, Inc. to provide landscaping and irrigation work at a cost of $120,181, approve a contingency fund amount of $12,000 (an amount equal to 10% of the total project cos","Approved the award of Request for Bids No. RFB 2021-03, Via Coconut Point & Williams Road Roundabout Landscaping & Irrigation for the Village of Estero to O'Donnell Landscapes, Inc. to provide landscaping and irrigation work at a cost of $120,181, approve a contingency fund amount of $12,000 (an amount equal to 10% of the total project cos",,,Detected,,RFB 2021-03,,"Williams Road & Via Coconut Point, Estero, FL","Williams Road & Via Coconut Point, Estero, FL",26.42047948503,-81.806570497251,1.0,TD/CS,11032021 minutes.pdf,https://estero-fl.gov/wp-content/uploads/library-ada/minutes/2021%20Minutes/COUNCIL/11032021%20minutes.pdf,AgendaItemLocation
Architectural Services for PreK-8 School on Three Oaks Parkway,Village Council,Regular Meeting,Village Council,2021-09-22,2021-09-22,2021,Accepted,741,8,Contract Approval,institutional,Architectural Services for PreK-8 School on Three Oaks Parkway,"Architectural Services for PreK-8 School on Three Oaks Parkway. Action: Approved a contract, via a piggybacking of the School District's bid, with Harvard Jolly Architecture in the amount of $98,000 to provide architectural and engineering services for additional athletic facilities at the proposed new School District of Lee County PreK-8 School on Three Oaks Parkway, approve a contingency fund amount of $9,800 (an amount equal to 10% of the total project cos","Approved a contract, via a piggybacking of the School District's bid, with Harvard Jolly Architecture in the amount of $98,000 to provide architectural and engineering services for additional athletic facilities at the proposed new School District of Lee County PreK-8 School on Three Oaks Parkway, approve a contingency fund amount of $9,800 (an amount equal to 10% of the total project cos","Approved a contract, via a piggybacking of the School District's bid, with Harvard Jolly Architecture in the amount of $98,000 to provide architectural and engineering services for additional athletic facilities at the proposed new School District of Lee County PreK-8 School on Three Oaks Parkway, approve a contingency fund amount of $9,800 (an amount equal to 10% of the total project cos","Approved a contract, via a piggybacking of the School District's bid, with Harvard Jolly Architecture in the amount of $98,000 to provide architectural and engineering services for additional athletic facilities at the proposed new School District of Lee County PreK-8 School on Three Oaks Parkway, approve a contingency fund amount of $9,800 (an amount equal to 10% of the total project cos",,,Detected,,,,"20897 Three Oaks Parkway, Estero, FL","20897 Three Oaks Parkway, Estero, FL",26.436576930078,-81.784532881242,1.0,TD/CS,09222021 minutes.pdf,https://estero-fl.gov/wp-content/uploads/library-ada/minutes/2021%20Minutes/COUNCIL/09222021%20minutes.pdf,AgendaItemLocation
US 41 & Three Oaks Monument Sign Construction Plans & Permitting Contract,Village Council,Regular Meeting,Village Council,2021-09-22,2021-09-22,2021,Accepted,740,7,Contract Approval,infrastructure,US 41 & Three Oaks Monument Sign Construction Plans & Permitting Contract,"US 41 & Three Oaks Monument Sign Construction Plans & Permitting Contract. Action: Approved award of Supplemental Task Authorization (STA) - 01 Contract EC 2020-72 with DRMP, Inc. to provide Construction Plan and Permitting services for Village of Estero monument signs under the Village's Misc. Service Contract CN 2020-01 for a not to exceed contract amount of $59,960.00, approve a contingency fund amount of $6,000 (an amount equal to 10% of the total project cos","Approved award of Supplemental Task Authorization (STA) - 01 Contract EC 2020-72 with DRMP, Inc. to provide Construction Plan and Permitting services for Village of Estero monument signs under the Village's Misc. Service Contract CN 2020-01 for a not to exceed contract amount of $59,960.00, approve a contingency fund amount of $6,000 (an amount equal to 10% of the total project cos","Approved award of Supplemental Task Authorization (STA) - 01 Contract EC 2020-72 with DRMP, Inc. to provide Construction Plan and Permitting services for Village of Estero monument signs under the Village's Misc. Service Contract CN 2020-01 for a not to exceed contract amount of $59,960.00, approve a contingency fund amount of $6,000 (an amount equal to 10% of the total project cos","Approved award of Supplemental Task Authorization (STA) - 01 Contract EC 2020-72 with DRMP, Inc. to provide Construction Plan and Permitting services for Village of Estero monument signs under the Village's Misc. Service Contract CN 2020-01 for a not to exceed contract amount of $59,960.00, approve a contingency fund amount of $6,000 (an amount equal to 10% of the total project cos",,,Detected,DRMP,EC 2020-72,,US 41 / Tamiami Trail,"US 41 from Williams Road to Estero Parkway, Estero, FL",26.434255,-81.814695788461,0.9,TD/CS,09222021 minutes.pdf,https://estero-fl.gov/wp-content/uploads/library-ada/minutes/2021%20Minutes/COUNCIL/09222021%20minutes.pdf,AgendaItemLocation
Septic to Sewer,Village Council,Regular Meeting,Village Council,2021-09-22,2021-09-22,2021,Accepted,739,6,Contract Approval,infrastructure,"Estero Bay Village, Sunny Groves, & Cypress Bend Utility Expansion Design & Permitting Contract","Estero Bay Village, Sunny Groves, & Cypress Bend Utility Expansion Design & Permitting Contract. Action: Approved award of Supplemental Task Authorization (STA) - 01 Contract EC 2020-37 with Tetra Tech, Inc. to provide Design and Permitting services for utility expansion projects under the Village's Misc. Service Contract CN 2020-01 for a not to exceed contract amount of $371,013, approve a contingency fund amount of $38,000 (an amount equal to 10% of the total project cos","Approved award of Supplemental Task Authorization (STA) - 01 Contract EC 2020-37 with Tetra Tech, Inc. to provide Design and Permitting services for utility expansion projects under the Village's Misc. Service Contract CN 2020-01 for a not to exceed contract amount of $371,013, approve a contingency fund amount of $38,000 (an amount equal to 10% of the total project cos","Approved award of Supplemental Task Authorization (STA) - 01 Contract EC 2020-37 with Tetra Tech, Inc. to provide Design and Permitting services for utility expansion projects under the Village's Misc. Service Contract CN 2020-01 for a not to exceed contract amount of $371,013, approve a contingency fund amount of $38,000 (an amount equal to 10% of the total project cos","Approved award of Supplemental Task Authorization (STA) - 01 Contract EC 2020-37 with Tetra Tech, Inc. to provide Design and Permitting services for utility expansion projects under the Village's Misc. Service Contract CN 2020-01 for a not to exceed contract amount of $371,013, approve a contingency fund amount of $38,000 (an amount equal to 10% of the total project cos",,,Detected,Tetra Tech,EC 2020-37,,Cypress Bend Septic Area,"Cypress Bend, Estero, FL",26.4469,-81.8116,0.9,TD/CS,09222021 minutes.pdf,https://estero-fl.gov/wp-content/uploads/library-ada/minutes/2021%20Minutes/COUNCIL/09222021%20minutes.pdf,AgendaItemLocation
ACTION ITEMS a. Review of Development Order for Fifth Third Bank at Miromar Outlets,Village Council,Regular Meeting,Village Council,2021-09-09,2021-09-09,2021,Accepted,728,5,Contract Approval,infrastructure,ACTION ITEMS a. Review of Development Order for Fifth Third Bank at Miromar Outlets,"ACTION ITEMS a. Review of Development Order for Fifth Third Bank at Miromar Outlets. Action: Approved Supplemental Task Authorization (STA)-2 under RFQ 2019-03 Miscellaneous Contractor Services to Pavement Maintenance, LLC for the engagement of a Contractor to acquire and install bus benches at four","Approved Supplemental Task Authorization (STA)-2 under RFQ 2019-03 Miscellaneous Contractor Services to Pavement Maintenance, LLC for the engagement of a Contractor to acquire and install bus benches at four","Approved Supplemental Task Authorization (STA)-2 under RFQ 2019-03 Miscellaneous Contractor Services to Pavement Maintenance, LLC for the engagement of a Contractor to acquire and install bus benches at four","Approved Supplemental Task Authorization (STA)-2 under RFQ 2019-03 Miscellaneous Contractor Services to Pavement Maintenance, LLC for the engagement of a Contractor to acquire and install bus benches at four",,,Detected,,RFQ 2019-03,,Miromar Outlets,"Miromar Outlets, Estero, FL",26.438084,-81.772808,1.0,,09092021 Minutes.pdf,https://estero-fl.gov/wp-content/uploads/library-ada/minutes/2021%20Minutes/COUNCIL/09092021%20Minutes.pdf,AgendaItemLocation
ACTION ITEMS a. Review of Development Order for Fifth Third Bank at Miromar Outlets,Village Council,Regular Meeting,Village Council,2021-09-09,2021-09-09,2021,Accepted,727,4,Vote,other,ACTION ITEMS a. Review of Development Order for Fifth Third Bank at Miromar Outlets,ACTION ITEMS a. Review of Development Order for Fifth Third Bank at Miromar Outlets. Action: Approved the Development Order with the additional modifications shown on the attached plan,Approved the Development Order with the additional modifications shown on the attached plan,Approved the Development Order with the additional modifications shown on the attached plan,Approved the Development Order with the additional modifications shown on the attached plan,,,Detected,,,,Miromar Outlets,"Miromar Outlets, Estero, FL",26.438084,-81.772808,1.0,,09092021 Minutes.pdf,https://estero-fl.gov/wp-content/uploads/library-ada/minutes/2021%20Minutes/COUNCIL/09092021%20Minutes.pdf,AgendaItemLocation
Code Enforcement Lien Mitigation - 20318 Sherrill Lane,Village Council,Regular Meeting,Village Council,2021-07-07,2021-07-07,2021,Accepted,710,7,Vote,other,Code Enforcement Lien Mitigation - 20318 Sherrill Lane,"Code Enforcement Lien Mitigation - 20318 Sherrill Lane. Action: Approved the lien mitigation request from Ms. Hernandez releasing any outstanding liens against the Property in exchange for payment of a reduced fine of $5,000.00 and $327.20 for administrative cost","Approved the lien mitigation request from Ms. Hernandez releasing any outstanding liens against the Property in exchange for payment of a reduced fine of $5,000.00 and $327.20 for administrative cost","Approved the lien mitigation request from Ms. Hernandez releasing any outstanding liens against the Property in exchange for payment of a reduced fine of $5,000.00 and $327.20 for administrative cost","Approved the lien mitigation request from Ms. Hernandez releasing any outstanding liens against the Property in exchange for payment of a reduced fine of $5,000.00 and $327.20 for administrative cost",,,Detected,Ms. Hernandez releasing any outstanding liens against the Property,,,20318 Sherrill Lane,"20318 Sherrill Lane, Estero, FL",26.445524150713,-81.829035422685,1.0,TD/CS,07072021 minute.pdf,https://estero-fl.gov/wp-content/uploads/library-ada/minutes/2021%20Minutes/COUNCIL/07072021%20minute.pdf,AgendaItemLocation
Via Coconut Point Landscape Design Contract,Village Council,Regular Meeting,Village Council,2021-06-02,2021-06-02,2021,Accepted,694,3,Contract Approval,open_space,Via Coconut Point Landscape Design Contract,"Via Coconut Point Landscape Design Contract. Action: Approved award of Supplemental Task Authorization (STA) - 04 Contract EC 2020-42 to Bruce Howard & Associates under the Village's Misc. Service Contract CN 2020-01 in the amount of $60,000, approve award of Supplemental Task Authorization (STA) - 03 Contract EC 2020-67 to RWA Engineering under the Village's Misc. Service Contract CN 2020-01 in the amount of $11,700, approve a contingency fund amount of $7,200 (an amount equal to 10% of the...","Approved award of Supplemental Task Authorization (STA) - 04 Contract EC 2020-42 to Bruce Howard & Associates under the Village's Misc. Service Contract CN 2020-01 in the amount of $60,000, approve award of Supplemental Task Authorization (STA) - 03 Contract EC 2020-67 to RWA Engineering under the Village's Misc. Service Contract CN 2020-01 in the amount of $11,700, approve a contingency fund amount of $7,200 (an amount equal to 10% of the total project cos","Approved award of Supplemental Task Authorization (STA) - 04 Contract EC 2020-42 to Bruce Howard & Associates under the Village's Misc. Service Contract CN 2020-01 in the amount of $60,000, approve award of Supplemental Task Authorization (STA) - 03 Contract EC 2020-67 to RWA Engineering under the Village's Misc. Service Contract CN 2020-01 in the amount of $11,700, approve a contingency fund amount of $7,200 (an amount equal to 10% of the total project cos","Approved award of Supplemental Task Authorization (STA) - 04 Contract EC 2020-42 to Bruce Howard & Associates under the Village's Misc. Service Contract CN 2020-01 in the amount of $60,000, approve award of Supplemental Task Authorization (STA) - 03 Contract EC 2020-67 to RWA Engineering under the Village's Misc. Service Contract CN 2020-01 in the amount of $11,700, approve a contingency fund amount of $7,200 (an amount equal to 10% of the total project cos",,,Detected,,EC 2020-42,,Coconut Point,"Coconut Point, Estero, FL",26.4038818,-81.8077365,0.9,TD/CS,06022021 minutes.pdf,https://estero-fl.gov/wp-content/uploads/library-ada/minutes/2021%20Minutes/COUNCIL/06022021%20minutes.pdf,AgendaItemLocation
Williams Road Improvements,Village Council,Regular Meeting,Village Council,2021-04-07,2021-04-07,2021,Accepted,671,6,Contract Approval,infrastructure,Williams Road & Atlantic Gulf Blvd. Intersection Improvement Project Management Contract - CW3,"Williams Road & Atlantic Gulf Blvd. Intersection Improvement Project Management Contract - CW3. Action: Approved award of Supplemental Task Authorization (STA) 06 to Contract EC 2020-48 to CW3 Engineering under the Village's Misc. Service Contract CN 2020-01 in the amount of $54,000, approve a contingency fund amount of $5,400 (an amount equal to 10% of the total project cos","Approved award of Supplemental Task Authorization (STA) 06 to Contract EC 2020-48 to CW3 Engineering under the Village's Misc. Service Contract CN 2020-01 in the amount of $54,000, approve a contingency fund amount of $5,400 (an amount equal to 10% of the total project cos","Approved award of Supplemental Task Authorization (STA) 06 to Contract EC 2020-48 to CW3 Engineering under the Village's Misc. Service Contract CN 2020-01 in the amount of $54,000, approve a contingency fund amount of $5,400 (an amount equal to 10% of the total project cos","Approved award of Supplemental Task Authorization (STA) 06 to Contract EC 2020-48 to CW3 Engineering under the Village's Misc. Service Contract CN 2020-01 in the amount of $54,000, approve a contingency fund amount of $5,400 (an amount equal to 10% of the total project cos",,,Detected,,EC 2020-48,,"Williams Road & Atlantic Gulf Boulevard, Estero, FL","Williams Road & Atlantic Gulf Boulevard, Estero, FL",26.420304009887,-81.812656010414,1.0,TD/CS,04072021 minutes.pdf,https://estero-fl.gov/wp-content/uploads/library-ada/minutes/2021%20Minutes/COUNCIL/04072021%20minutes.pdf,AgendaItemLocation
Williams Road Improvements,Village Council,Regular Meeting,Village Council,2021-04-07,2021-04-07,2021,Accepted,670,5,Contract Approval,infrastructure,Williams Road & Atlantic Gulf Drive Intersection Improvement Design Contract - KCA,"Williams Road & Atlantic Gulf Drive Intersection Improvement Design Contract - KCA. Action: Approved award of Supplemental Task Authorization (STA) - 02 Contract EC 2020-61 to KCA under the Village's Misc. Service Contract CN 2020-01 in the amount of $469,099, approve a contingency fund amount of $47,000 (an amount equal to 10% of the total project cos","Approved award of Supplemental Task Authorization (STA) - 02 Contract EC 2020-61 to KCA under the Village's Misc. Service Contract CN 2020-01 in the amount of $469,099, approve a contingency fund amount of $47,000 (an amount equal to 10% of the total project cos","Approved award of Supplemental Task Authorization (STA) - 02 Contract EC 2020-61 to KCA under the Village's Misc. Service Contract CN 2020-01 in the amount of $469,099, approve a contingency fund amount of $47,000 (an amount equal to 10% of the total project cos","Approved award of Supplemental Task Authorization (STA) - 02 Contract EC 2020-61 to KCA under the Village's Misc. Service Contract CN 2020-01 in the amount of $469,099, approve a contingency fund amount of $47,000 (an amount equal to 10% of the total project cos",,,Detected,,EC 2020-61,,"Williams Road & Atlantic Gulf Boulevard, Estero, FL","Williams Road & Atlantic Gulf Boulevard, Estero, FL",26.420304009887,-81.812656010414,1.0,TD/CS,04072021 minutes.pdf,https://estero-fl.gov/wp-content/uploads/library-ada/minutes/2021%20Minutes/COUNCIL/04072021%20minutes.pdf,AgendaItemLocation
US 41 Landscape Improvements RFB 2021-02,Village Council,Regular Meeting,Village Council,2021-04-07,2021-04-07,2021,Accepted,669,4,Vote,open_space,US 41 Landscape Improvements RFB 2021-02,"US 41 Landscape Improvements RFB 2021-02. Action: Approved award of Request for Bids No. RFB 2021-02, US 41 Landscape Improvements Broadway East to Vintage Parkway and Coconut Road to Fountain Lakes Boulevard to P & T Lawn and Tractor Service, Inc. at a Grand Total Cost of $118,075, approve a contingency fund amount of $11,800 (an amount equal to 10% of the total project cos","Approved award of Request for Bids No. RFB 2021-02, US 41 Landscape Improvements Broadway East to Vintage Parkway and Coconut Road to Fountain Lakes Boulevard to P & T Lawn and Tractor Service, Inc. at a Grand Total Cost of $118,075, approve a contingency fund amount of $11,800 (an amount equal to 10% of the total project cos","Approved award of Request for Bids No. RFB 2021-02, US 41 Landscape Improvements Broadway East to Vintage Parkway and Coconut Road to Fountain Lakes Boulevard to P & T Lawn and Tractor Service, Inc. at a Grand Total Cost of $118,075, approve a contingency fund amount of $11,800 (an amount equal to 10% of the total project cos","Approved award of Request for Bids No. RFB 2021-02, US 41 Landscape Improvements Broadway East to Vintage Parkway and Coconut Road to Fountain Lakes Boulevard to P & T Lawn and Tractor Service, Inc. at a Grand Total Cost of $118,075, approve a contingency fund amount of $11,800 (an amount equal to 10% of the total project cos",,,Detected,,RFB 2021-02,,US 41 / Tamiami Trail,"US 41 from Williams Road to Estero Parkway, Estero, FL",26.434255,-81.814695788461,0.9,TD/CS,04072021 minutes.pdf,https://estero-fl.gov/wp-content/uploads/library-ada/minutes/2021%20Minutes/COUNCIL/04072021%20minutes.pdf,AgendaItemLocation
Corkscrew Road,Village Council,Regular Meeting,Village Council,2021-04-07,2021-04-07,2021,Accepted,668,3,Resolution,infrastructure,"Resolution No. 2021-10 of the Village Council of the Village of Estero, Florida, Approving the Second Budget Amendment for Fiscal Year 2020-2021 to Approve Use of Additional Village Funds and Provide a Funding Transfer for Corkscrew Road/Puente La...","Resolution No. 2021-10 of the Village Council of the Village of Estero, Florida, Approving the Second Budget Amendment for Fiscal Year 2020-2021 to Approve Use of Additional Village Funds and Provide a Funding Transfer for Corkscrew Road/Puente Lane Traff. Action: Approved Resolution 2021",Approved Resolution 2021,Approved Resolution 2021,Approved Resolution 2021,,,Detected,,Resolution No. 2021-10,,"Corkscrew Road & Puente Lane, Estero, FL","Corkscrew Road & Puente Lane, Estero, FL",26.431386394627,-81.784740920078,1.0,TD/CS,04072021 minutes.pdf,https://estero-fl.gov/wp-content/uploads/library-ada/minutes/2021%20Minutes/COUNCIL/04072021%20minutes.pdf,AgendaItemLocation
Estero River North Branch Drainage Improvements Contract,Village Council,Regular Meeting,Village Council,2021-03-03,2021-03-03,2021,Accepted,655,5,Contract Approval,infrastructure,Estero River North Branch Drainage Improvements Contract,Estero River North Branch Drainage Improvements Contract. Action: Approved Estero River North Branch Drainage Improvements contract with JR Evans Engineering under Supplemental Task Authorization (STA) - 03 Contract EC 2020-30 Miscellaneous Professional Services to perform a suite of design services for drainage improvements along the North Branch of the Estero River from Bamboo Island to River Oaks Preserve. Approve a 10% contingency for additional services that may be required to complete t...,Approved Estero River North Branch Drainage Improvements contract with JR Evans Engineering under Supplemental Task Authorization (STA) - 03 Contract EC 2020-30 Miscellaneous Professional Services to perform a suite of design services for drainage improvements along the North Branch of the Estero River from Bamboo Island to River Oaks Preserve. Approve a 10% contingency for additional services that may be required to complete the project. Authorize the Village Manager to sign the STA and other additional implementing documents within the scope of the STA on behalf of the Village ofEstero Council,Approved Estero River North Branch Drainage Improvements contract with JR Evans Engineering under Supplemental Task Authorization (STA) - 03 Contract EC 2020-30 Miscellaneous Professional Services to perform a suite of design services for drainage improvements along the North Branch of the Estero River from Bamboo Island to River Oaks Preserve. Approve a 10% contingency for additional services that may be required to complete the project. Authorize the Village Manager to sign the STA and other additional implementing documents within the scope of the STA on behalf of the Village ofEstero Council,Approved Estero River North Branch Drainage Improvements contract with JR Evans Engineering under Supplemental Task Authorization (STA) - 03 Contract EC 2020-30 Miscellaneous Professional Services to perform a suite of design services for drainage improvements along the North Branch of the Estero River from Bamboo Island to River Oaks Preserve. Approve a 10% contingency for additional services that may be required to complete the project. Authorize the Village Manager to sign the STA and other additional implementing documents within the scope of the STA on behalf of the Village ofEstero Council,,,Detected,,EC 2020-30,,"Estero River North Branch from Bamboo Island to River Oaks Preserve, Estero, FL","Estero River North Branch from Bamboo Island to River Oaks Preserve, Estero, FL",26.4390196,-81.8105466,0.9,TD/CS,03032021 minutes.pdf,https://estero-fl.gov/wp-content/uploads/library-ada/minutes/2021%20Minutes/COUNCIL/03032021%20minutes.pdf,AgendaItemLocation
Ben Hill Griffin Parkway Improvements,Village Council,Regular Meeting,Village Council,2021-03-03,2021-03-03,2021,Accepted,650,6,Contract Approval,infrastructure,Ben Hill Griffin Landscape Design,"Ben Hill Griffin Landscape Design. Action: Approved Ben Hill Griffin Parkway Preliminary Landscape Design contracts with Bruce Howard and Associates under EC2020-42 and RWA Engineering under EC2020-67 to perform a suite of design services for the proposed landscape improvements along Ben Hill Griffin Parkway from Corkscrew Road to Estero Parkway, approve a 10% contingency for additional services that may be required to complete the project, and Authorize the Village Manager to sign the Supple...","Approved Ben Hill Griffin Parkway Preliminary Landscape Design contracts with Bruce Howard and Associates under EC2020-42 and RWA Engineering under EC2020-67 to perform a suite of design services for the proposed landscape improvements along Ben Hill Griffin Parkway from Corkscrew Road to Estero Parkway, approve a 10% contingency for additional services that may be required to complete the project, and Authorize the Village Manager to sign the Supplemental Task Authorization (ST","Approved Ben Hill Griffin Parkway Preliminary Landscape Design contracts with Bruce Howard and Associates under EC2020-42 and RWA Engineering under EC2020-67 to perform a suite of design services for the proposed landscape improvements along Ben Hill Griffin Parkway from Corkscrew Road to Estero Parkway, approve a 10% contingency for additional services that may be required to complete the project, and Authorize the Village Manager to sign the Supplemental Task Authorization (ST","Approved Ben Hill Griffin Parkway Preliminary Landscape Design contracts with Bruce Howard and Associates under EC2020-42 and RWA Engineering under EC2020-67 to perform a suite of design services for the proposed landscape improvements along Ben Hill Griffin Parkway from Corkscrew Road to Estero Parkway, approve a 10% contingency for additional services that may be required to complete the project, and Authorize the Village Manager to sign the Supplemental Task Authorization (ST",,,Detected,Bruce Howard and Associates under EC2020-42 and RWA Engineering under EC2020-67,,,"Ben Hill Griffin Parkway from Corkscrew Road to Estero Parkway, Estero, FL","Ben Hill Griffin Parkway from Corkscrew Road to Estero Parkway, Estero, FL",26.442888042165,-81.772410260408,0.95,TD/CS,0232021 minutes.pdf,https://estero-fl.gov/wp-content/uploads/library-ada/minutes/2021%20Minutes/COUNCIL/0232021%20minutes.pdf,AgendaItemLocation
Williams Road Improvements,Village Council,Regular Meeting,Village Council,2021-03-03,2021-03-03,2021,Accepted,649,5,Contract Approval,infrastructure,Williams Road Bicycle & Pedestrian Improvements - Concept Design Contract,"Williams Road Bicycle & Pedestrian Improvements - Concept Design Contract. Action: Approved the Williams Road Bicycle and Pedestrian Improvements - Concept Design contract with Banks Engineering under Supplemental Task Authorization (STA) - 01 Contract EC 2020-56 Miscellaneous Professional Services to perform a suite of design services for the Bicycle & Pedestrian improvements along Williams Road, between US 41 and Three Oaks Parkway, approve a 10% contingency for additional services that may...","Approved the Williams Road Bicycle and Pedestrian Improvements - Concept Design contract with Banks Engineering under Supplemental Task Authorization (STA) - 01 Contract EC 2020-56 Miscellaneous Professional Services to perform a suite of design services for the Bicycle & Pedestrian improvements along Williams Road, between US 41 and Three Oaks Parkway, approve a 10% contingency for additional services that may be required to complete the project, and authorize the Village Manger to sign the STA and other additional implementing documents within the scope of the STA on behalf of the Village of Estero Council","Approved the Williams Road Bicycle and Pedestrian Improvements - Concept Design contract with Banks Engineering under Supplemental Task Authorization (STA) - 01 Contract EC 2020-56 Miscellaneous Professional Services to perform a suite of design services for the Bicycle & Pedestrian improvements along Williams Road, between US 41 and Three Oaks Parkway, approve a 10% contingency for additional services that may be required to complete the project, and authorize the Village Manger to sign the STA and other additional implementing documents within the scope of the STA on behalf of the Village of Estero Council","Approved the Williams Road Bicycle and Pedestrian Improvements - Concept Design contract with Banks Engineering under Supplemental Task Authorization (STA) - 01 Contract EC 2020-56 Miscellaneous Professional Services to perform a suite of design services for the Bicycle & Pedestrian improvements along Williams Road, between US 41 and Three Oaks Parkway, approve a 10% contingency for additional services that may be required to complete the project, and authorize the Village Manger to sign the STA and other additional implementing documents within the scope of the STA on behalf of the Village of Estero Council",,,Detected,,EC 2020-56,,"Williams Road from Via Coconut Point to Three Oaks Parkway, Estero, FL","Williams Road from Via Coconut Point to Three Oaks Parkway, Estero, FL",26.420434746622,-81.797464230004,0.95,TD/CS,0232021 minutes.pdf,https://estero-fl.gov/wp-content/uploads/library-ada/minutes/2021%20Minutes/COUNCIL/0232021%20minutes.pdf,AgendaItemLocation
Corkscrew Road,Village Council,Regular Meeting,Village Council,2021-01-20,2021-01-20,2021,Accepted,627,5,Ordinance,infrastructure,Motion to approve Estero Crossing - Corkscrew Road/Puente Lane Traffic Signal Agreement wi,Motion to approve Estero Crossing - Corkscrew Road/Puente Lane Traffic Signal Agreement with the revision to remove the last sentence of paragraph 5 to be consistent with Ordinance 2020,Motion to approve Estero Crossing - Corkscrew Road/Puente Lane Traffic Signal Agreement with the revision to remove the last sentence of paragraph 5 to be consistent with Ordinance 2020,Motion to approve Estero Crossing - Corkscrew Road/Puente Lane Traffic Signal Agreement with the revision to remove the last sentence of paragraph 5 to be consistent with Ordinance 2020,Motion to approve Estero Crossing - Corkscrew Road/Puente Lane Traffic Signal Agreement with the revision to remove the last sentence of paragraph 5 to be consistent with Ordinance 2020,,,Detected,,,,"Corkscrew Road & Puente Lane, Estero, FL","Corkscrew Road & Puente Lane, Estero, FL",26.431386394627,-81.784740920078,1.0,TD/CS,01202021 minutes.pdf,https://estero-fl.gov/wp-content/uploads/library-ada/minutes/2021%20Minutes/COUNCIL/01202021%20minutes.pdf,AgendaItemLocation
Comprehensive Plan,Village Council,Regular Meeting,Village Council,2021-01-06,2021-01-06,2021,Accepted,640,8,Ordinance,infrastructure,"Second Public Hearing to consider Ordinance 2020-07 to adopt a Comprehensive Plan Amendment for annexed property located at 4528 and 4408-4410 Coconut Road. An Ordinance of the Village Council of the Village of Estero, Florida, Adopting an Amendme...","Second Public Hearing to consider Ordinance 2020-07 to adopt a Comprehensive Plan Amendment for annexed property located at 4528 and 4408-4410 Coconut Road. An Ordinance of the Village Council of the Village of Estero, Florida, Adopting an Amendment to th. Action: Adopted Ordinance 2020",Adopted Ordinance 2020,Adopted Ordinance 2020,Adopted Ordinance 2020,,,Detected,,Ordinance 2020-07,,4410 Coconut Road,"4410 Coconut Road, Estero, FL",26.398566005006,-81.82671497661,1.0,TD/SS,0162021 Minutes.pdf,https://estero-fl.gov/wp-content/uploads/library-ada/minutes/2021%20Minutes/COUNCIL/0162021%20Minutes.pdf,AgendaItemLocation
Corkscrew Road,Village Council,Regular Meeting,Village Council,2021-01-06,2021-01-06,2021,Accepted,637,5,Ordinance,infrastructure,"First Reading of Ordinance 2020-11 for Estero Crossing relating to the traffic signal at Corkscrew Road and Puente Lane An Ordinance of the Village Council of the Village of Estero, Florida, Amending Ordinance 2019-29 to Revise Certain Transportat...","First Reading of Ordinance 2020-11 for Estero Crossing relating to the traffic signal at Corkscrew Road and Puente Lane An Ordinance of the Village Council of the Village of Estero, Florida, Amending Ordinance 2019-29 to Revise Certain Transportation Cond. Action: Passed first reading of Ordinance No. 2020-11 and schedule second reading/public hearing for January 20, 20","Passed first reading of Ordinance No. 2020-11 and schedule second reading/public hearing for January 20, 20","Passed first reading of Ordinance No. 2020-11 and schedule second reading/public hearing for January 20, 20","Passed first reading of Ordinance No. 2020-11 and schedule second reading/public hearing for January 20, 20",,,Detected,,Ordinance 2020-11,,Corkscrew Rd / Puente Lane,"Corkscrew Road at Puente Lane, Estero, FL",26.431386394627,-81.784740920078,1.0,TD/SS,0162021 Minutes.pdf,https://estero-fl.gov/wp-content/uploads/library-ada/minutes/2021%20Minutes/COUNCIL/0162021%20Minutes.pdf,AgendaItemLocation
Corkscrew Road,Village Council,Regular Meeting,Village Council,2020-11-04,2020-11-04,2020,Accepted,552,3,Resolution,infrastructure,"Resolution 2020-23 of the Village Council of the Village of Estero, Florida, approving a Budget Amendment for Fiscal Year 2020-2021 to include the Corkscrew Road - Puente Lane Traffic Signal; and providing an effective date","Resolution 2020-23 of the Village Council of the Village of Estero, Florida, approving a Budget Amendment for Fiscal Year 2020-2021 to include the Corkscrew Road - Puente Lane Traffic Signal; and providing an effective date. Action: Adopted Resolution 2020",Adopted Resolution 2020,Adopted Resolution 2020,Adopted Resolution 2020,,,Detected,,Resolution 2020-23,,"Corkscrew Road & Puente Lane, Estero, FL","Corkscrew Road & Puente Lane, Estero, FL",26.431386394627,-81.784740920078,1.0,TD/SS,11042020 Council Meeting Minutes.pdf,https://estero-fl.gov/wp-content/uploads/library-ada/minutes/2020%20Minutes/Council/11042020%20Council%20Meeting%20Minutes.pdf,AgendaItemLocation
Corkscrew Road,Village Council,Regular Meeting,Village Council,2020-09-09,2020-09-09,2020,Accepted,527,7,Contract Approval,infrastructure,Corkscrew Road/Puente Lane Traffic Signal Interlocal Agreement - Modified,Corkscrew Road/Puente Lane Traffic Signal Interlocal Agreement - Modified. Action: Approved the modified Interlocal Agreement between Lee County and the Village of Estero for Corkscrew Road/Puente Lane Traffic Signal with the two corrections to the contract. Authorize the Mayor to execute this agreement on behalf of the Village of Estero Council including any minor revisions to the agreement requested by Lee County which do not alter the scope or intent of the agreement,Approved the modified Interlocal Agreement between Lee County and the Village of Estero for Corkscrew Road/Puente Lane Traffic Signal with the two corrections to the contract. Authorize the Mayor to execute this agreement on behalf of the Village of Estero Council including any minor revisions to the agreement requested by Lee County which do not alter the scope or intent of the agreement,Approved the modified Interlocal Agreement between Lee County and the Village of Estero for Corkscrew Road/Puente Lane Traffic Signal with the two corrections to the contract. Authorize the Mayor to execute this agreement on behalf of the Village of Estero Council including any minor revisions to the agreement requested by Lee County which do not alter the scope or intent of the agreement,Approved the modified Interlocal Agreement between Lee County and the Village of Estero for Corkscrew Road/Puente Lane Traffic Signal with the two corrections to the contract. Authorize the Mayor to execute this agreement on behalf of the Village of Estero Council including any minor revisions to the agreement requested by Lee County which do not alter the scope or intent of the agreement,,,Detected,,,,"Corkscrew Road & Puente Lane, Estero, FL","Corkscrew Road & Puente Lane, Estero, FL",26.431386394627,-81.784740920078,1.0,,09092020 Council Meeting Minutes.pdf,https://estero-fl.gov/wp-content/uploads/library-ada/minutes/2020%20Minutes/Council/09092020%20Council%20Meeting%20Minutes.pdf,AgendaItemLocation
Estero Parkway Improvements,Village Council,Regular Meeting,Village Council,2020-09-09,2020-09-09,2020,Accepted,526,6,Contract Approval,open_space,CN-2018-02 Misc. Professional Services Change Order (Construction Engineering Inspection (CEI) Services for Estero Parkway Roadway and Landscape Improvements),CN-2018-02 Misc. Professional Services Change Order (Construction Engineering Inspection (CEI) Services for Estero Parkway Roadway and Landscape Improvements). Action: Approved Change Order one to Contract No. EC 2018-50-STA3 for CEI services for Estero Parkway Roadway and Landscape Improvement Project. Authorize the Village Manager to execute the amendment and any other ancillary documents on behalf of the Council,Approved Change Order one to Contract No. EC 2018-50-STA3 for CEI services for Estero Parkway Roadway and Landscape Improvement Project. Authorize the Village Manager to execute the amendment and any other ancillary documents on behalf of the Council,Approved Change Order one to Contract No. EC 2018-50-STA3 for CEI services for Estero Parkway Roadway and Landscape Improvement Project. Authorize the Village Manager to execute the amendment and any other ancillary documents on behalf of the Council,Approved Change Order one to Contract No. EC 2018-50-STA3 for CEI services for Estero Parkway Roadway and Landscape Improvement Project. Authorize the Village Manager to execute the amendment and any other ancillary documents on behalf of the Council,,,Detected,,EC 2018-50-STA3,,"Estero Parkway from US 41 to Three Oaks Parkway, Estero, FL","Estero Parkway from US 41 to Three Oaks Parkway, Estero, FL",26.448792003304,-81.803409304378,0.95,,09092020 Council Meeting Minutes.pdf,https://estero-fl.gov/wp-content/uploads/library-ada/minutes/2020%20Minutes/Council/09092020%20Council%20Meeting%20Minutes.pdf,AgendaItemLocation
Corkscrew Road,Village Council,Regular Meeting,Village Council,2020-07-22,2020-07-22,2020,Accepted,134,8,Contract Approval,infrastructure,Corkscrew Road/Puente Lane Traffic Signal Interlocal Agreement Approve the Interlocal Agreement between Lee County and the Village ofEstero for Corkscrew Road/Puente Lane Traffic Signal. Because the Lee County Commission is currently on summer bre...,Corkscrew Road/Puente Lane Traffic Signal Interlocal Agreement Approve the Interlocal Agreement between Lee County and the Village ofEstero for Corkscrew Road/Puente Lane Traffic Signal. Because the Lee County Commission is currently on summer break the p. Action: Approved the Interlocal Agreement between Lee County and the Village of Estero for Corkscrew Road/Puente Lane Traffic Signal. Authorize the Mayor to execute this agreement on behalf of the Village ofEstero Council including any mino...,Approved the Interlocal Agreement between Lee County and the Village of Estero for Corkscrew Road/Puente Lane Traffic Signal. Authorize the Mayor to execute this agreement on behalf of the Village ofEstero Council including any minor revisions to the agreement requested by Lee County which do not alter the scope or intent of the agreement,Approved the Interlocal Agreement between Lee County and the Village of Estero for Corkscrew Road/Puente Lane Traffic Signal. Authorize the Mayor to execute this agreement on behalf of the Village ofEstero Council including any minor revisions to the agreement requested by Lee County which do not alter the scope or intent of the agreement,Approved the Interlocal Agreement between Lee County and the Village of Estero for Corkscrew Road/Puente Lane Traffic Signal. Authorize the Mayor to execute this agreement on behalf of the Village ofEstero Council including any minor revisions to the agreement requested by Lee County which do not alter the scope or intent of the agreement,,,Detected,,,,"Corkscrew Road & Puente Lane, Estero, FL","Corkscrew Road & Puente Lane, Estero, FL",26.431386394627,-81.784740920078,1.0,TD/SS,07222020 Council Meeting Minutes.pdf,https://estero-fl.gov/wp-content/uploads/library-ada/minutes/2020%20Minutes/Council/07222020%20Council%20Meeting%20Minutes.pdf,AgendaItemLocation
Broadway Avenue Utility Extension,Village Council,Zoning Hearing,Public Hearing,2020-07-15,2020-07-15,2020,Accepted,520,2,Ordinance,commercial,"ORDINANCE SECOND READING AND PUBLIC HEARING - 8111 BROADWAY EAST REZONING: Ordinance No. 2020-03 An Ordinance of the Village Council of the Village of Estero, Florida, approving with conditions a rezoning from Agriculture (AG-2) to Commercial Plan...","ORDINANCE SECOND READING AND PUBLIC HEARING - 8111 BROADWAY EAST REZONING: Ordinance No. 2020-03 An Ordinance of the Village Council of the Village of Estero, Florida, approving with conditions a rezoning from Agriculture (AG-2) to Commercial Planned Deve. Action: Adopt Ordinance No. 2020-03 with staff conditions and the additional revisions: under schedule of uses: removal of Restaurants, Groups I, II, & HI, and Consumption on Premises, specify retail use only for Lawn and Garden Supply Stor...","Adopt Ordinance No. 2020-03 with staff conditions and the additional revisions: under schedule of uses: removal of Restaurants, Groups I, II, & HI, and Consumption on Premises, specify retail use only for Lawn and Garden Supply Stores, specify hours of operation to include deliveries, Open storage specify only retail merchandise, modification of Pattern Book for the north elevation must be improved to match other three facades, and handicap parking will be reviewed at time of Development Order for code compliance","Adopt Ordinance No. 2020-03 with staff conditions and the additional revisions: under schedule of uses: removal of Restaurants, Groups I, II, & HI, and Consumption on Premises, specify retail use only for Lawn and Garden Supply Stores, specify hours of operation to include deliveries, Open storage specify only retail merchandise, modification of Pattern Book for the north elevation must be improved to match other three facades, and handicap parking will be reviewed at time of Development Order for code compliance",,,,Detected,,Ordinance No. 2020-03,,"8111 Broadway Avenue East, Estero, FL","8111 Broadway Avenue East, Estero, FL",26.44244610632,-81.809993666508,1.0,TD/SS,07152020 Council Meeting Minutes.pdf,https://estero-fl.gov/wp-content/uploads/library-ada/minutes/2020%20Minutes/Council/07152020%20Council%20Meeting%20Minutes.pdf,AgendaItemLocation
Coconut Road Study - Bonita Springs Raptor Bay Rezoning,Village Council,Regular Meeting,Village Council,2020-07-08,2020-07-08,2020,Accepted,518,7,Vote,infrastructure,Coconut Road Study - Bonita Springs Raptor Bay Rezoning,Coconut Road Study - Bonita Springs Raptor Bay Rezoning. Action: Approved the appointment of Mayor Ribble as the liaison to Bonita Springs on the Pelican Landing Raptor Bay Rezoning,Approved the appointment of Mayor Ribble as the liaison to Bonita Springs on the Pelican Landing Raptor Bay Rezoning,Approved the appointment of Mayor Ribble as the liaison to Bonita Springs on the Pelican Landing Raptor Bay Rezoning,Approved the appointment of Mayor Ribble as the liaison to Bonita Springs on the Pelican Landing Raptor Bay Rezoning,,,Detected,,,,Coconut Road,"Coconut Road from US 41 to Via Coconut Point, Estero, FL",26.398474495578,-81.808064278126,0.9,TD/SS,07082020 Council Meeting Minutes.pdf,https://estero-fl.gov/wp-content/uploads/library-ada/minutes/2020%20Minutes/Council/07082020%20Council%20Meeting%20Minutes.pdf,AgendaItemLocation
Budget / Capital Improvement,Village Council,Regular Meeting,Village Council,2020-07-08,2020-07-08,2020,Accepted,514,3,Resolution,infrastructure,"Resolution 2020-11 Of The Village Council Of The Village OfEstero, Florida, Approving A Budget Amendment For Coconut Road Improvement Study For Fiscal Year 2019-2020; And Providing An Effective Date Supplemental Task Authorization (STA)-14 under C...","Resolution 2020-11 Of The Village Council Of The Village OfEstero, Florida, Approving A Budget Amendment For Coconut Road Improvement Study For Fiscal Year 2019-2020; And Providing An Effective Date Supplemental Task Authorization (STA)-14 under CN 2020-0. Action: Approved Supplemental Task Authorization (STA)-14 under CN 2020-01 Miscellaneous Professional Services to Johnson Engineering, Inc.to perform a suite of design services for the Coconut Road Improvements Study, authorize the Village...","Approved Supplemental Task Authorization (STA)-14 under CN 2020-01 Miscellaneous Professional Services to Johnson Engineering, Inc.to perform a suite of design services for the Coconut Road Improvements Study, authorize the Village Manager to sign the STA and other additional implementing documents within the scope of the STA on behalf of the Village of Estero Council, and adopt Resolution No. 2020-11 for Fiscal Year 2019-2020 budget amendment","Approved Supplemental Task Authorization (STA)-14 under CN 2020-01 Miscellaneous Professional Services to Johnson Engineering, Inc.to perform a suite of design services for the Coconut Road Improvements Study, authorize the Village Manager to sign the STA and other additional implementing documents within the scope of the STA on behalf of the Village of Estero Council, and adopt Resolution No. 2020-11 for Fiscal Year 2019-2020 budget amendment","Approved Supplemental Task Authorization (STA)-14 under CN 2020-01 Miscellaneous Professional Services to Johnson Engineering, Inc.to perform a suite of design services for the Coconut Road Improvements Study, authorize the Village Manager to sign the STA and other additional implementing documents within the scope of the STA on behalf of the Village of Estero Council, and adopt Resolution No. 2020-11 for Fiscal Year 2019-2020 budget amendment",,,Detected,,CN 2020-0,,"Coconut Road from US 41 to Via Coconut Point, Estero, FL","Coconut Road from US 41 to Via Coconut Point, Estero, FL",26.398474495578,-81.808064278126,0.95,TD/SS,07082020 Council Meeting Minutes.pdf,https://estero-fl.gov/wp-content/uploads/library-ada/minutes/2020%20Minutes/Council/07082020%20Council%20Meeting%20Minutes.pdf,AgendaItemLocation
Williams Road Improvements,Village Council,Regular Meeting,Village Council,2020-06-17,2020-06-17,2020,Accepted,504,4,Resolution,infrastructure,"Resolution No. 2020-08 A Resolution of the Village Council of the Village of Estero, Florida Authorizing the Purchase of 9.2± acres on Williams Road and the Sale of 2.7 acres of surplus property on County Road; Determining that it is in the best i...","Resolution No. 2020-08 A Resolution of the Village Council of the Village of Estero, Florida Authorizing the Purchase of 9.2± acres on Williams Road and the Sale of 2.7 acres of surplus property on County Road; Determining that it is in the best interest . Action: Approved Resolution No.2020-08, which authorizes the Mayor to sign the purchase agreement and sale agreement and authorizes the Village Manager and Village Attorney to complete any necessary due diligence or other actions to consumm...","Approved Resolution No.2020-08, which authorizes the Mayor to sign the purchase agreement and sale agreement and authorizes the Village Manager and Village Attorney to complete any necessary due diligence or other actions to consummate and close the purchase and sale of the properties in accordance with terms of the Purchase and Sale Agreements","Approved Resolution No.2020-08, which authorizes the Mayor to sign the purchase agreement and sale agreement and authorizes the Village Manager and Village Attorney to complete any necessary due diligence or other actions to consummate and close the purchase and sale of the properties in accordance with terms of the Purchase and Sale Agreements","Approved Resolution No.2020-08, which authorizes the Mayor to sign the purchase agreement and sale agreement and authorizes the Village Manager and Village Attorney to complete any necessary due diligence or other actions to consummate and close the purchase and sale of the properties in accordance with terms of the Purchase and Sale Agreements",,,Detected,,Resolution No. 2020-08,,Williams Road,"Williams Road from US 41 to Three Oaks Parkway, Estero, FL",26.420352499197,-81.799938484002,0.9,,061720 Council Meeting Minutes.pdf,https://estero-fl.gov/wp-content/uploads/library-ada/minutes/2020%20Minutes/Council/061720%20Council%20Meeting%20Minutes.pdf,AgendaItemLocation
Williams Road Improvements,Village Council,Regular Meeting,Village Council,2020-05-27,2020-05-27,2020,Accepted,618,11,Vote,institutional,Williams Road at Estero High School Turn Lane Improvements RFB 2020-03,Williams Road at Estero High School Turn Lane Improvements RFB 2020-03. Action: 1) Approved award of Request for Bids No. RFB 2020-03 Williams Road at Estero High School Turn Lane Improvements (Via a Piggyback of Lee County Bl80007AN,1) Approved award of Request for Bids No. RFB 2020-03 Williams Road at Estero High School Turn Lane Improvements (Via a Piggyback of Lee County Bl80007AN,1) Approved award of Request for Bids No. RFB 2020-03 Williams Road at Estero High School Turn Lane Improvements (Via a Piggyback of Lee County Bl80007AN,1) Approved award of Request for Bids No. RFB 2020-03 Williams Road at Estero High School Turn Lane Improvements (Via a Piggyback of Lee County Bl80007AN,,,Detected,,RFB 2020-03,,"Williams Road at Estero High School, Estero, FL","Williams Road at Estero High School, Estero, FL",26.422301,-81.798178,1.0,,2020-05-27 Council Meeting Minutes.pdf,https://estero-fl.gov/wp-content/uploads/library-ada/minutes/2020%20Minutes/Council/2020-05-27%20Council%20Meeting%20Minutes.pdf,AgendaItemLocation
Corkscrew Road,Village Council,Regular Meeting,Village Council,2020-05-27,2020-05-27,2020,Accepted,617,10,Contract Approval,infrastructure,Corkscrew Road/Puente Lane Traffic Signal Design - Contract EC 2019-04 STA-1 Change Order O1,"Corkscrew Road/Puente Lane Traffic Signal Design - Contract EC 2019-04 STA-1 Change Order O1. Action: 1) Approved Change Order Number O1 to Contract Number EC 2019-04­ STA 1 to increase the total contract ofSTAl by $10,000 to $174,515. 2) Authorized the Village Manager to execute the Change Order and other additional implementing documents within the scope of the Change Order on behalf of the Village ofEstero Council","1) Approved Change Order Number O1 to Contract Number EC 2019-04­ STA 1 to increase the total contract ofSTAl by $10,000 to $174,515. 2) Authorized the Village Manager to execute the Change Order and other additional implementing documents within the scope of the Change Order on behalf of the Village ofEstero Council","1) Approved Change Order Number O1 to Contract Number EC 2019-04­ STA 1 to increase the total contract ofSTAl by $10,000 to $174,515. 2) Authorized the Village Manager to execute the Change Order and other additional implementing documents within the scope of the Change Order on behalf of the Village ofEstero Council","1) Approved Change Order Number O1 to Contract Number EC 2019-04­ STA 1 to increase the total contract ofSTAl by $10,000 to $174,515. 2) Authorized the Village Manager to execute the Change Order and other additional implementing documents within the scope of the Change Order on behalf of the Village ofEstero Council",,,Detected,,EC 2019-04,,"Corkscrew Road & Puente Lane, Estero, FL","Corkscrew Road & Puente Lane, Estero, FL",26.431386394627,-81.784740920078,1.0,,2020-05-27 Council Meeting Minutes.pdf,https://estero-fl.gov/wp-content/uploads/library-ada/minutes/2020%20Minutes/Council/2020-05-27%20Council%20Meeting%20Minutes.pdf,AgendaItemLocation
Corkscrew Road,Village Council,Regular Meeting,Village Council,2020-05-27,2020-05-27,2020,Accepted,616,9,Contract Approval,infrastructure,Corkscrew Road/Puente Lane Traffic Signal Developer Agreement (Stock Development),Corkscrew Road/Puente Lane Traffic Signal Developer Agreement (Stock Development). Action: Approved the Corkscrew Road/Puente Lane Traffic Signal Developer Agreement and authorized the Village of Estero Mayor to execute the agreement,Approved the Corkscrew Road/Puente Lane Traffic Signal Developer Agreement and authorized the Village of Estero Mayor to execute the agreement,Approved the Corkscrew Road/Puente Lane Traffic Signal Developer Agreement and authorized the Village of Estero Mayor to execute the agreement,Approved the Corkscrew Road/Puente Lane Traffic Signal Developer Agreement and authorized the Village of Estero Mayor to execute the agreement,,,Detected,,,,"Corkscrew Road & Puente Lane, Estero, FL","Corkscrew Road & Puente Lane, Estero, FL",26.431386394627,-81.784740920078,1.0,,2020-05-27 Council Meeting Minutes.pdf,https://estero-fl.gov/wp-content/uploads/library-ada/minutes/2020%20Minutes/Council/2020-05-27%20Council%20Meeting%20Minutes.pdf,AgendaItemLocation
Corkscrew Road,Village Council,Regular Meeting,Village Council,2020-05-27,2020-05-27,2020,Accepted,615,8,Resolution,infrastructure,"Corkscrew Road Design and Permitting and Resolution No. 2020-07 A Resolution of the Village Council of the Village of Estero, Florida, Approving the Budget Amendment for Corkscrew Road Widening Design and Permitting for Fiscal Year 2019-2020; and...","Corkscrew Road Design and Permitting and Resolution No. 2020-07 A Resolution of the Village Council of the Village of Estero, Florida, Approving the Budget Amendment for Corkscrew Road Widening Design and Permitting for Fiscal Year 2019-2020; and Providin. Action: 1) Approved the piggybacking ofLee County Bid and the resulting Contract with Johnson Engineering, Inc. to perform a suite of design and permitting services for the Corkscrew Road Widening. 2) Adopted Resolution No. 2020­ 07 providi...","1) Approved the piggybacking ofLee County Bid and the resulting Contract with Johnson Engineering, Inc. to perform a suite of design and permitting services for the Corkscrew Road Widening. 2) Adopted Resolution No. 2020­ 07 providing a budget amendment for fiscal year 2019-2020. 3) Authorized the Village Manager to sign the STA and other additional implementing documents within the scope of the STA on behalf of the Village ofEstero Council. Village Council Meeting Notes - May 27, 2020 Page 4 of9","1) Approved the piggybacking ofLee County Bid and the resulting Contract with Johnson Engineering, Inc. to perform a suite of design and permitting services for the Corkscrew Road Widening. 2) Adopted Resolution No. 2020­ 07 providing a budget amendment for fiscal year 2019-2020. 3) Authorized the Village Manager to sign the STA and other additional implementing documents within the scope of the STA on behalf of the Village ofEstero Council. Village Council Meeting Notes - May 27, 2020 Page 4 of9","1) Approved the piggybacking ofLee County Bid and the resulting Contract with Johnson Engineering, Inc. to perform a suite of design and permitting services for the Corkscrew Road Widening. 2) Adopted Resolution No. 2020­ 07 providing a budget amendment for fiscal year 2019-2020. 3) Authorized the Village Manager to sign the STA and other additional implementing documents within the scope of the STA on behalf of the Village ofEstero Council. Village Council Meeting Notes - May 27, 2020 Page 4 of9",,,Detected,Johnson Engineering,STA and,,Corkscrew Road Widening Corridor,"Corkscrew Road from Ben Hill Griffin Parkway to east of Bella Terra Boulevard, Estero, FL",26.443916962688,-81.750022322755,0.9,,2020-05-27 Council Meeting Minutes.pdf,https://estero-fl.gov/wp-content/uploads/library-ada/minutes/2020%20Minutes/Council/2020-05-27%20Council%20Meeting%20Minutes.pdf,AgendaItemLocation
Corkscrew Road,Village Council,Regular Meeting,Village Council,2020-05-27,2020-05-27,2020,Accepted,614,7,Contract Approval,infrastructure,Corkscrew Road Interlocal Agreement,Corkscrew Road Interlocal Agreement. Action: 1) Approved the Interlocal Agreement between Lee County and The Village of Estero (Corkscrew Road Improvements). 2) Authorized the Mayor to execute the agreement on behalf of the Village of Estero Council,1) Approved the Interlocal Agreement between Lee County and The Village of Estero (Corkscrew Road Improvements). 2) Authorized the Mayor to execute the agreement on behalf of the Village of Estero Council,1) Approved the Interlocal Agreement between Lee County and The Village of Estero (Corkscrew Road Improvements). 2) Authorized the Mayor to execute the agreement on behalf of the Village of Estero Council,1) Approved the Interlocal Agreement between Lee County and The Village of Estero (Corkscrew Road Improvements). 2) Authorized the Mayor to execute the agreement on behalf of the Village of Estero Council,,,See minutes,,,,Corkscrew Road Widening Corridor,"Corkscrew Road from Ben Hill Griffin Parkway to east of Bella Terra Boulevard, Estero, FL",26.443916962688,-81.750022322755,0.9,,2020-05-27 Council Meeting Minutes.pdf,https://estero-fl.gov/wp-content/uploads/library-ada/minutes/2020%20Minutes/Council/2020-05-27%20Council%20Meeting%20Minutes.pdf,AgendaItemLocation
"Consider a Lien Mitigation Request from Racetrac Petroleum, Inc., Relating to the Property at 22350 S Tamiami Trail, Located at the Corner ofU.S. 41 and Galloway Ford Drive, just North ofCoconut Point Ford",Village Council,Regular Meeting,Village Council,2020-03-04,2020-03-04,2020,Accepted,597,5,Vote,open_space,"Consider a Lien Mitigation Request from Racetrac Petroleum, Inc., Relating to the Property at 22350 S Tamiami Trail, Located at the Corner ofU.S. 41 and Galloway Ford Drive, just North ofCoconut Point Ford","Consider a Lien Mitigation Request from Racetrac Petroleum, Inc., Relating to the Property at 22350 S Tamiami Trail, Located at the Corner ofU.S. 41 and Galloway Ford Drive, just North ofCoconut Point Ford. Action: Approved the lien mitigation request releasing any outstanding liens against the Property in exchange for payment ofa reduced fine of$15,000 and $331 .50 for administrative costs","Approved the lien mitigation request releasing any outstanding liens against the Property in exchange for payment ofa reduced fine of$15,000 and $331 .50 for administrative costs","Approved the lien mitigation request releasing any outstanding liens against the Property in exchange for payment ofa reduced fine of$15,000 and $331 .50 for administrative costs","Approved the lien mitigation request releasing any outstanding liens against the Property in exchange for payment ofa reduced fine of$15,000 and $331 .50 for administrative costs",,,Detected,Racetrac Petroleum,,,22350 S Tamiami Trail,"22350 S Tamiami Trail, Estero, FL",26.415397453315,-81.813027831639,1.0,,2020-03-04 Council Meeting Approved Minutes.pdf,https://estero-fl.gov/wp-content/uploads/library-ada/minutes/2020%20Minutes/Council/2020-03-04%20Council%20Meeting%20Approved%20Minutes.pdf,AgendaItemLocation
Corkscrew Road,Village Council,Regular Meeting,Village Council,2020-03-04,2020-03-04,2020,Accepted,595,3,Vote,infrastructure,Corkscrew Road (Ben Hill Griffin Pkwy to East ofBella Terra Blvd) Enhancements,Corkscrew Road (Ben Hill Griffin Pkwy to East ofBella Terra Blvd) Enhancements. Action: Authorized the Village Manager and Public Works Director to meet with Lee County to resolve a suitable design alternative,Authorized the Village Manager and Public Works Director to meet with Lee County to resolve a suitable design alternative,Authorized the Village Manager and Public Works Director to meet with Lee County to resolve a suitable design alternative,Authorized the Village Manager and Public Works Director to meet with Lee County to resolve a suitable design alternative,,,Detected,Lee County,,,"Corkscrew Road from Ben Hill Griffin Parkway to east of Bella Terra Boulevard, Estero, FL","Corkscrew Road from Ben Hill Griffin Parkway to east of Bella Terra Boulevard, Estero, FL",26.443916962688,-81.750022322755,0.95,,2020-03-04 Council Meeting Approved Minutes.pdf,https://estero-fl.gov/wp-content/uploads/library-ada/minutes/2020%20Minutes/Council/2020-03-04%20Council%20Meeting%20Approved%20Minutes.pdf,AgendaItemLocation
"Consider a Lien Mitigation Request from Racetrac Petroleum, Inc., Relating to the Property at 22350 S Tamiami Trail, Located at the Corner ofU.S. 41 and Galloway Ford Drive, just North ofCoconut Point Ford",Village Council,Regular Meeting,Village Council,2020-02-19,2020-02-19,2020,Accepted,590,1,Unknown,open_space,"Consider a Lien Mitigation Request from Racetrac Petroleum, Inc., Relating to the Property at 22350 S Tamiami Trail, Located at the Corner ofU.S. 41 and Galloway Ford Drive, just North ofCoconut Point Ford","Consider a Lien Mitigation Request from Racetrac Petroleum, Inc., Relating to the Property at 22350 S Tamiami Trail, Located at the Corner ofU.S. 41 and Galloway Ford Drive, just North ofCoconut Point Ford. Action: Postponed two weeks",Postponed two weeks,Postponed two weeks,,,,Detected,Racetrac Petroleum,,,22350 S Tamiami Trail,"22350 S Tamiami Trail, Estero, FL",26.415397453315,-81.813027831639,1.0,,2020-02-19 Council Meeting Approved Minutes.pdf,https://estero-fl.gov/wp-content/uploads/library-ada/minutes/2020%20Minutes/Council/2020-02-19%20Council%20Meeting%20Approved%20Minutes.pdf,AgendaItemLocation
"Consider a Lien Mitigation Request from Wayne and Maxine Schneider Relating to Their Property at 20031 Seagrove Street #1408, Located in the Sabal Palms III Community of Grandezza, Building 14, Unit 1408",Village Council,Regular Meeting,Village Council,2020-02-05,2020-02-05,2020,Accepted,589,2,Unknown,other,"Consider a Lien Mitigation Request from Wayne and Maxine Schneider Relating to Their Property at 20031 Seagrove Street #1408, Located in the Sabal Palms III Community of Grandezza, Building 14, Unit 1408","Consider a Lien Mitigation Request from Wayne and Maxine Schneider Relating to Their Property at 20031 Seagrove Street #1408, Located in the Sabal Palms III Community of Grandezza, Building 14, Unit 1408. Action: Reduced the fine to $0 and charged the administrative costs of $201",Reduced the fine to $0 and charged the administrative costs of $201,Reduced the fine to $0 and charged the administrative costs of $201,,,,,,,,20031 Seagrove Street,"20031 Seagrove Street, Estero, FL",26.448391935066,-81.765560108128,1.0,,2020-02-05 Council Meeting Approved Minutes.pdf,https://estero-fl.gov/wp-content/uploads/library-ada/minutes/2020%20Minutes/Council/2020-02-05%20Council%20Meeting%20Approved%20Minutes.pdf,AgendaItemLocation
"Ordinance No. 2019-30 An Ordinance ofthe Village Council ofthe Village of Estero, Florida, Annexing Property Located at 4528, 4406 and 4410 Coconut Road, Lee County, Florida, into the Corporate Limits of the Village in Accordance with the Annexati...",Village Council,Regular Meeting,Village Council,2020-01-22,2020-01-22,2020,Accepted,586,5,Ordinance,infrastructure,"Ordinance No. 2019-30 An Ordinance ofthe Village Council ofthe Village of Estero, Florida, Annexing Property Located at 4528, 4406 and 4410 Coconut Road, Lee County, Florida, into the Corporate Limits of the Village in Accordance with the Annexati...","Ordinance No. 2019-30 An Ordinance ofthe Village Council ofthe Village of Estero, Florida, Annexing Property Located at 4528, 4406 and 4410 Coconut Road, Lee County, Florida, into the Corporate Limits of the Village in Accordance with the Annexation Provi. Action: Adopted Ordinance No. 2020-01 Ordinance No. 2019-30 for voluntary annexation of 10 acre property at 4528, 4406 and 4410 Coconut","Adopted Ordinance No. 2020-01 Ordinance No. 2019-30 for voluntary annexation of 10 acre property at 4528, 4406 and 4410 Coconut","Adopted Ordinance No. 2020-01 Ordinance No. 2019-30 for voluntary annexation of 10 acre property at 4528, 4406 and 4410 Coconut","Adopted Ordinance No. 2020-01 Ordinance No. 2019-30 for voluntary annexation of 10 acre property at 4528, 4406 and 4410 Coconut",,,Detected,,Ordinance No. 2019-30,,4406 and 4410 Coconut Road,"4406 and 4410 Coconut Road, Estero, FL",26.398566005006,-81.82671497661,0.98,,2020-01-22 Council Meeting Approved Minutes.pdf,https://estero-fl.gov/wp-content/uploads/library-ada/minutes/2020%20Minutes/Council/2020-01-22%20Council%20Meeting%20Approved%20Minutes.pdf,AgendaItemLocation
"Consider Settlement Agreement between CHHCLA Investments, LLC and the Village ofEstero Pertaining to Property at 20170 South Tamiami Trail, at the Intersection of US 41 and Trailside Drive",Village Council,Regular Meeting,Village Council,2020-01-08,2020-01-08,2020,Accepted,580,5,Contract Approval,open_space,"Consider Settlement Agreement between CHHCLA Investments, LLC and the Village ofEstero Pertaining to Property at 20170 South Tamiami Trail, at the Intersection of US 41 and Trailside Drive","Consider Settlement Agreement between CHHCLA Investments, LLC and the Village ofEstero Pertaining to Property at 20170 South Tamiami Trail, at the Intersection of US 41 and Trailside Drive. Action: Approved the settlement agreement between CHHCLA Investments, LLC and the Village of Estero pertaining to property at 20170 South Tamiami Trail, at the intersection ofUS 41 and Trailside Drive. Village Council Meeting Notes - January 8, 2020 Page 4 of6","Approved the settlement agreement between CHHCLA Investments, LLC and the Village of Estero pertaining to property at 20170 South Tamiami Trail, at the intersection ofUS 41 and Trailside Drive. Village Council Meeting Notes - January 8, 2020 Page 4 of6","Approved the settlement agreement between CHHCLA Investments, LLC and the Village of Estero pertaining to property at 20170 South Tamiami Trail, at the intersection ofUS 41 and Trailside Drive. Village Council Meeting Notes - January 8, 2020 Page 4 of6","Approved the settlement agreement between CHHCLA Investments, LLC and the Village of Estero pertaining to property at 20170 South Tamiami Trail, at the intersection ofUS 41 and Trailside Drive. Village Council Meeting Notes - January 8, 2020 Page 4 of6",,,Detected,,,,20170 South Tamiami Trail,"20170 South Tamiami Trail, Estero, FL",26.446015833153,-81.815692187201,1.0,,2020-01-08 Council Meeting Approved Minutes.pdf,https://estero-fl.gov/wp-content/uploads/library-ada/minutes/2020%20Minutes/Council/2020-01-08%20Council%20Meeting%20Approved%20Minutes.pdf,AgendaItemLocation
"Consider a Lien Mitigation Request from Celedonio Varela Relating to his Property at 8401 Mockingbird Lane, Located at the Corner of Highlands Avenue and Mockingbird Lane, just East ofEstero United Methodist Church",Village Council,Regular Meeting,Village Council,2020-01-08,2020-01-08,2020,Accepted,579,4,Vote,institutional,"Consider a Lien Mitigation Request from Celedonio Varela Relating to his Property at 8401 Mockingbird Lane, Located at the Corner of Highlands Avenue and Mockingbird Lane, just East ofEstero United Methodist Church","Consider a Lien Mitigation Request from Celedonio Varela Relating to his Property at 8401 Mockingbird Lane, Located at the Corner of Highlands Avenue and Mockingbird Lane, just East ofEstero United Methodist Church. Action: Approved the lien mitigation request releasing any outstanding liens against the Property in exchange for payment of a reduced fine of $2,000.00 and $307.50 for administrative costs as recommended by the Village Attorney","Approved the lien mitigation request releasing any outstanding liens against the Property in exchange for payment of a reduced fine of $2,000.00 and $307.50 for administrative costs as recommended by the Village Attorney","Approved the lien mitigation request releasing any outstanding liens against the Property in exchange for payment of a reduced fine of $2,000.00 and $307.50 for administrative costs as recommended by the Village Attorney","Approved the lien mitigation request releasing any outstanding liens against the Property in exchange for payment of a reduced fine of $2,000.00 and $307.50 for administrative costs as recommended by the Village Attorney",,,See minutes,Celedonio Varela Relating to his Property at 8401 Mockingbird Lane,,,8401 Mockingbird Lane,"8401 Mockingbird Lane, Estero, FL",26.440972861108,-81.808387526222,1.0,,2020-01-08 Council Meeting Approved Minutes.pdf,https://estero-fl.gov/wp-content/uploads/library-ada/minutes/2020%20Minutes/Council/2020-01-08%20Council%20Meeting%20Approved%20Minutes.pdf,AgendaItemLocation
"Consider a Lien Mitigation Request from Celedonio Varela Relating to his Property at 8401 Mockingbird Lane, Located at the Corner of Highlands Avenue and Mockingbird Lane, just East ofEstero United Methodist Church",Village Council,Regular Meeting,Village Council,2020-01-08,2020-01-08,2020,Accepted,578,3,Vote,institutional,"Consider a Lien Mitigation Request from Celedonio Varela Relating to his Property at 8401 Mockingbird Lane, Located at the Corner of Highlands Avenue and Mockingbird Lane, just East ofEstero United Methodist Church","Consider a Lien Mitigation Request from Celedonio Varela Relating to his Property at 8401 Mockingbird Lane, Located at the Corner of Highlands Avenue and Mockingbird Lane, just East ofEstero United Methodist Church. Action: Motion failed due to lack of a second",Motion failed due to lack of a second,Motion failed due to lack of a second,Motion failed due to lack of a second,,,Detected,Celedonio Varela Relating to his Property at 8401 Mockingbird Lane,,,8401 Mockingbird Lane,"8401 Mockingbird Lane, Estero, FL",26.440972861108,-81.808387526222,1.0,,2020-01-08 Council Meeting Approved Minutes.pdf,https://estero-fl.gov/wp-content/uploads/library-ada/minutes/2020%20Minutes/Council/2020-01-08%20Council%20Meeting%20Approved%20Minutes.pdf,AgendaItemLocation
"Consider First Reading of Ordinance No. 2019-30 for Voluntary Annexation of 10 Acre Property At 4528, 4406 And 4410 Coconut Road, and Set Second Reading for January 8, 2020 Ordinance No. 2019-30 An Ordinance of the Village ofEstero, Annexing Prope...",Village Council,Regular Meeting,Village Council,2019-12-04,2019-12-04,2019,Accepted,497,8,Ordinance,infrastructure,"Consider First Reading of Ordinance No. 2019-30 for Voluntary Annexation of 10 Acre Property At 4528, 4406 And 4410 Coconut Road, and Set Second Reading for January 8, 2020 Ordinance No. 2019-30 An Ordinance of the Village ofEstero, Annexing Prope...","Consider First Reading of Ordinance No. 2019-30 for Voluntary Annexation of 10 Acre Property At 4528, 4406 And 4410 Coconut Road, and Set Second Reading for January 8, 2020 Ordinance No. 2019-30 An Ordinance of the Village ofEstero, Annexing Property Loca. Action: Passed first reading of Ordinance No. 2019-30 for voluntary annexation of 10 acre property at 4528, 4406 and 4410 Coconut Road and set second reading/hearing for January 8, 20","Passed first reading of Ordinance No. 2019-30 for voluntary annexation of 10 acre property at 4528, 4406 and 4410 Coconut Road and set second reading/hearing for January 8, 20","Passed first reading of Ordinance No. 2019-30 for voluntary annexation of 10 acre property at 4528, 4406 and 4410 Coconut Road and set second reading/hearing for January 8, 20","Passed first reading of Ordinance No. 2019-30 for voluntary annexation of 10 acre property at 4528, 4406 and 4410 Coconut Road and set second reading/hearing for January 8, 20",,,Detected,,Ordinance No. 2019-30,,4406 And 4410 Coconut Road,"4406 And 4410 Coconut Road, Estero, FL",26.398566005006,-81.82671497661,0.98,,20191204 Council Meeting Approved Minutes.pdf,https://estero-fl.gov/wp-content/uploads/library-ada/minutes/2019%20MINUTES/Council/20191204%20Council%20Meeting%20Approved%20Minutes.pdf,AgendaItemLocation
"Planning, Design and Permitting Services for River Ranch Road Improvements CN 2019-04",Village Council,Regular Meeting,Village Council,2019-12-04,2019-12-04,2019,Accepted,495,6,Vote,infrastructure,"Planning, Design and Permitting Services for River Ranch Road Improvements CN 2019-04","Planning, Design and Permitting Services for River Ranch Road Improvements CN 2019-04. Action: 1) Approved consultants ranking for River Ranch Road Improvements as follows",1) Approved consultants ranking for River Ranch Road Improvements as follows,1) Approved consultants ranking for River Ranch Road Improvements as follows,1) Approved consultants ranking for River Ranch Road Improvements as follows,,,Detected,,CN 2019-04,,"River Ranch Road from Williams Road to Corkscrew Road, Estero, FL","River Ranch Road from Williams Road to Corkscrew Road, Estero, FL",26.425785502152,-81.794620501714,0.95,,20191204 Council Meeting Approved Minutes.pdf,https://estero-fl.gov/wp-content/uploads/library-ada/minutes/2019%20MINUTES/Council/20191204%20Council%20Meeting%20Approved%20Minutes.pdf,AgendaItemLocation
"Consider a Lien Mitigation Request from Celedonio Varela Relating to his Property at 8401 Mockingbird Lane, Located at the Comer of Highlands Avenue and Mockingbird Lane, just East ofEstero United Methodist Church",Village Council,Regular Meeting,Village Council,2019-12-04,2019-12-04,2019,Accepted,494,5,Vote,institutional,"Consider a Lien Mitigation Request from Celedonio Varela Relating to his Property at 8401 Mockingbird Lane, Located at the Comer of Highlands Avenue and Mockingbird Lane, just East ofEstero United Methodist Church","Consider a Lien Mitigation Request from Celedonio Varela Relating to his Property at 8401 Mockingbird Lane, Located at the Comer of Highlands Avenue and Mockingbird Lane, just East ofEstero United Methodist Church. Action: 1) Approved consultants ranking for Via Coconut Point Landscape Improvements as follows",1) Approved consultants ranking for Via Coconut Point Landscape Improvements as follows,1) Approved consultants ranking for Via Coconut Point Landscape Improvements as follows,1) Approved consultants ranking for Via Coconut Point Landscape Improvements as follows,,,Detected,Celedonio Varela Relating to his Property at 8401 Mockingbird Lane,,,8401 Mockingbird Lane,"8401 Mockingbird Lane, Estero, FL",26.440972861108,-81.808387526222,1.0,,20191204 Council Meeting Approved Minutes.pdf,https://estero-fl.gov/wp-content/uploads/library-ada/minutes/2019%20MINUTES/Council/20191204%20Council%20Meeting%20Approved%20Minutes.pdf,AgendaItemLocation
"Consider a Lien Mitigation Request from Celedonio Varela Relating to his Property at 8401 Mockingbird Lane, Located at the Comer of Highlands Avenue and Mockingbird Lane, just East ofEstero United Methodist Church",Village Council,Regular Meeting,Village Council,2019-12-04,2019-12-04,2019,Accepted,493,4,Unknown,institutional,"Consider a Lien Mitigation Request from Celedonio Varela Relating to his Property at 8401 Mockingbird Lane, Located at the Comer of Highlands Avenue and Mockingbird Lane, just East ofEstero United Methodist Church","Consider a Lien Mitigation Request from Celedonio Varela Relating to his Property at 8401 Mockingbird Lane, Located at the Comer of Highlands Avenue and Mockingbird Lane, just East ofEstero United Methodist Church. Action: Postponed the request until the property owner is available to provide information",Postponed the request until the property owner is available to provide information,Postponed the request until the property owner is available to provide information,,,,See minutes,Celedonio Varela Relating to his Property at 8401 Mockingbird Lane,,,8401 Mockingbird Lane,"8401 Mockingbird Lane, Estero, FL",26.440972861108,-81.808387526222,1.0,,20191204 Council Meeting Approved Minutes.pdf,https://estero-fl.gov/wp-content/uploads/library-ada/minutes/2019%20MINUTES/Council/20191204%20Council%20Meeting%20Approved%20Minutes.pdf,AgendaItemLocation
Williams Road Improvements,Village Council,Regular Meeting,Village Council,2019-12-04,2019-12-04,2019,Accepted,492,3,Vote,infrastructure,"Consider a Lien Mitigation Request from James Walsh and Joseph Groff Relating to Their Property at 3548 Cherry Blossom Court #201, Located in the Meadows Development on the North Side of Williams Road and West of US 41","Consider a Lien Mitigation Request from James Walsh and Joseph Groff Relating to Their Property at 3548 Cherry Blossom Court #201, Located in the Meadows Development on the North Side of Williams Road and West of US 41. Action: Approved the lien mitigation request releasing any outstanding liens against the Property in exchange for payment of a reduced fine of $2,000.00 and $202.15 for administrative costs","Approved the lien mitigation request releasing any outstanding liens against the Property in exchange for payment of a reduced fine of $2,000.00 and $202.15 for administrative costs","Approved the lien mitigation request releasing any outstanding liens against the Property in exchange for payment of a reduced fine of $2,000.00 and $202.15 for administrative costs","Approved the lien mitigation request releasing any outstanding liens against the Property in exchange for payment of a reduced fine of $2,000.00 and $202.15 for administrative costs",,,Detected,,,,3548 Cherry Blossom Court,"3548 Cherry Blossom Court, Estero, FL",26.423086089279,-81.815166055139,1.0,,20191204 Council Meeting Approved Minutes.pdf,https://estero-fl.gov/wp-content/uploads/library-ada/minutes/2019%20MINUTES/Council/20191204%20Council%20Meeting%20Approved%20Minutes.pdf,AgendaItemLocation
Consider Lien Mitigation Request from Joseph Bmce Relating to his Property at 20511 Port Drive in the Village ofEstero,Village Council,Regular Meeting,Village Council,2019-10-16,2019-10-16,2019,Accepted,480,6,Vote,other,Consider Lien Mitigation Request from Joseph Bmce Relating to his Property at 20511 Port Drive in the Village ofEstero,"Consider Lien Mitigation Request from Joseph Bmce Relating to his Property at 20511 Port Drive in the Village ofEstero. Action: Approved the lien mitigation request from Mr. Brace releasing any outstanding liens against the Property in exchange for payment of a reduced fine of $2,000 and $90 for administrative cost","Approved the lien mitigation request from Mr. Brace releasing any outstanding liens against the Property in exchange for payment of a reduced fine of $2,000 and $90 for administrative cost","Approved the lien mitigation request from Mr. Brace releasing any outstanding liens against the Property in exchange for payment of a reduced fine of $2,000 and $90 for administrative cost","Approved the lien mitigation request from Mr. Brace releasing any outstanding liens against the Property in exchange for payment of a reduced fine of $2,000 and $90 for administrative cost",,,Detected,Joseph Bmce Relating to his Property at 20511 Port Drive,,,20511 Port Drive,"20511 Port Drive, Estero, FL",26.441797347014,-81.824373072863,1.0,,20191016 Council Meeting Approved Minutes.pdf,https://estero-fl.gov/wp-content/uploads/library-ada/minutes/2019%20MINUTES/Council/20191016%20Council%20Meeting%20Approved%20Minutes.pdf,AgendaItemLocation
Consider Lien Mitigation Request from Joseph Bmce Relating to his Property at 20511 Port Drive in the Village ofEstero,Village Council,Regular Meeting,Village Council,2019-10-16,2019-10-16,2019,Accepted,479,5,Vote,other,Consider Lien Mitigation Request from Joseph Bmce Relating to his Property at 20511 Port Drive in the Village ofEstero,Consider Lien Mitigation Request from Joseph Bmce Relating to his Property at 20511 Port Drive in the Village ofEstero. Action: Motion failed,Motion failed,Motion failed,Motion failed,,,Detected,Joseph Bmce Relating to his Property at 20511 Port Drive,,,20511 Port Drive,"20511 Port Drive, Estero, FL",26.441797347014,-81.824373072863,1.0,,20191016 Council Meeting Approved Minutes.pdf,https://estero-fl.gov/wp-content/uploads/library-ada/minutes/2019%20MINUTES/Council/20191016%20Council%20Meeting%20Approved%20Minutes.pdf,AgendaItemLocation
Budget / Capital Improvement,Village Council,Regular Meeting,Village Council,2019-09-18,2019-09-18,2019,Accepted,464,5,Contract Approval,open_space,"Approval and Award ofRFB 2019-06 Estero Parkway Roadway and Landscape Improvements and if, applicable, approve Resolution No. 2019-20 A Resolution of the Village Council of the Village ofEstero, Florida approving the second budget amendment for fi...","Approval and Award ofRFB 2019-06 Estero Parkway Roadway and Landscape Improvements and if, applicable, approve Resolution No. 2019-20 A Resolution of the Village Council of the Village ofEstero, Florida approving the second budget amendment for fiscal yea. Action: Approved Option 2: Approved award of Request for Bids No. RFB 2019-06; Estero Parkway Roadway and Landscape Improvements to Cougar Contracting LLC at a Grand Total Cost of $7,262,0","Approved Option 2: Approved award of Request for Bids No. RFB 2019-06; Estero Parkway Roadway and Landscape Improvements to Cougar Contracting LLC at a Grand Total Cost of $7,262,0","Approved Option 2: Approved award of Request for Bids No. RFB 2019-06; Estero Parkway Roadway and Landscape Improvements to Cougar Contracting LLC at a Grand Total Cost of $7,262,0","Approved Option 2: Approved award of Request for Bids No. RFB 2019-06; Estero Parkway Roadway and Landscape Improvements to Cougar Contracting LLC at a Grand Total Cost of $7,262,0",,,Detected,,RFB 2019-06,,"Estero Parkway from US 41 to Three Oaks Parkway, Estero, FL","Estero Parkway from US 41 to Three Oaks Parkway, Estero, FL",26.448792003304,-81.803409304378,0.95,,2019-09-18 Council Meeting Approved Minutes.pdf,https://estero-fl.gov/wp-content/uploads/library-ada/minutes/2019%20MINUTES/Council/2019-09-18%20Council%20Meeting%20Approved%20Minutes.pdf,AgendaItemLocation
Budget / Capital Improvement,Village Council,Regular Meeting,Village Council,2019-09-18,2019-09-18,2019,Accepted,463,4,Vote,open_space,"Approval and Award ofRFB 2019-06 Estero Parkway Roadway and Landscape Improvements and if, applicable, approve Resolution No. 2019-20 A Resolution of the Village Council of the Village ofEstero, Florida approving the second budget amendment for fi...","Approval and Award ofRFB 2019-06 Estero Parkway Roadway and Landscape Improvements and if, applicable, approve Resolution No. 2019-20 A Resolution of the Village Council of the Village ofEstero, Florida approving the second budget amendment for fiscal yea. Action: Motion failed",Motion failed,Motion failed,Motion failed,,,Detected,,Resolution No. 2019-20,,"Estero Parkway from US 41 to Three Oaks Parkway, Estero, FL","Estero Parkway from US 41 to Three Oaks Parkway, Estero, FL",26.448792003304,-81.803409304378,0.95,,2019-09-18 Council Meeting Approved Minutes.pdf,https://estero-fl.gov/wp-content/uploads/library-ada/minutes/2019%20MINUTES/Council/2019-09-18%20Council%20Meeting%20Approved%20Minutes.pdf,AgendaItemLocation
Estero River Sedimentation Analysis RFQ 2019-01,Village Council,Regular Meeting,Village Council,2019-07-24,2019-07-24,2019,Accepted,456,5,Contract Approval,open_space,Estero River Sedimentation Analysis RFQ 2019-01,"Estero River Sedimentation Analysis RFQ 2019-01. Action: 1) Approved the contract with Coastal Engineering Consultants, Inc. for the performance of a sedimentation analysis of the Estero River. 2) Authorized the Village Manager to execute an agreement on behalf of the Village of Estero Council","1) Approved the contract with Coastal Engineering Consultants, Inc. for the performance of a sedimentation analysis of the Estero River. 2) Authorized the Village Manager to execute an agreement on behalf of the Village of Estero Council","1) Approved the contract with Coastal Engineering Consultants, Inc. for the performance of a sedimentation analysis of the Estero River. 2) Authorized the Village Manager to execute an agreement on behalf of the Village of Estero Council","1) Approved the contract with Coastal Engineering Consultants, Inc. for the performance of a sedimentation analysis of the Estero River. 2) Authorized the Village Manager to execute an agreement on behalf of the Village of Estero Council",,,Detected,Coastal Engineering Consultants,RFQ 2019-01,,Estero River,"Estero River near Old Estero and Koreshan State Park, Estero, FL",26.4360313,-81.8217353,0.9,,2019-07-24 Council Meeting Approved Minutes.pdf,https://estero-fl.gov/wp-content/uploads/library-ada/minutes/2019%20MINUTES/Council/2019-07-24%20Council%20Meeting%20Approved%20Minutes.pdf,AgendaItemLocation
"Florida Gulf Coast University (FGCU) Estero River Monitoring Contract Note: This topic was addressed prior to Agenda Item 6 (a). Presentation by: Dr. Greg Tolley, Professor of Marine Science and Chair of the Department of Marine and Ecological Sci...",Village Council,Regular Meeting,Village Council,2019-07-10,2019-07-10,2019,Accepted,450,7,Contract Approval,open_space,"Florida Gulf Coast University (FGCU) Estero River Monitoring Contract Note: This topic was addressed prior to Agenda Item 6 (a). Presentation by: Dr. Greg Tolley, Professor of Marine Science and Chair of the Department of Marine and Ecological Sci...","Florida Gulf Coast University (FGCU) Estero River Monitoring Contract Note: This topic was addressed prior to Agenda Item 6 (a). Presentation by: Dr. Greg Tolley, Professor of Marine Science and Chair of the Department of Marine and Ecological Sciences at. Action: 1) Approved the contract with CW3 Engineering, Inc. for the engagement of a consultant to fill the role of Public Works Project Manager. 2) Authorized the Village Manager to execute an agreement on behalf of the Village ofEstero Cou...","1) Approved the contract with CW3 Engineering, Inc. for the engagement of a consultant to fill the role of Public Works Project Manager. 2) Authorized the Village Manager to execute an agreement on behalf of the Village ofEstero Council","1) Approved the contract with CW3 Engineering, Inc. for the engagement of a consultant to fill the role of Public Works Project Manager. 2) Authorized the Village Manager to execute an agreement on behalf of the Village ofEstero Council","1) Approved the contract with CW3 Engineering, Inc. for the engagement of a consultant to fill the role of Public Works Project Manager. 2) Authorized the Village Manager to execute an agreement on behalf of the Village ofEstero Council",,,Detected,CW3 Engineering,,,Estero River,"Estero River near Old Estero and Koreshan State Park, Estero, FL",26.4360313,-81.8217353,0.9,,2019-07-10 Council Meeting Approved Minutes.pdf,https://estero-fl.gov/wp-content/uploads/library-ada/minutes/2019%20MINUTES/Council/2019-07-10%20Council%20Meeting%20Approved%20Minutes.pdf,AgendaItemLocation
"Florida Gulf Coast University (FGCU) Estero River Monitoring Contract Note: This topic was addressed prior to Agenda Item 6 (a). Presentation by: Dr. Greg Tolley, Professor of Marine Science and Chair of the Department of Marine and Ecological Sci...",Village Council,Regular Meeting,Village Council,2019-07-10,2019-07-10,2019,Accepted,449,6,Contract Approval,open_space,"Florida Gulf Coast University (FGCU) Estero River Monitoring Contract Note: This topic was addressed prior to Agenda Item 6 (a). Presentation by: Dr. Greg Tolley, Professor of Marine Science and Chair of the Department of Marine and Ecological Sci...","Florida Gulf Coast University (FGCU) Estero River Monitoring Contract Note: This topic was addressed prior to Agenda Item 6 (a). Presentation by: Dr. Greg Tolley, Professor of Marine Science and Chair of the Department of Marine and Ecological Sciences at. Action: 1) Approved the contract with FGCU to provide water quality monitoring and bacteria/nutrient source identification services. 2) Authorized the Village Manager to execute the contract on behalf of the Village ofEstero Council",1) Approved the contract with FGCU to provide water quality monitoring and bacteria/nutrient source identification services. 2) Authorized the Village Manager to execute the contract on behalf of the Village ofEstero Council,1) Approved the contract with FGCU to provide water quality monitoring and bacteria/nutrient source identification services. 2) Authorized the Village Manager to execute the contract on behalf of the Village ofEstero Council,1) Approved the contract with FGCU to provide water quality monitoring and bacteria/nutrient source identification services. 2) Authorized the Village Manager to execute the contract on behalf of the Village ofEstero Council,,,Detected,FGCU,,,Estero River,"Estero River near Old Estero and Koreshan State Park, Estero, FL",26.4360313,-81.8217353,0.9,,2019-07-10 Council Meeting Approved Minutes.pdf,https://estero-fl.gov/wp-content/uploads/library-ada/minutes/2019%20MINUTES/Council/2019-07-10%20Council%20Meeting%20Approved%20Minutes.pdf,AgendaItemLocation
Design and Permitting Services for Coconut Road Crosswalks and Drainage Improvements CN 2018-05,Village Council,Regular Meeting,Village Council,2019-07-10,2019-07-10,2019,Accepted,448,5,Contract Approval,infrastructure,Design and Permitting Services for Coconut Road Crosswalks and Drainage Improvements CN 2018-05,"Design and Permitting Services for Coconut Road Crosswalks and Drainage Improvements CN 2018-05. Action: 1) Approved the contract with Kisinger Campo & Associates, Corp.to provide professional engineering services to proceed with the design and permitting services work required for the Coconut Road Crosswalks and Drainage Improvements. 2) Authorized the Village Manager to execute the contract on behalf of the Village ofEstero Council","1) Approved the contract with Kisinger Campo & Associates, Corp.to provide professional engineering services to proceed with the design and permitting services work required for the Coconut Road Crosswalks and Drainage Improvements. 2) Authorized the Village Manager to execute the contract on behalf of the Village ofEstero Council","1) Approved the contract with Kisinger Campo & Associates, Corp.to provide professional engineering services to proceed with the design and permitting services work required for the Coconut Road Crosswalks and Drainage Improvements. 2) Authorized the Village Manager to execute the contract on behalf of the Village ofEstero Council","1) Approved the contract with Kisinger Campo & Associates, Corp.to provide professional engineering services to proceed with the design and permitting services work required for the Coconut Road Crosswalks and Drainage Improvements. 2) Authorized the Village Manager to execute the contract on behalf of the Village ofEstero Council",,,Detected,Kisinger Campo & Associates,CN 2018-05,,"Coconut Road from US 41 to Via Coconut Point, Estero, FL","Coconut Road from US 41 to Via Coconut Point, Estero, FL",26.398474495578,-81.808064278126,0.95,,2019-07-10 Council Meeting Approved Minutes.pdf,https://estero-fl.gov/wp-content/uploads/library-ada/minutes/2019%20MINUTES/Council/2019-07-10%20Council%20Meeting%20Approved%20Minutes.pdf,AgendaItemLocation
US 41 Landscape Improvements Construction Engineering and Inspection (CEI) Services CN 2019-01,Village Council,Regular Meeting,Village Council,2019-06-26,2019-06-26,2019,Accepted,443,6,Contract Approval,open_space,US 41 Landscape Improvements Construction Engineering and Inspection (CEI) Services CN 2019-01,"US 41 Landscape Improvements Construction Engineering and Inspection (CEI) Services CN 2019-01. Action: Approved the ranking of firms by the evaluation committee as follows: 1) Tetra Tech, Inc., 2) T.Y. Lin International; authorize the negotiation of a contract with the number one ranked firm Tetra Tech, Inc.; approved compensation under the contract up to a not-to-exceed expenditure amount of $143,000; and, authorized the Village Manager to execute the final negotiated contract on behalf of...","Approved the ranking of firms by the evaluation committee as follows: 1) Tetra Tech, Inc., 2) T.Y. Lin International; authorize the negotiation of a contract with the number one ranked firm Tetra Tech, Inc.; approved compensation under the contract up to a not-to-exceed expenditure amount of $143,000; and, authorized the Village Manager to execute the final negotiated contract on behalf of the Village ofEstero Council","Approved the ranking of firms by the evaluation committee as follows: 1) Tetra Tech, Inc., 2) T.Y. Lin International; authorize the negotiation of a contract with the number one ranked firm Tetra Tech, Inc.; approved compensation under the contract up to a not-to-exceed expenditure amount of $143,000; and, authorized the Village Manager to execute the final negotiated contract on behalf of the Village ofEstero Council","Approved the ranking of firms by the evaluation committee as follows: 1) Tetra Tech, Inc., 2) T.Y. Lin International; authorize the negotiation of a contract with the number one ranked firm Tetra Tech, Inc.; approved compensation under the contract up to a not-to-exceed expenditure amount of $143,000; and, authorized the Village Manager to execute the final negotiated contract on behalf of the Village ofEstero Council",,,Detected,,CN 2019-01,,US 41 / Tamiami Trail,"US 41 from Williams Road to Estero Parkway, Estero, FL",26.434255,-81.814695788461,0.9,,2019-06-26 Council Meeting Approved Minutes.pdf,https://estero-fl.gov/wp-content/uploads/library-ada/minutes/2019%20MINUTES/Council/2019-06-26%20Council%20Meeting%20Approved%20Minutes.pdf,AgendaItemLocation
Estero Parkway Improvements,Village Council,Regular Meeting,Village Council,2019-06-26,2019-06-26,2019,Accepted,442,5,Contract Approval,infrastructure,Construction Engineering Inspection (CEI) Services - Estero Parkway,"Construction Engineering Inspection (CEI) Services - Estero Parkway. Action: Approved Supplemental Task Authorization (STA)-3 under CN 2018-02 Miscellaneous Professional Services to Kisinger Campo & Associates, Corp. to perform a suite of construction, engineering and inspection (CE","Approved Supplemental Task Authorization (STA)-3 under CN 2018-02 Miscellaneous Professional Services to Kisinger Campo & Associates, Corp. to perform a suite of construction, engineering and inspection (CE","Approved Supplemental Task Authorization (STA)-3 under CN 2018-02 Miscellaneous Professional Services to Kisinger Campo & Associates, Corp. to perform a suite of construction, engineering and inspection (CE","Approved Supplemental Task Authorization (STA)-3 under CN 2018-02 Miscellaneous Professional Services to Kisinger Campo & Associates, Corp. to perform a suite of construction, engineering and inspection (CE",,,Detected,,CN 2018-02,,Estero Parkway,"Estero Parkway from US 41 to Three Oaks Parkway, Estero, FL",26.448792003304,-81.803409304378,0.9,,2019-06-26 Council Meeting Approved Minutes.pdf,https://estero-fl.gov/wp-content/uploads/library-ada/minutes/2019%20MINUTES/Council/2019-06-26%20Council%20Meeting%20Approved%20Minutes.pdf,AgendaItemLocation
"Joint Participation Agreement (JPA) with State of Florida, Department of Transportation Resolution No. 2019-05 A Resolution of the Village Council of the Village of Estero, Florida, Approving the Joint Participation Agreement (JPA) for the US 41 L...",Village Council,Regular Meeting,Village Council,2019-06-05,2019-06-05,2019,Accepted,437,5,Resolution,open_space,"Joint Participation Agreement (JPA) with State of Florida, Department of Transportation Resolution No. 2019-05 A Resolution of the Village Council of the Village of Estero, Florida, Approving the Joint Participation Agreement (JPA) for the US 41 L...","Joint Participation Agreement (JPA) with State of Florida, Department of Transportation Resolution No. 2019-05 A Resolution of the Village Council of the Village of Estero, Florida, Approving the Joint Participation Agreement (JPA) for the US 41 Landscape. Action: Adopted Resolution No. 2019-05 approving the Joint Participation Agreement (JP",Adopted Resolution No. 2019-05 approving the Joint Participation Agreement (JP,Adopted Resolution No. 2019-05 approving the Joint Participation Agreement (JP,Adopted Resolution No. 2019-05 approving the Joint Participation Agreement (JP,,,Detected,State of Florida,Resolution No. 2019-05,,US 41 / Tamiami Trail,"US 41 from Williams Road to Estero Parkway, Estero, FL",26.434255,-81.814695788461,0.9,,2019-06-05 Council Meeting Approved Minutes.pdf,https://estero-fl.gov/wp-content/uploads/library-ada/minutes/2019%20MINUTES/Council/2019-06-05%20Council%20Meeting%20Approved%20Minutes.pdf,AgendaItemLocation
"APPROVAL OF AGENDA, ADDITIONS, AND DELETIONS",Village Council,Regular Meeting,Village Council,2019-02-20,2019-02-20,2019,Accepted,392,1,Contract Approval,infrastructure,"APPROVAL OF AGENDA, ADDITIONS, AND DELETIONS","APPROVAL OF AGENDA, ADDITIONS, AND DELETIONS. Action: Motion to approve Supplemental Task Authorization (STA)-1 under CN 2018-02 Miscellaneous Professional Services to AIM Engineering & Surveying, Inc. to perform a suite of design services for the Williams Road & Atlantic Gulf Boulevard Intersection Improvements Project. Financial Impact: The Village of Estero will pay up to $79,275.08 for the proposed services","Motion to approve Supplemental Task Authorization (STA)-1 under CN 2018-02 Miscellaneous Professional Services to AIM Engineering & Surveying, Inc. to perform a suite of design services for the Williams Road & Atlantic Gulf Boulevard Intersection Improvements Project. Financial Impact: The Village of Estero will pay up to $79,275.08 for the proposed services","Motion to approve Supplemental Task Authorization (STA)-1 under CN 2018-02 Miscellaneous Professional Services to AIM Engineering & Surveying, Inc. to perform a suite of design services for the Williams Road & Atlantic Gulf Boulevard Intersection Improvements Project. Financial Impact: The Village of Estero will pay up to $79,275.08 for the proposed services","Motion to approve Supplemental Task Authorization (STA)-1 under CN 2018-02 Miscellaneous Professional Services to AIM Engineering & Surveying, Inc. to perform a suite of design services for the Williams Road & Atlantic Gulf Boulevard Intersection Improvements Project. Financial Impact: The Village of Estero will pay up to $79,275.08 for the proposed services",,,Detected,,CN 2018-02,,"Williams Road & Atlantic Gulf Boulevard, Estero, FL","Williams Road & Atlantic Gulf Boulevard, Estero, FL",26.420304009887,-81.812656010414,1.0,null,2019-02-20 Council Meeting Approved Minutes.pdf,https://estero-fl.gov/wp-content/uploads/library-ada/minutes/2019%20MINUTES/Council/2019-02-20%20Council%20Meeting%20Approved%20Minutes.pdf,AgendaItemLocation
Williams Road Improvements,Village Council,Regular Meeting,Village Council,2019-02-06,2019-02-06,2019,Accepted,391,5,Contract Approval,infrastructure,Design and Permitting Services for Williams Road at Estero High School Turn Lane Improvements CN 2018-04 Recommended,"Design and Permitting Services for Williams Road at Estero High School Turn Lane Improvements CN 2018-04 Recommended. Action: Approve Supplemental Task Authorization (STA) -1 under CN 2018-02 Miscellaneous Professional Services to Stantec Consulting Services, Inc. to perform a suite of design and permitting services for the Corkscrew Road Traffic Signal Design Project Public Works Director Willems provided information and explanation. Questions or Comments: Councilmembers asked how long the p...","Approve Supplemental Task Authorization (STA) -1 under CN 2018-02 Miscellaneous Professional Services to Stantec Consulting Services, Inc. to perform a suite of design and permitting services for the Corkscrew Road Traffic Signal Design Project Public Works Director Willems provided information and explanation. Questions or Comments: Councilmembers asked how long the project would take","Approve Supplemental Task Authorization (STA) -1 under CN 2018-02 Miscellaneous Professional Services to Stantec Consulting Services, Inc. to perform a suite of design and permitting services for the Corkscrew Road Traffic Signal Design Project Public Works Director Willems provided information and explanation. Questions or Comments: Councilmembers asked how long the project would take",,,,,,CN 2018-04,,"Williams Road at Estero High School, Estero, FL","Williams Road at Estero High School, Estero, FL",26.422301,-81.798178,1.0,null,2019-02-06 Council Meeting Approved Minutes.pdf,https://estero-fl.gov/wp-content/uploads/library-ada/minutes/2019%20MINUTES/Council/2019-02-06%20Council%20Meeting%20Approved%20Minutes.pdf,AgendaItemLocation
Williams Road Improvements,Village Council,Regular Meeting,Village Council,2019-02-06,2019-02-06,2019,Accepted,390,4,Consent Agenda,institutional,Design and Permitting Services for Williams Road at Estero High School Turn Lane Improvements CN 2018-04 Recommended,Design and Permitting Services for Williams Road at Estero High School Turn Lane Improvements CN 2018-04 Recommended. Action: Approved the Consent Agenda,Approved the Consent Agenda,Approved the Consent Agenda,Approved the Consent Agenda,,,Unanimous,,CN 2018-04,,"Williams Road at Estero High School, Estero, FL","Williams Road at Estero High School, Estero, FL",26.422301,-81.798178,1.0,null,2019-02-06 Council Meeting Approved Minutes.pdf,https://estero-fl.gov/wp-content/uploads/library-ada/minutes/2019%20MINUTES/Council/2019-02-06%20Council%20Meeting%20Approved%20Minutes.pdf,AgendaItemLocation
"APPROVAL OF AGENDA, ADDITIONS, AND DELETIONS",Village Council,Regular Meeting,Village Council,2019-02-06,2019-02-06,2019,Accepted,389,3,Contract Approval,institutional,"APPROVAL OF AGENDA, ADDITIONS, AND DELETIONS","APPROVAL OF AGENDA, ADDITIONS, AND DELETIONS. Action: 1) Approve the contract with Hole Montes, Inc. to provide professional engineering services to proceed with the design and permitting services work required for the Williams Road at Estero High School Turn Lane Improvements. 2) Authorize the Village Manager to execute the contract on behalf of the Council. Questions or Comments: None","1) Approve the contract with Hole Montes, Inc. to provide professional engineering services to proceed with the design and permitting services work required for the Williams Road at Estero High School Turn Lane Improvements. 2) Authorize the Village Manager to execute the contract on behalf of the Council. Questions or Comments: None","1) Approve the contract with Hole Montes, Inc. to provide professional engineering services to proceed with the design and permitting services work required for the Williams Road at Estero High School Turn Lane Improvements. 2) Authorize the Village Manager to execute the contract on behalf of the Council. Questions or Comments: None",,,,,Hole Montes,,,"Williams Road at Estero High School, Estero, FL","Williams Road at Estero High School, Estero, FL",26.422301,-81.798178,1.0,null,2019-02-06 Council Meeting Approved Minutes.pdf,https://estero-fl.gov/wp-content/uploads/library-ada/minutes/2019%20MINUTES/Council/2019-02-06%20Council%20Meeting%20Approved%20Minutes.pdf,AgendaItemLocation
Lien Removal Request on Property Located at 9870 Horne Lane Village Attorney Saunders explained that this item is to remove a lien that was in error. Council approval is required to remove the lien. Community Development Director Gibbs added furth...,Village Council,Regular Meeting,Village Council,2019-01-09,2019-01-09,2019,Accepted,383,2,Unknown,other,Lien Removal Request on Property Located at 9870 Horne Lane Village Attorney Saunders explained that this item is to remove a lien that was in error. Council approval is required to remove the lien. Community Development Director Gibbs added furth...,Lien Removal Request on Property Located at 9870 Horne Lane Village Attorney Saunders explained that this item is to remove a lien that was in error. Council approval is required to remove the lien. Community Development Director Gibbs added further infor. Action: Move to approve removal of lien,Move to approve removal of lien,Move to approve removal of lien,,,,Unanimous,,,,9870 Horne Lane,"9870 Horne Lane, Estero, FL",26.426140245249,-81.790456958949,1.0,null,2019-01-09 Council Meeting Approved Minutes.pdf,https://estero-fl.gov/wp-content/uploads/library-ada/minutes/2019%20MINUTES/Council/2019-01-09%20Council%20Meeting%20Approved%20Minutes.pdf,AgendaItemLocation
General Planning & Zoning,Village Council,Regular Meeting,Village Council,2017-12-06,2017-12-06,2017,Accepted,379,5,Contract Approval,other,Estero Village Hall 2nd Floor Remodel RFB 2017-01 Bid Award,"Estero Village Hall 2nd Floor Remodel RFB 2017-01 Bid Award. Action: Approved the contract with OneSource Construction Company & Builders, Inc. in the amount of$155,667.76 for the labor, materials, and required ancillaries to provide a turnkey remodel of the 2nd floor of the Estero Village Hall under RFB 2017-01 and authorized the Village Manager to sign the contract","Approved the contract with OneSource Construction Company & Builders, Inc. in the amount of$155,667.76 for the labor, materials, and required ancillaries to provide a turnkey remodel of the 2nd floor of the Estero Village Hall under RFB 2017-01 and authorized the Village Manager to sign the contract","Approved the contract with OneSource Construction Company & Builders, Inc. in the amount of$155,667.76 for the labor, materials, and required ancillaries to provide a turnkey remodel of the 2nd floor of the Estero Village Hall under RFB 2017-01 and authorized the Village Manager to sign the contract","Approved the contract with OneSource Construction Company & Builders, Inc. in the amount of$155,667.76 for the labor, materials, and required ancillaries to provide a turnkey remodel of the 2nd floor of the Estero Village Hall under RFB 2017-01 and authorized the Village Manager to sign the contract",,,Unanimous,OneSource Construction Company & Builders,RFB 2017-01,,Estero Village Hall,"9401 Corkscrew Palms Circle, Estero, FL 33928",26.430490662544,-81.799280001688,1.0,DR/GR,120617 Council Meeting Approved Minutes.pdf,https://estero-fl.gov/wp-content/uploads/library-ada/minutes/2017%20Minutes/Council/120617%20Council%20Meeting%20Approved%20Minutes.pdf,AgendaItemLocation
Estero Parkway Improvements,Village Council,Regular Meeting,Village Council,2017-11-15,2017-11-15,2017,Accepted,373,6,Contract Approval,open_space,Estero Parkway Roadway/Landscape Design & Estero Roadways Landscape Master Plan CN 2017-01,"Estero Parkway Roadway/Landscape Design & Estero Roadways Landscape Master Plan CN 2017-01. Action: Approved the contract with Agnoli, Barber and Brundage, Inc. as recommended, utilizing the A-1 alternative","Approved the contract with Agnoli, Barber and Brundage, Inc. as recommended, utilizing the A-1 alternative","Approved the contract with Agnoli, Barber and Brundage, Inc. as recommended, utilizing the A-1 alternative","Approved the contract with Agnoli, Barber and Brundage, Inc. as recommended, utilizing the A-1 alternative",,,Unanimous,Agnoli,CN 2017-01,,"Estero Parkway from US 41 to Three Oaks Parkway, Estero, FL","Estero Parkway from US 41 to Three Oaks Parkway, Estero, FL",26.448792003304,-81.803409304378,0.95,,111517 Council Meeting Approved Minutes.pdf,https://estero-fl.gov/wp-content/uploads/library-ada/minutes/2017%20Minutes/Council/111517%20Council%20Meeting%20Approved%20Minutes.pdf,AgendaItemLocation
Estero Parkway Improvements,Village Council,Regular Meeting,Village Council,2017-11-15,2017-11-15,2017,Accepted,372,5,Vote,open_space,Estero Parkway Roadway/Landscape Design & Estero Roadways Landscape Master Plan CN 2017-01,Estero Parkway Roadway/Landscape Design & Estero Roadways Landscape Master Plan CN 2017-01. Action: Councilmember Levitan withdrew the motion,Councilmember Levitan withdrew the motion,Councilmember Levitan withdrew the motion,Councilmember Levitan withdrew the motion,,,Detected,,CN 2017-01,,"Estero Parkway from US 41 to Three Oaks Parkway, Estero, FL","Estero Parkway from US 41 to Three Oaks Parkway, Estero, FL",26.448792003304,-81.803409304378,0.95,,111517 Council Meeting Approved Minutes.pdf,https://estero-fl.gov/wp-content/uploads/library-ada/minutes/2017%20Minutes/Council/111517%20Council%20Meeting%20Approved%20Minutes.pdf,AgendaItemLocation
"Resolution No. 2017-31 A Resolution of the Village Council of the Village of Estero, Florida, Supporting the Designation of the Coach Jeff Sommer Memorial Highway on U.S. 41 from the North Boundary to the South Boundary of the Village of Estero; a...",Village Council,Regular Meeting,Village Council,2017-11-15,2017-11-15,2017,Accepted,369,2,Consent Agenda,open_space,"Resolution No. 2017-31 A Resolution of the Village Council of the Village of Estero, Florida, Supporting the Designation of the Coach Jeff Sommer Memorial Highway on U.S. 41 from the North Boundary to the South Boundary of the Village of Estero; a...","Resolution No. 2017-31 A Resolution of the Village Council of the Village of Estero, Florida, Supporting the Designation of the Coach Jeff Sommer Memorial Highway on U.S. 41 from the North Boundary to the South Boundary of the Village of Estero; and Provi. Action: Approved the Consent Agenda",Approved the Consent Agenda,Approved the Consent Agenda,Approved the Consent Agenda,,,Unanimous,,Resolution No. 2017-31,,US 41 / Tamiami Trail,"US 41 from Williams Road to Estero Parkway, Estero, FL",26.434255,-81.814695788461,0.9,,111517 Council Meeting Approved Minutes.pdf,https://estero-fl.gov/wp-content/uploads/library-ada/minutes/2017%20Minutes/Council/111517%20Council%20Meeting%20Approved%20Minutes.pdf,AgendaItemLocation
Estero Parkway Improvements,Village Council,Regular Meeting,Village Council,2017-09-20,2017-09-20,2017,Accepted,341,7,Unknown,open_space,Approve Ranking of Consultants and Authorize the Contract Negotiations for CN 2017-01 Estero Parkway Roadway/Landscape Design & Estero Roadways Landscape Master Plan,Approve Ranking of Consultants and Authorize the Contract Negotiations for CN 2017-01 Estero Parkway Roadway/Landscape Design & Estero Roadways Landscape Master Plan. Action: Tabled until the next meeting,Tabled until the next meeting,Tabled until the next meeting,,,,,,CN 2017-01,,"Estero Parkway from US 41 to Three Oaks Parkway, Estero, FL","Estero Parkway from US 41 to Three Oaks Parkway, Estero, FL",26.448792003304,-81.803409304378,0.95,DR/GR,092017 Council Meeting Approved Minutes.pdf,https://estero-fl.gov/wp-content/uploads/library-ada/minutes/2017%20Minutes/Council/092017%20Council%20Meeting%20Approved%20Minutes.pdf,AgendaItemLocation
Interlocal Agreement with Estero Fire Rescue for Fire Services,Village Council,Emergency Meeting,Village Council,2017-09-06,2017-09-06,2017,Accepted,333,5,Contract Approval,institutional,Interlocal Agreement with Estero Fire Rescue for Fire Services,Interlocal Agreement with Estero Fire Rescue for Fire Services. Action: Approved the Interlocal Agreement with Estero Fire Rescue for fire services,Approved the Interlocal Agreement with Estero Fire Rescue for fire services,Approved the Interlocal Agreement with Estero Fire Rescue for fire services,Approved the Interlocal Agreement with Estero Fire Rescue for fire services,,,Unanimous,Estero Fire Rescue,,,Estero Fire Rescue,"21500 Three Oaks Parkway, Estero, FL 33928",26.426449705114,-81.788771609677,1.0,,090617 Council Special Emergency Meeting Approved Minutes.pdf,https://estero-fl.gov/wp-content/uploads/library-ada/minutes/2017%20Minutes/Council/090617%20Council%20Special%20Emergency%20Meeting%20Approved%20Minutes.pdf,AgendaItemLocation
Williams Road Improvements,Village Council,Zoning Hearing,Public Hearing,2017-07-26,2017-07-26,2017,Accepted,314,1,Ordinance,infrastructure,Approved second reading and adopt Ordinance No. 2017-02 Approving Zoning and DRI Developme,"Approved second reading and adopt Ordinance No. 2017-02 Approving Zoning and DRI Development Order Amendments for the Coconut Point Mixed Use Planned Development and Development of Regional Impact for Property Bounded by US 41 on the West, Williams Road on the North, Seminole Gulf Railroad Right-of-Way on the East and the Southern Boundary for the Village of Estero Limits, subject to all conditions and revisions, as stated in the ordinance. The conditions and deviations include, but are not l...","Approved second reading and adopt Ordinance No. 2017-02 Approving Zoning and DRI Development Order Amendments for the Coconut Point Mixed Use Planned Development and Development of Regional Impact for Property Bounded by US 41 on the West, Williams Road on the North, Seminole Gulf Railroad Right-of-Way on the East and the Southern Boundary for the Village of Estero Limits, subject to all conditions and revisions, as stated in the ordinance. The conditions and deviations include, but are not limited to, an easement for public use of the lake which would include a pedestrian path and observation deck; enhanced landscaping in the median and roundabout in accordance with the Village's landscape design standards; a northbound right tum lane into the property; one point of ingress and egress, and the Village reserves the right to close or modify the Via CoconutNia Villagio entrance median opening if determined for traffic safety purposes. Village Council Meeting Final Action Agenda/Minute...","Approved second reading and adopt Ordinance No. 2017-02 Approving Zoning and DRI Development Order Amendments for the Coconut Point Mixed Use Planned Development and Development of Regional Impact for Property Bounded by US 41 on the West, Williams Road on the North, Seminole Gulf Railroad Right-of-Way on the East and the Southern Boundary for the Village of Estero Limits, subject to all conditions and revisions, as stated in the ordinance. The conditions and deviations include, but are not limited to, an easement for public use of the lake which would include a pedestrian path and observation deck; enhanced landscaping in the median and roundabout in accordance with the Village's landscape design standards; a northbound right tum lane into the property; one point of ingress and egress, and the Village reserves the right to close or modify the Via CoconutNia Villagio entrance median opening if determined for traffic safety purposes. Village Council Meeting Final Action Agenda/Minute...","Approved second reading and adopt Ordinance No. 2017-02 Approving Zoning and DRI Development Order Amendments for the Coconut Point Mixed Use Planned Development and Development of Regional Impact for Property Bounded by US 41 on the West, Williams Road on the North, Seminole Gulf Railroad Right-of-Way on the East and the Southern Boundary for the Village of Estero Limits, subject to all conditions and revisions, as stated in the ordinance. The conditions and deviations include, but are not limited to, an easement for public use of the lake which would include a pedestrian path and observation deck; enhanced landscaping in the median and roundabout in accordance with the Village's landscape design standards; a northbound right tum lane into the property; one point of ingress and egress, and the Village reserves the right to close or modify the Via CoconutNia Villagio entrance median opening if determined for traffic safety purposes. Village Council Meeting Final Action Agenda/Minute...",,,Unanimous,,Ordinance No. 2017-02,,Coconut Point,"Coconut Point, Estero, FL",26.4038818,-81.8077365,0.9,,072617 Zoning and DRI Development Order Hearing Approved Minutes.pdf,https://estero-fl.gov/wp-content/uploads/library-ada/minutes/2017%20Minutes/Council/072617%20Zoning%20and%20DRI%20Development%20Order%20Hearing%20Approved%20Minutes.pdf,AgendaItemLocation
General Planning & Zoning,Village Council,Regular Meeting,Village Council,2017-06-21,2017-06-21,2017,Accepted,303,7,Vote,other,Request for Quotation RFQ 2017-01 for Estero Village Hall 2nd Floor Remodel,"Request for Quotation RFQ 2017-01 for Estero Village Hall 2nd Floor Remodel. Action: Approved release ofRFQ 2017-01, which solicits proposals for the Estero Village Hall 2nd Floor Remodel","Approved release ofRFQ 2017-01, which solicits proposals for the Estero Village Hall 2nd Floor Remodel","Approved release ofRFQ 2017-01, which solicits proposals for the Estero Village Hall 2nd Floor Remodel","Approved release ofRFQ 2017-01, which solicits proposals for the Estero Village Hall 2nd Floor Remodel",,,Unanimous,,RFQ 2017-01,,Estero Village Hall,"9401 Corkscrew Palms Circle, Estero, FL 33928",26.430490662544,-81.799280001688,1.0,,062117 Council Meeting Approved Minutes.pdf,https://estero-fl.gov/wp-content/uploads/library-ada/minutes/2017%20Minutes/Council/062117%20Council%20Meeting%20Approved%20Minutes.pdf,AgendaItemLocation
Estero Parkway Improvements,Village Council,Regular Meeting,Village Council,2017-06-21,2017-06-21,2017,Accepted,302,6,Vote,open_space,Competitive Negotiation CN 2017-01 Estero Parkway Roadway and Landscape Design,"Competitive Negotiation CN 2017-01 Estero Parkway Roadway and Landscape Design. Action: Approved release of CN 2017-01, which solicits proposals for the Estero Parkway Roadway and Landscape Design","Approved release of CN 2017-01, which solicits proposals for the Estero Parkway Roadway and Landscape Design","Approved release of CN 2017-01, which solicits proposals for the Estero Parkway Roadway and Landscape Design","Approved release of CN 2017-01, which solicits proposals for the Estero Parkway Roadway and Landscape Design",,,Unanimous,,CN 2017-01,,"Estero Parkway from US 41 to Three Oaks Parkway, Estero, FL","Estero Parkway from US 41 to Three Oaks Parkway, Estero, FL",26.448792003304,-81.803409304378,0.95,,062117 Council Meeting Approved Minutes.pdf,https://estero-fl.gov/wp-content/uploads/library-ada/minutes/2017%20Minutes/Council/062117%20Council%20Meeting%20Approved%20Minutes.pdf,AgendaItemLocation
"Ordinance No. 2017-02 An Ordinance of the Village Council of the Village ofEstero, Florida, (Approving) (Denying) Zoning and DRI Development Order Amendments for the Coconut Point Mixed Use Planned Development and Development of Regional Impact fo...",Village Council,Regular Meeting,Village Council,2017-06-21,2017-06-21,2017,Accepted,300,4,Ordinance,mixed_use,"Ordinance No. 2017-02 An Ordinance of the Village Council of the Village ofEstero, Florida, (Approving) (Denying) Zoning and DRI Development Order Amendments for the Coconut Point Mixed Use Planned Development and Development of Regional Impact fo...","Ordinance No. 2017-02 An Ordinance of the Village Council of the Village ofEstero, Florida, (Approving) (Denying) Zoning and DRI Development Order Amendments for the Coconut Point Mixed Use Planned Development and Development of Regional Impact for Proper. Action: Passed first reading of Ordinance No. 2017-02 with the condition that it goes back to the Planning and Zoning Board for a new recommendation of the modified plan",Passed first reading of Ordinance No. 2017-02 with the condition that it goes back to the Planning and Zoning Board for a new recommendation of the modified plan,Passed first reading of Ordinance No. 2017-02 with the condition that it goes back to the Planning and Zoning Board for a new recommendation of the modified plan,Passed first reading of Ordinance No. 2017-02 with the condition that it goes back to the Planning and Zoning Board for a new recommendation of the modified plan,,,Unanimous,,Ordinance No. 2017-02,,Coconut Point,"Coconut Point, Estero, FL",26.4038818,-81.8077365,0.9,,062117 Council Meeting Approved Minutes.pdf,https://estero-fl.gov/wp-content/uploads/library-ada/minutes/2017%20Minutes/Council/062117%20Council%20Meeting%20Approved%20Minutes.pdf,AgendaItemLocation
Estero River Boating Committee Reimbursement Request,Village Council,Regular Meeting,Village Council,2017-04-19,2017-04-19,2017,Accepted,271,6,Vote,open_space,Estero River Boating Committee Reimbursement Request,"Estero River Boating Committee Reimbursement Request. Action: Approved the request for reimbursement in the amount of $2,869","Approved the request for reimbursement in the amount of $2,869","Approved the request for reimbursement in the amount of $2,869","Approved the request for reimbursement in the amount of $2,869",,,Detected,,,,Estero River,"Estero River near Old Estero and Koreshan State Park, Estero, FL",26.4360313,-81.8217353,0.9,,041917 Council Meeting Approved Minutes.pdf,https://estero-fl.gov/wp-content/uploads/library-ada/minutes/2017%20Minutes/Council/041917%20Council%20Meeting%20Approved%20Minutes.pdf,AgendaItemLocation
"Ordinance No. 2017-02 An Ordinance of the Village Council of the Village ofEstero, Florida, (Approving) (Denying) Zoning and DRI Development Order Amendments for the Coconut Point Mixed Use Planned Development and Development of Regional Impact fo...",Village Council,Regular Meeting,Village Council,2017-02-15,2017-02-15,2017,Accepted,249,9,Ordinance,mixed_use,"Ordinance No. 2017-02 An Ordinance of the Village Council of the Village ofEstero, Florida, (Approving) (Denying) Zoning and DRI Development Order Amendments for the Coconut Point Mixed Use Planned Development and Development of Regional Impact fo...","Ordinance No. 2017-02 An Ordinance of the Village Council of the Village ofEstero, Florida, (Approving) (Denying) Zoning and DRI Development Order Amendments for the Coconut Point Mixed Use Planned Development and Development of Regional Impact for Proper. Action: Continued first reading of Ordinance No. 2017",Continued first reading of Ordinance No. 2017,Continued first reading of Ordinance No. 2017,Continued first reading of Ordinance No. 2017,,,Detected,,Ordinance No. 2017-02,,Coconut Point,"Coconut Point, Estero, FL",26.4038818,-81.8077365,0.9,DR/GR,021517 Council Meeting  Approved Minutes.pdf,https://estero-fl.gov/wp-content/uploads/library-ada/minutes/2017%20Minutes/Council/021517%20Council%20Meeting%20%20Approved%20Minutes.pdf,AgendaItemLocation
Corkscrew Road,Village Council,Regular Meeting,Village Council,2017-02-01,2017-02-01,2017,Accepted,240,6,Vote,infrastructure,Letter to Florida Department of Transportation (FDOT) Requesting Village Traffic Signal Maintenance Responsibilities for US 41 be Transferred to Lee County,Letter to Florida Department of Transportation (FDOT) Requesting Village Traffic Signal Maintenance Responsibilities for US 41 be Transferred to Lee County. Action: Approved the letter to Florida Department of Transportation,Approved the letter to Florida Department of Transportation,Approved the letter to Florida Department of Transportation,Approved the letter to Florida Department of Transportation,,,Unanimous,,,,US 41 / Tamiami Trail,"US 41 from Williams Road to Estero Parkway, Estero, FL",26.434255,-81.814695788461,0.9,DR/GR,020117 Council Meeting  Approved Minutes.pdf,https://estero-fl.gov/wp-content/uploads/library-ada/minutes/2017%20Minutes/Council/020117%20Council%20Meeting%20%20Approved%20Minutes.pdf,AgendaItemLocation
"Resolution No. 2017-01 A Resolution of the Village Council of the Village of Estero, Florida, Approving the City Mattress at Coconut Point Plat; and Providing an Effective Date",Village Council,Regular Meeting,Village Council,2017-01-18,2017-01-18,2017,Accepted,229,3,Resolution,residential,"Resolution No. 2017-01 A Resolution of the Village Council of the Village of Estero, Florida, Approving the City Mattress at Coconut Point Plat; and Providing an Effective Date","Resolution No. 2017-01 A Resolution of the Village Council of the Village of Estero, Florida, Approving the City Mattress at Coconut Point Plat; and Providing an Effective Date. Action: Adopted Resolution No. 2017",Adopted Resolution No. 2017,Adopted Resolution No. 2017,Adopted Resolution No. 2017,,,Detected,,Resolution No. 2017-01,,Coconut Point,"Coconut Point, Estero, FL",26.4038818,-81.8077365,0.9,DR/GR,011817 Council Meeting Approved Minutes.pdf,https://estero-fl.gov/wp-content/uploads/library-ada/minutes/2017%20Minutes/Council/011817%20Council%20Meeting%20Approved%20Minutes.pdf,AgendaItemLocation
Corkscrew Road,Village Council,Regular Meeting,Village Council,2017-01-04,2017-01-04,2017,Accepted,35,5,Contract Approval,infrastructure,Traffic Signal Maintenance Agreement with Lee County This agreement will provide the Village with maintenance services for the traffic signal intersection at Via Coconut Point and Coconut Road,Traffic Signal Maintenance Agreement with Lee County This agreement will provide the Village with maintenance services for the traffic signal intersection at Via Coconut Point and Coconut Road. Action: Approved the Traffic Signal Maintenance Agreement with Lee County,Approved the Traffic Signal Maintenance Agreement with Lee County,Approved the Traffic Signal Maintenance Agreement with Lee County,Approved the Traffic Signal Maintenance Agreement with Lee County,,,Unanimous,Lee County This agreement will provide the Village with maintenance services,,,Coconut Point,"Coconut Point, Estero, FL",26.4038818,-81.8077365,0.9,DR/GR,010417 Council Meeting Approved Minutes.pdf,https://estero-fl.gov/wp-content/uploads/library-ada/minutes/2017%20Minutes/Council/010417%20Council%20Meeting%20Approved%20Minutes.pdf,AgendaItemLocation
"Resolution No. 2017-01 A Resolution of the Village Council of the Village of Estero, Florida, Approving the City Mattress at Coconut Point Plat; and Providing an Effective Date",Village Council,Regular Meeting,Village Council,2017-01-04,2017-01-04,2017,Accepted,32,2,Consent Agenda,residential,"Resolution No. 2017-01 A Resolution of the Village Council of the Village of Estero, Florida, Approving the City Mattress at Coconut Point Plat; and Providing an Effective Date","Resolution No. 2017-01 A Resolution of the Village Council of the Village of Estero, Florida, Approving the City Mattress at Coconut Point Plat; and Providing an Effective Date. Action: Approved the consent agenda as revised; agenda item 3 pulled and rescheduled for the January 18, 2017 meeting","Approved the consent agenda as revised; agenda item 3 pulled and rescheduled for the January 18, 2017 meeting","Approved the consent agenda as revised; agenda item 3 pulled and rescheduled for the January 18, 2017 meeting","Approved the consent agenda as revised; agenda item 3 pulled and rescheduled for the January 18, 2017 meeting",,,Unanimous,,Resolution No. 2017-01,,Coconut Point,"Coconut Point, Estero, FL",26.4038818,-81.8077365,0.9,DR/GR,010417 Council Meeting Approved Minutes.pdf,https://estero-fl.gov/wp-content/uploads/library-ada/minutes/2017%20Minutes/Council/010417%20Council%20Meeting%20Approved%20Minutes.pdf,AgendaItemLocation
Coconut Road,Village Council,Regular Meeting,Village Council,2016-11-02,2016-11-02,2016,Accepted,187,4,Vote,infrastructure,Coconut Road,Coconut Road. Action: Approved encouraging Bonita Springs City Council to maintain Coconut,Approved encouraging Bonita Springs City Council to maintain Coconut,Approved encouraging Bonita Springs City Council to maintain Coconut,Approved encouraging Bonita Springs City Council to maintain Coconut,,,Unanimous,,,,Coconut Road,"Coconut Road from US 41 to Via Coconut Point, Estero, FL",26.398474495578,-81.808064278126,0.9,,110216 Council Meeting Approved Minutes.pdf,https://estero-fl.gov/wp-content/uploads/library-ada/minutes/2016%20Minutes/Council/110216%20Council%20Meeting%20Approved%20Minutes.pdf,AgendaItemLocation
"Ordinance No. 2016-13 An Ordinance of the Village Council of the Village of Estero, Florida, Approving an Amendment to the Shoppes of Coconut Trace Commercial Planned Development Tract B, A1.9 Acre Property Located at 22942 Lyden Lane, to add Limi...",Village Council,Regular Meeting,Village Council,2016-11-02,2016-11-02,2016,Accepted,186,3,Ordinance,commercial,"Ordinance No. 2016-13 An Ordinance of the Village Council of the Village of Estero, Florida, Approving an Amendment to the Shoppes of Coconut Trace Commercial Planned Development Tract B, A1.9 Acre Property Located at 22942 Lyden Lane, to add Limi...","Ordinance No. 2016-13 An Ordinance of the Village Council of the Village of Estero, Florida, Approving an Amendment to the Shoppes of Coconut Trace Commercial Planned Development Tract B, A1.9 Acre Property Located at 22942 Lyden Lane, to add Limited Comm. Action: Passed first reading of Ordinance No. 2016-13 and scheduled second reading and public hearing for December 7, 20","Passed first reading of Ordinance No. 2016-13 and scheduled second reading and public hearing for December 7, 20","Passed first reading of Ordinance No. 2016-13 and scheduled second reading and public hearing for December 7, 20","Passed first reading of Ordinance No. 2016-13 and scheduled second reading and public hearing for December 7, 20",,,Detected,,Ordinance No. 2016-13,,22942 Lyden Lane,"22942 Lyden Lane, Estero, FL",26.404977422221,-81.812060824695,0.9783,,110216 Council Meeting Approved Minutes.pdf,https://estero-fl.gov/wp-content/uploads/library-ada/minutes/2016%20Minutes/Council/110216%20Council%20Meeting%20Approved%20Minutes.pdf,AgendaItemLocation
Coconut Point Honda-Appeal of Planning and Zoning Board Action Mayor Batos explained the quasi-judicial hearing process. Audience members and staff presenting testimony were sworn in by,Village Council,Regular Meeting,Village Council,2016-10-19,2016-10-19,2016,Cancelled,183,7,Unknown,other,Coconut Point Honda-Appeal of Planning and Zoning Board Action Mayor Batos explained the quasi-judicial hearing process. Audience members and staff presenting testimony were sworn in by,Coconut Point Honda-Appeal of Planning and Zoning Board Action Mayor Batos explained the quasi-judicial hearing process. Audience members and staff presenting testimony were sworn in by. Action: Remanded to Planning and Zoning Board,Remanded to Planning and Zoning Board,Remanded to Planning and Zoning Board,,,,See minutes,,,,Coconut Point,"Coconut Point, Estero, FL",26.4038818,-81.8077365,0.9,,101916 Council Meeting Approved Minutes.pdf,https://estero-fl.gov/wp-content/uploads/library-ada/minutes/2016%20Minutes/Council/101916%20Council%20Meeting%20Approved%20Minutes.pdf,AgendaItemLocation
Estero Parkway Improvements,Village Council,Regular Meeting,Village Council,2016-08-31,2016-08-31,2016,Accepted,157,7,Ordinance,open_space,University Landscaping Operation and Maintenance Special Improvement Unit (University Landscaping MSBU) Councilmember Ribble addressed Estero Parkway paving and spoke to the positive response during meetings with Lee County representatives. The me...,University Landscaping Operation and Maintenance Special Improvement Unit (University Landscaping MSBU) Councilmember Ribble addressed Estero Parkway paving and spoke to the positive response during meetings with Lee County representatives. The meeting we. Action: Approved the Interlocal Agreement with Lee County for the continuation of the University Landscaping Operation and Maintenance Special Improvement Unit to provide an enhanced level oflandscaping along certain portions of Corkscrew R...,"Approved the Interlocal Agreement with Lee County for the continuation of the University Landscaping Operation and Maintenance Special Improvement Unit to provide an enhanced level oflandscaping along certain portions of Corkscrew Road, Estero Parkway and Ben Hill Griffin Parkway within the Village limits and to schedule first reading of the ordinance for September 7, 2016 and second reading and public hearing for September 21, 20","Approved the Interlocal Agreement with Lee County for the continuation of the University Landscaping Operation and Maintenance Special Improvement Unit to provide an enhanced level oflandscaping along certain portions of Corkscrew Road, Estero Parkway and Ben Hill Griffin Parkway within the Village limits and to schedule first reading of the ordinance for September 7, 2016 and second reading and public hearing for September 21, 20","Approved the Interlocal Agreement with Lee County for the continuation of the University Landscaping Operation and Maintenance Special Improvement Unit to provide an enhanced level oflandscaping along certain portions of Corkscrew Road, Estero Parkway and Ben Hill Griffin Parkway within the Village limits and to schedule first reading of the ordinance for September 7, 2016 and second reading and public hearing for September 21, 20",,,Detected,Lee County representatives,,,Estero Parkway,"Estero Parkway from US 41 to Three Oaks Parkway, Estero, FL",26.448792003304,-81.803409304378,0.9,,083116 Council Meeting Approved Minutes.pdf,https://estero-fl.gov/wp-content/uploads/library-ada/minutes/2016%20Minutes/Council/083116%20Council%20Meeting%20Approved%20Minutes.pdf,AgendaItemLocation
"Ordinance No. 2016-10 An Ordinance of the Village Council of the Village ofEstero, Florida, Correcting a Development Order and Zoning Resolution Issued by Lee County for the Coconut Point Development of Regional Impact for Property Bounded by US 4...",Village Council,Regular Meeting,Village Council,2016-08-17,2016-08-17,2016,Accepted,150,10,Ordinance,other,"Ordinance No. 2016-10 An Ordinance of the Village Council of the Village ofEstero, Florida, Correcting a Development Order and Zoning Resolution Issued by Lee County for the Coconut Point Development of Regional Impact for Property Bounded by US 4...","Ordinance No. 2016-10 An Ordinance of the Village Council of the Village ofEstero, Florida, Correcting a Development Order and Zoning Resolution Issued by Lee County for the Coconut Point Development of Regional Impact for Property Bounded by US 41 on the. Action: Passed first reading of Ordinance No. 2016",Passed first reading of Ordinance No. 2016,Passed first reading of Ordinance No. 2016,Passed first reading of Ordinance No. 2016,,,Detected,,Ordinance No. 2016-10,,Coconut Point,"Coconut Point, Estero, FL",26.4038818,-81.8077365,0.9,DA/MI,081716 Council Meeting Approved Minutes.pdf,https://estero-fl.gov/wp-content/uploads/library-ada/minutes/2016%20Minutes/Council/081716%20Council%20Meeting%20Approved%20Minutes.pdf,AgendaItemLocation
Corkscrew Road,Village Council,Regular Meeting,Village Council,2016-08-17,2016-08-17,2016,Accepted,149,9,Resolution,infrastructure,"Vacation of Existing Right-of-Way and Easement Located within the Genova Development, 9050 Corkscrew Road Resolution No. 2016-22 A Resolution of the Village Council of the Village of Estero, Florida, Approving the Vacation of an Easement and Right...","Vacation of Existing Right-of-Way and Easement Located within the Genova Development, 9050 Corkscrew Road Resolution No. 2016-22 A Resolution of the Village Council of the Village of Estero, Florida, Approving the Vacation of an Easement and Right-of-Way . Action: Adopted Resolution No. 2016-22 approving the vacation of an easement and right-of-way for the Genova project",Adopted Resolution No. 2016-22 approving the vacation of an easement and right-of-way for the Genova project,Adopted Resolution No. 2016-22 approving the vacation of an easement and right-of-way for the Genova project,Adopted Resolution No. 2016-22 approving the vacation of an easement and right-of-way for the Genova project,,,Unanimous,,Resolution No. 2016-22,,9050 Corkscrew Road,"9050 Corkscrew Road, Estero, FL",26.430304207108,-81.804157598784,1.0,DA/MI,081716 Council Meeting Approved Minutes.pdf,https://estero-fl.gov/wp-content/uploads/library-ada/minutes/2016%20Minutes/Council/081716%20Council%20Meeting%20Approved%20Minutes.pdf,AgendaItemLocation
"Resolution No. 2016-18 A Resolution of the Village Council of the Village of Estero, Florida, Approving the Tidewater Phase 2 Replat; and Providing an Effective Date Tidewater Replat Phase 2-(District 5) (PLT20I6-E001) A rep lat of a part of Unive...",Village Council,Regular Meeting,Village Council,2016-07-13,2016-07-13,2016,Accepted,122,2,Resolution,other,"Resolution No. 2016-18 A Resolution of the Village Council of the Village of Estero, Florida, Approving the Tidewater Phase 2 Replat; and Providing an Effective Date Tidewater Replat Phase 2-(District 5) (PLT20I6-E001) A rep lat of a part of Unive...","Resolution No. 2016-18 A Resolution of the Village Council of the Village of Estero, Florida, Approving the Tidewater Phase 2 Replat; and Providing an Effective Date Tidewater Replat Phase 2-(District 5) (PLT20I6-E001) A rep lat of a part of University Hi. Action: Adopted Resolution No. 2016",Adopted Resolution No. 2016,Adopted Resolution No. 2016,Adopted Resolution No. 2016,,,Detected,,Resolution No. 2016-18,5,"Tidewater by Del Webb, Estero, FL","Tidewater by Del Webb, Estero, FL",26.4462,-81.7765,0.95,,071316 Council Meeting Approved Minutes.pdf,https://estero-fl.gov/wp-content/uploads/library-ada/minutes/2016%20Minutes/Council/071316%20Council%20Meeting%20Approved%20Minutes.pdf,AgendaItemLocation
"Resolution No. 2016-17 A Resolution of the Village Council of the Village of Estero, Florida, Supporting Collaborative Planning Efforts between the Village of Estero and the Koreshan State Park and the Estero Bay Preserve State Park; and Providing...",Village Council,Regular Meeting,Village Council,2016-07-06,2016-07-06,2016,Accepted,120,6,Resolution,open_space,"Resolution No. 2016-17 A Resolution of the Village Council of the Village of Estero, Florida, Supporting Collaborative Planning Efforts between the Village of Estero and the Koreshan State Park and the Estero Bay Preserve State Park; and Providing...","Resolution No. 2016-17 A Resolution of the Village Council of the Village of Estero, Florida, Supporting Collaborative Planning Efforts between the Village of Estero and the Koreshan State Park and the Estero Bay Preserve State Park; and Providing an Effe. Action: Adopted Resolution No. 2016-17 with corrections to minor typos and inclusion of additional bullet points: Changing the name of the Koreshan State Park to Estero River/Koreshan Historic Site State Park; Exploring environmental resear...",Adopted Resolution No. 2016-17 with corrections to minor typos and inclusion of additional bullet points: Changing the name of the Koreshan State Park to Estero River/Koreshan Historic Site State Park; Exploring environmental research facilities and environmental restoration through the Florida Gulf Coast University Environmental Studies Group,Adopted Resolution No. 2016-17 with corrections to minor typos and inclusion of additional bullet points: Changing the name of the Koreshan State Park to Estero River/Koreshan Historic Site State Park; Exploring environmental research facilities and environmental restoration through the Florida Gulf Coast University Environmental Studies Group,Adopted Resolution No. 2016-17 with corrections to minor typos and inclusion of additional bullet points: Changing the name of the Koreshan State Park to Estero River/Koreshan Historic Site State Park; Exploring environmental research facilities and environmental restoration through the Florida Gulf Coast University Environmental Studies Group,,,Unanimous,,Resolution No. 2016-17,,Koreshan State Park,"Koreshan State Park, Estero, FL",26.4368409,-81.8180833,1.0,DR/GR,070616 Council Meeting Approved Minutes.pdf,https://estero-fl.gov/wp-content/uploads/library-ada/minutes/2016%20Minutes/Council/070616%20Council%20Meeting%20Approved%20Minutes.pdf,AgendaItemLocation
"Case No. DCI 2015-00009 Genova Ordinance No. 2016-08 An Ordinance of the Village Council of the Village ofEstero, Florida, Approving a Rezoning from Agricultural District (AG-2) and Commercial Planned Development District (CPD) to Estero Planned D...",Village Council,Regular Meeting,Village Council,2016-07-06,2016-07-06,2016,Accepted,117,3,Ordinance,commercial,"Case No. DCI 2015-00009 Genova Ordinance No. 2016-08 An Ordinance of the Village Council of the Village ofEstero, Florida, Approving a Rezoning from Agricultural District (AG-2) and Commercial Planned Development District (CPD) to Estero Planned D...","Case No. DCI 2015-00009 Genova Ordinance No. 2016-08 An Ordinance of the Village Council of the Village ofEstero, Florida, Approving a Rezoning from Agricultural District (AG-2) and Commercial Planned Development District (CPD) to Estero Planned Developme. Action: Passed first reading and advanced Ordinance No. 2016-08 to second reading and public hearing on July 13, 20","Passed first reading and advanced Ordinance No. 2016-08 to second reading and public hearing on July 13, 20","Passed first reading and advanced Ordinance No. 2016-08 to second reading and public hearing on July 13, 20","Passed first reading and advanced Ordinance No. 2016-08 to second reading and public hearing on July 13, 20",,,Detected,,Ordinance No. 2016-08,,"21450 Strada Nuova Circle, Estero, FL","21450 Strada Nuova Circle, Estero, FL",26.428168875365,-81.804317441678,1.0,DR/GR,070616 Council Meeting Approved Minutes.pdf,https://estero-fl.gov/wp-content/uploads/library-ada/minutes/2016%20Minutes/Council/070616%20Council%20Meeting%20Approved%20Minutes.pdf,AgendaItemLocation
General Planning & Zoning,Village Council,Regular Meeting,Village Council,2016-03-23,2016-03-23,2016,Accepted,80,5,Unknown,other,"RFP 2016-02 Council Chambers Audio, Video and Sound System-Accept Proposal","RFP 2016-02 Council Chambers Audio, Video and Sound System-Accept Proposal. Action: Awarded the bid to ProAudio Services with the recommended add-ons",Awarded the bid to ProAudio Services with the recommended add-ons,Awarded the bid to ProAudio Services with the recommended add-ons,,,,Unanimous,,RFP 2016-02,,Estero Village Hall,"9401 Corkscrew Palms Circle, Estero, FL 33928",26.430490662544,-81.799280001688,1.0,DA/MI,032316 Council Meeting Approved Minutes.pdf,https://estero-fl.gov/wp-content/uploads/library-ada/minutes/2016%20Minutes/Council/032316%20Council%20Meeting%20Approved%20Minutes.pdf,AgendaItemLocation
"Case No. DCI2015-00016 Estero WAS Second Reading and Public Hearing: Ordinance No. 2016-02 A Zoning Ordinance of the Village Council of the Village of Estero, Florida; Rezoning 1.36 Acres Located at 21700 S. Tamiami Trail, from Mixed Planned Devel...",Village Council,Zoning Hearing,Public Hearing,2016-03-09,2016-03-09,2016,Accepted,68,1,Vote,open_space,"Case No. DCI2015-00016 Estero WAS Second Reading and Public Hearing: Ordinance No. 2016-02 A Zoning Ordinance of the Village Council of the Village of Estero, Florida; Rezoning 1.36 Acres Located at 21700 S. Tamiami Trail, from Mixed Planned Devel...","Case No. DCI2015-00016 Estero WAS Second Reading and Public Hearing: Ordinance No. 2016-02 A Zoning Ordinance of the Village Council of the Village of Estero, Florida; Rezoning 1.36 Acres Located at 21700 S. Tamiami Trail, from Mixed Planned Development t. Action: Approved continuing to a date certain, March 23, 20","Approved continuing to a date certain, March 23, 20","Approved continuing to a date certain, March 23, 20","Approved continuing to a date certain, March 23, 20",,,Detected,,Ordinance No. 2016-02,,21700 S. Tamiami Trail,"21700 S. Tamiami Trail, Estero, FL",26.425251721603,-81.811717237258,1.0,DA/MI,030916 Zoning Hearing Approved Minutes.pdf,https://estero-fl.gov/wp-content/uploads/library-ada/minutes/2016%20Minutes/Council/030916%20Zoning%20Hearing%20Approved%20Minutes.pdf,AgendaItemLocation
"Case No. DCI2015-00016 Estero WAS First Reading: Ordinance No. 2016-02 A Zoning Ordinance of the Village Council of the Village of Estero, Florida; Rezoning 1.36 Acres Located at 21700 S. Tamiami Trail, from Mixed Planned Development to Commercial...",Village Council,Regular Meeting,Village Council,2016-02-24,2016-02-24,2016,Accepted,65,4,Vote,commercial,"Case No. DCI2015-00016 Estero WAS First Reading: Ordinance No. 2016-02 A Zoning Ordinance of the Village Council of the Village of Estero, Florida; Rezoning 1.36 Acres Located at 21700 S. Tamiami Trail, from Mixed Planned Development to Commercial...","Case No. DCI2015-00016 Estero WAS First Reading: Ordinance No. 2016-02 A Zoning Ordinance of the Village Council of the Village of Estero, Florida; Rezoning 1.36 Acres Located at 21700 S. Tamiami Trail, from Mixed Planned Development to Commercial Planned. Action: Authorized the Mayor to sign the letter",Authorized the Mayor to sign the letter,Authorized the Mayor to sign the letter,Authorized the Mayor to sign the letter,,,Unanimous,,Ordinance No. 2016-02,,21700 S. Tamiami Trail,"21700 S. Tamiami Trail, Estero, FL",26.425251721603,-81.811717237258,1.0,,02242016 minutes.pdf,https://estero-fl.gov/wp-content/uploads/library-ada/minutes/2016%20Minutes/Council/02242016%20minutes.pdf,AgendaItemLocation
"Case No. DCI2015-00016 Estero WAS First Reading: Ordinance No. 2016-02 A Zoning Ordinance of the Village Council of the Village of Estero, Florida; Rezoning 1.36 Acres Located at 21700 S. Tamiami Trail, from Mixed Planned Development to Commercial...",Village Council,Regular Meeting,Village Council,2016-02-24,2016-02-24,2016,Accepted,64,3,Ordinance,commercial,"Case No. DCI2015-00016 Estero WAS First Reading: Ordinance No. 2016-02 A Zoning Ordinance of the Village Council of the Village of Estero, Florida; Rezoning 1.36 Acres Located at 21700 S. Tamiami Trail, from Mixed Planned Development to Commercial...","Case No. DCI2015-00016 Estero WAS First Reading: Ordinance No. 2016-02 A Zoning Ordinance of the Village Council of the Village of Estero, Florida; Rezoning 1.36 Acres Located at 21700 S. Tamiami Trail, from Mixed Planned Development to Commercial Planned. Action: Approved first reading of Ordinance No. 2016",Approved first reading of Ordinance No. 2016,Approved first reading of Ordinance No. 2016,Approved first reading of Ordinance No. 2016,,,Detected,,Ordinance No. 2016-02,,21700 S. Tamiami Trail,"21700 S. Tamiami Trail, Estero, FL",26.425251721603,-81.811717237258,1.0,,02242016 minutes.pdf,https://estero-fl.gov/wp-content/uploads/library-ada/minutes/2016%20Minutes/Council/02242016%20minutes.pdf,AgendaItemLocation
Corkscrew Road,Village Council,Regular Meeting,Village Council,2016-01-20,2016-01-20,2016,Accepted,52,8,Ordinance,infrastructure,regarding the enhanced Type D buffer in the two areas along Corkscrew Road shown on the exhibit,regarding the enhanced Type D buffer in the two areas along Corkscrew Road shown on the exhibit. Action: Adopted Ordinance No. 2015-21 as revised and described by Community Development Director Gibbs,Adopted Ordinance No. 2015-21 as revised and described by Community Development Director Gibbs,Adopted Ordinance No. 2015-21 as revised and described by Community Development Director Gibbs,Adopted Ordinance No. 2015-21 as revised and described by Community Development Director Gibbs,,,Unanimous,,Ordinance No. 2015-21,,Corkscrew Road Widening Corridor,"Corkscrew Road from Ben Hill Griffin Parkway to east of Bella Terra Boulevard, Estero, FL",26.443916962688,-81.750022322755,0.9,,01202016 minutes.pdf,https://estero-fl.gov/wp-content/uploads/library-ada/minutes/2016%20Minutes/Council/01202016%20minutes.pdf,AgendaItemLocation
Corkscrew Road,Village Council,Regular Meeting,Village Council,2016-01-20,2016-01-20,2016,Accepted,51,7,Resolution,infrastructure,regarding the enhanced Type D buffer in the two areas along Corkscrew Road shown on the exhibit,regarding the enhanced Type D buffer in the two areas along Corkscrew Road shown on the exhibit. Action: Approved the application going forward as meeting the criteria for an exception to the Zoning in Progress Resolution,Approved the application going forward as meeting the criteria for an exception to the Zoning in Progress Resolution,Approved the application going forward as meeting the criteria for an exception to the Zoning in Progress Resolution,Approved the application going forward as meeting the criteria for an exception to the Zoning in Progress Resolution,,,Unanimous,,,,Corkscrew Road Widening Corridor,"Corkscrew Road from Ben Hill Griffin Parkway to east of Bella Terra Boulevard, Estero, FL",26.443916962688,-81.750022322755,0.9,,01202016 minutes.pdf,https://estero-fl.gov/wp-content/uploads/library-ada/minutes/2016%20Minutes/Council/01202016%20minutes.pdf,AgendaItemLocation
"Suspend Bidding Procedure and Adopt as an Emergency Action, Securing a Consulting Traffic Engineer for Studies on Coconut Road",Village Council,Regular Meeting,Village Council,2016-01-20,2016-01-20,2016,Accepted,50,6,Ordinance,infrastructure,"Suspend Bidding Procedure and Adopt as an Emergency Action, Securing a Consulting Traffic Engineer for Studies on Coconut Road","Suspend Bidding Procedure and Adopt as an Emergency Action, Securing a Consulting Traffic Engineer for Studies on Coconut Road. Action: Approved the proposal from Trebilcock Consulting Solutions and waived the competitive bidding procedures outlined in the Village purchasing ordinance",Approved the proposal from Trebilcock Consulting Solutions and waived the competitive bidding procedures outlined in the Village purchasing ordinance,Approved the proposal from Trebilcock Consulting Solutions and waived the competitive bidding procedures outlined in the Village purchasing ordinance,Approved the proposal from Trebilcock Consulting Solutions and waived the competitive bidding procedures outlined in the Village purchasing ordinance,,,Unanimous,Trebilcock Consulting Solutions and waived the competitive bidding procedures outlined,,,Coconut Road,"Coconut Road from US 41 to Via Coconut Point, Estero, FL",26.398474495578,-81.808064278126,0.9,,01202016 minutes.pdf,https://estero-fl.gov/wp-content/uploads/library-ada/minutes/2016%20Minutes/Council/01202016%20minutes.pdf,AgendaItemLocation
"First Reading: Ordinance No. 2016-02 A Zoning Ordinance of the Village Council of the Village of Estero, Florida; Rezoning 1.36 Acres Located at 21700 S. Tamiami Trail, from Mixed Planned Development to Commercial Planned Development, for the Deve...",Village Council,Regular Meeting,Village Council,2016-01-20,2016-01-20,2016,Accepted,48,4,Vote,commercial,"First Reading: Ordinance No. 2016-02 A Zoning Ordinance of the Village Council of the Village of Estero, Florida; Rezoning 1.36 Acres Located at 21700 S. Tamiami Trail, from Mixed Planned Development to Commercial Planned Development, for the Deve...","First Reading: Ordinance No. 2016-02 A Zoning Ordinance of the Village Council of the Village of Estero, Florida; Rezoning 1.36 Acres Located at 21700 S. Tamiami Trail, from Mixed Planned Development to Commercial Planned Development, for the Development . Action: Continued this item to a date when the staff report is available",Continued this item to a date when the staff report is available,Continued this item to a date when the staff report is available,Continued this item to a date when the staff report is available,,,Unanimous,Mixed Planned Development to Commercial Planned Development,Ordinance No. 2016-02,,21700 S. Tamiami Trail,"21700 S. Tamiami Trail, Estero, FL",26.425251721603,-81.811717237258,1.0,,01202016 minutes.pdf,https://estero-fl.gov/wp-content/uploads/library-ada/minutes/2016%20Minutes/Council/01202016%20minutes.pdf,AgendaItemLocation
Corkscrew Road,Village Council,Special Meeting,Village Council,2016-01-13,2016-01-13,2016,Accepted,44,2,Vote,commercial,"Case #DCI 2015-00013 Volunteers of America Second Reading and Public Hearing: Ordinance No. 2015-21 A Zoning Ordinance of the Village Council of The Village of Estero, Florida; Rezoning 21.36 Acres Located at 9201 and 9301 Corkscrew Road, from Com...","Case #DCI 2015-00013 Volunteers of America Second Reading and Public Hearing: Ordinance No. 2015-21 A Zoning Ordinance of the Village Council of The Village of Estero, Florida; Rezoning 21.36 Acres Located at 9201 and 9301 Corkscrew Road, from Commercial . Action: Continued deliberations to 9:00 a.m. on January 20, 20","Continued deliberations to 9:00 a.m. on January 20, 20","Continued deliberations to 9:00 a.m. on January 20, 20","Continued deliberations to 9:00 a.m. on January 20, 20",,,Detected,,Ordinance No. 2015-21,,9201 and 9301 Corkscrew Road,"9201 and 9301 Corkscrew Road, Estero, FL",26.432264859989,-81.801155452524,0.98,DA/MI,01132016 minutes.pdf,https://estero-fl.gov/wp-content/uploads/library-ada/minutes/2016%20Minutes/Council/01132016%20minutes.pdf,AgendaItemLocation
"Bonita Springs Projects - Pelican Landing I Raptor Bay Brief introduction provided by Community Development Director Mary Gibbs. Presentation by: Vicki Olson, The Colony resident, Coconut Road/West Neighborhood Coalition, provided a summary of the...",Village Council,Special Meeting,Village Council,2016-01-13,2016-01-13,2016,Accepted,43,1,Unknown,infrastructure,"Bonita Springs Projects - Pelican Landing I Raptor Bay Brief introduction provided by Community Development Director Mary Gibbs. Presentation by: Vicki Olson, The Colony resident, Coconut Road/West Neighborhood Coalition, provided a summary of the...","Bonita Springs Projects - Pelican Landing I Raptor Bay Brief introduction provided by Community Development Director Mary Gibbs. Presentation by: Vicki Olson, The Colony resident, Coconut Road/West Neighborhood Coalition, provided a summary of the issues . Action: Directed Village Land Use Attorney Nancy Stroud to investigate the merits",Directed Village Land Use Attorney Nancy Stroud to investigate the merits,Directed Village Land Use Attorney Nancy Stroud to investigate the merits,,,,Unanimous,,,,Coconut Road,"Coconut Road from US 41 to Via Coconut Point, Estero, FL",26.398474495578,-81.808064278126,0.9,DA/MI,01132016 minutes.pdf,https://estero-fl.gov/wp-content/uploads/library-ada/minutes/2016%20Minutes/Council/01132016%20minutes.pdf,AgendaItemLocation
adopted the concepts that Councilmember Errington was suggesting and encouraged the format,Village Council,Council Workshop,Workshop,2015-06-24,2015-06-24,2015,Accepted,15,1,Presentation,open_space,adopted the concepts that Councilmember Errington was suggesting and encouraged the format,"adopted the concepts that Councilmember Errington was suggesting and encouraged the formation of the committee. Mayor Batos noted on the last page of her presentation that Councilmember Errington was asking Council to give approval for a public supported Estero Historic Preservation Advisory Committee and it appeared that she now wasn't asking for approval, but rather informing Council of her plans. Councilmember Errington responded that the wording was out of courtesy to the Council. Mayor B...","adopted the concepts that Councilmember Errington was suggesting and encouraged the formation of the committee. Mayor Batos noted on the last page of her presentation that Councilmember Errington was asking Council to give approval for a public supported Estero Historic Preservation Advisory Committee and it appeared that she now wasn't asking for approval, but rather informing Council of her plans. Councilmember Errington responded that the wording was out of courtesy to the Council. Mayor Batos stated it was a great idea that she worked on this, expressed thanks, and believed it was an admirable goal. Councilmember Ribble stated there was a lot of passion on this request. He addressed concern regarding the presentation and he would have rather seen it as an intro of what we were going to do down the line. He also addressed concern regarding funding from Lee County and recommended using caution until a mechanism is in place to raise funding. Councilmember Errington responded that s...","adopted the concepts that Councilmember Errington was suggesting and encouraged the formation of the committee. Mayor Batos noted on the last page of her presentation that Councilmember Errington was asking Council to give approval for a public supported Estero Historic Preservation Advisory Committee and it appeared that she now wasn't asking for approval, but rather informing Council of her plans. Councilmember Errington responded that the wording was out of courtesy to the Council. Mayor Batos stated it was a great idea that she worked on this, expressed thanks, and believed it was an admirable goal. Councilmember Ribble stated there was a lot of passion on this request. He addressed concern regarding the presentation and he would have rather seen it as an intro of what we were going to do down the line. He also addressed concern regarding funding from Lee County and recommended using caution until a mechanism is in place to raise funding. Councilmember Errington responded that s...","adopted the concepts that Councilmember Errington was suggesting and encouraged the formation of the committee. Mayor Batos noted on the last page of her presentation that Councilmember Errington was asking Council to give approval for a public supported Estero Historic Preservation Advisory Committee and it appeared that she now wasn't asking for approval, but rather informing Council of her plans. Councilmember Errington responded that the wording was out of courtesy to the Council. Mayor Batos stated it was a great idea that she worked on this, expressed thanks, and believed it was an admirable goal. Councilmember Ribble stated there was a lot of passion on this request. He addressed concern regarding the presentation and he would have rather seen it as an intro of what we were going to do down the line. He also addressed concern regarding funding from Lee County and recommended using caution until a mechanism is in place to raise funding. Councilmember Errington responded that s...",,,Detected,Lee County and recommended using caution until a mechanism is,,,Koreshan State Park,"Koreshan State Park, Estero, FL",26.4368409,-81.8180833,1.0,DR/GR,062415 Workshop Approved Minutes.pdf,https://estero-fl.gov/wp-content/uploads/library-ada/minutes/2015%20Minutes/Council/062415%20Workshop%20Approved%20Minutes.pdf,AgendaItemLocation
