ProjectName,MeetingType,MeetingDate,MeetingYear,Status,Finalized,InProgress,InProgressNote,ActionTaken,StartTime,StaffCode,Title,MinutesURL,DocDate,LocationName,Latitude,Longitude
PZ&DB General Meeting Records,PZDB Meeting,2026-12-08,2026,Accepted,Yes,Yes,Meeting date is in the future — the public process has not concluded. PZ&DB project and location mapping in EagleGIS is still in progress; individual development projects are not fully catalogued yet. Residents can still comment through Engage Estero or Village eComment.,,,,PZ&DB Meeting Minutes — 2026-12-08,https://estero-fl.gov/wp-content/uploads/library-ada/minutes/2026%20Minutes/PZDB/12082026%20PZDB%20Minutes.pdf,2026-12-08,Village of Estero Council Chambers,26.4361,-81.8062
PZ&DB General Meeting Records,PZDB Meeting,2026-11-10,2026,Accepted,Yes,Yes,Meeting date is in the future — the public process has not concluded. PZ&DB project and location mapping in EagleGIS is still in progress; individual development projects are not fully catalogued yet. Residents can still comment through Engage Estero or Village eComment.,,,,PZ&DB Meeting Minutes — 2026-11-10,https://estero-fl.gov/wp-content/uploads/library-ada/minutes/2026%20Minutes/PZDB/11102026%20PZDB%20Minutes.pdf,2026-11-10,Village of Estero Council Chambers,26.4361,-81.8062
PZ&DB General Meeting Records,PZDB Meeting,2026-10-13,2026,Accepted,Yes,Yes,Meeting date is in the future — the public process has not concluded. PZ&DB project and location mapping in EagleGIS is still in progress; individual development projects are not fully catalogued yet. Residents can still comment through Engage Estero or Village eComment.,,,,PZ&DB Meeting Minutes — 2026-10-13,https://estero-fl.gov/wp-content/uploads/library-ada/minutes/2026%20Minutes/PZDB/10132026%20PZDB%20Minutes.pdf,2026-10-13,Village of Estero Council Chambers,26.4361,-81.8062
PZ&DB General Meeting Records,PZDB Meeting,2026-09-08,2026,Accepted,Yes,Yes,Meeting date is in the future — the public process has not concluded. PZ&DB project and location mapping in EagleGIS is still in progress; individual development projects are not fully catalogued yet. Residents can still comment through Engage Estero or Village eComment.,,,,PZ&DB Meeting Minutes — 2026-09-08,https://estero-fl.gov/wp-content/uploads/library-ada/minutes/2026%20Minutes/PZDB/09082026%20PZDB%20Minutes.pdf,2026-09-08,Village of Estero Council Chambers,26.4361,-81.8062
PZ&DB General Meeting Records,PZDB Meeting,2026-08-11,2026,Accepted,Yes,Yes,Meeting date is in the future — the public process has not concluded. PZ&DB project and location mapping in EagleGIS is still in progress; individual development projects are not fully catalogued yet. Residents can still comment through Engage Estero or Village eComment.,,,,PZ&DB Meeting Minutes — 2026-08-11,https://estero-fl.gov/wp-content/uploads/library-ada/minutes/2026%20Minutes/PZDB/08112026%20PZDB%20Minutes.pdf,2026-08-11,Village of Estero Council Chambers,26.4361,-81.8062
PZ&DB General Meeting Records,PZDB Meeting,2026-07-14,2026,Accepted,Yes,Yes,Meeting date is in the future — the public process has not concluded. PZ&DB project and location mapping in EagleGIS is still in progress; individual development projects are not fully catalogued yet. Residents can still comment through Engage Estero or Village eComment.,,,,PZ&DB Meeting Minutes — 2026-07-14,https://estero-fl.gov/wp-content/uploads/library-ada/minutes/2026%20Minutes/PZDB/07142026%20PZDB%20Minutes.pdf,2026-07-14,Village of Estero Council Chambers,26.4361,-81.8062
PZ&DB General Meeting Records,PZDB Meeting,2026-06-09,2026,Accepted,Yes,Yes,PZ&DB project and location mapping in EagleGIS is still in progress; individual development projects are not fully catalogued yet. Residents can still comment through Engage Estero or Village eComment.,,,,PZ&DB Meeting Minutes — 2026-06-09,https://estero-fl.gov/wp-content/uploads/library-ada/minutes/2026%20Minutes/PZDB/06092026%20PZDB%20Minutes.pdf,2026-06-09,Village of Estero Council Chambers,26.4361,-81.8062
PZ&DB General Meeting Records,PZDB Meeting,2026-05-12,2026,Accepted,Yes,Yes,PZ&DB project and location mapping in EagleGIS is still in progress; individual development projects are not fully catalogued yet. Residents can still comment through Engage Estero or Village eComment.,,,,PZ&DB Meeting Minutes — 2026-05-12,https://estero-fl.gov/wp-content/uploads/library-ada/minutes/2026%20Minutes/PZDB/05122026%20PZDB%20Minutes.pdf,2026-05-12,Village of Estero Council Chambers,26.4361,-81.8062
PZ&DB General Meeting Records,PZDB Meeting,2026-04-14,2026,Accepted,Yes,Yes,PZ&DB project and location mapping in EagleGIS is still in progress; individual development projects are not fully catalogued yet. Residents can still comment through Engage Estero or Village eComment.,,,,PZ&DB Meeting Minutes — 2026-04-14,https://estero-fl.gov/wp-content/uploads/library-ada/minutes/2026%20Minutes/PZDB/04142026%20PZDB%20Minutes.pdf,2026-04-14,Village of Estero Council Chambers,26.4361,-81.8062
PZ&DB General Meeting Records,PZDB Meeting,2026-03-10,2026,Accepted,Yes,Yes,PZ&DB project and location mapping in EagleGIS is still in progress; individual development projects are not fully catalogued yet. Residents can still comment through Engage Estero or Village eComment.,,,,PZ&DB Meeting Minutes — 2026-03-10,https://estero-fl.gov/wp-content/uploads/library-ada/minutes/2026%20Minutes/pzdb/03102026%20%20%20PZDB%20Minutes.pdf,2026-03-10,Village of Estero Council Chambers,26.4361,-81.8062
PZ&DB General Meeting Records,PZDB Meeting,2026-02-10,2026,Accepted,Yes,Yes,PZ&DB project and location mapping in EagleGIS is still in progress; individual development projects are not fully catalogued yet. Residents can still comment through Engage Estero or Village eComment.,,,,PZ&DB Meeting Minutes — 2026-02-10,https://estero-fl.gov/wp-content/uploads/library-ada/minutes/2026%20Minutes/pzdb/02102026%20%20%20PZDB%20Minutes.pdf,2026-02-10,Village of Estero Council Chambers,26.4361,-81.8062
BERT Rail Trail,Regular Council Meeting,2026-01-21,2026,Cancelled,Cancelled,No,,Meeting Cancelled,9:30 AM,,Regular Council Meeting — 2026-01-21,https://estero-fl.gov/wp-content/uploads/library-ada/minutes/2026%20Minutes/01212026.pdf,2026-01-21,BERT Rail Trail Corridor,26.4339,-81.8157
PZ&DB General Meeting Records,PZDB Meeting,2026-01-13,2026,Accepted,Yes,Yes,PZ&DB project and location mapping in EagleGIS is still in progress; individual development projects are not fully catalogued yet. Residents can still comment through Engage Estero or Village eComment.,,,,PZ&DB Meeting Minutes — 2026-01-13,https://estero-fl.gov/wp-content/uploads/library-ada/minutes/2026%20Minutes/pzdb/01132026%20%20PZDB%20Minutes.pdf,2026-01-13,Village of Estero Council Chambers,26.4361,-81.8062
PZ&DB General Meeting Records,PZDB Meeting,2025-12-09,2025,Accepted,Yes,Yes,PZ&DB project and location mapping in EagleGIS is still in progress; individual development projects are not fully catalogued yet. Residents can still comment through Engage Estero or Village eComment.,,,,PZ&DB Meeting Minutes — 2025-12-09,https://estero-fl.gov/wp-content/uploads/library-ada/minutes/2025%20Minutes/PZDB/12092025%20PZDB%20Minutes.pdf,2025-12-09,Village of Estero Council Chambers,26.4361,-81.8062
BERT Rail Trail,Regular Council Meeting,2025-12-03,2025,Accepted,Yes,No,,Adopted Resolution No. 2025-27. | Adopted Resolution No. 2025-28. | Adopted Resolution No 2025-24 and authorize the Village Manager to execute the related Interlocal Agreement with the Lee County Property Appraiser to administer the assessment process. | Adopted Resolution No. 2025-25 and authorize the Village Manager to execute the related Interlocal Agreement with the Lee County Property Appraiser to administer the assessment process. | Adopted Ordinance No. 2025-16 on first reading and to schedule a second reading and | Adopted Ordinance No. 2025-13.,9:30 AM,td/CS,Regular Council Meeting — 2025-12-03,https://estero-fl.gov/wp-content/uploads/library-ada/minutes/2025%20Minutes/Council/12032025.pdf,2025-12-03,"Cypress Bend, Estero, FL",26.4469,-81.8116
PZ&DB General Meeting Records,PZDB Meeting,2025-11-18,2025,Accepted,Yes,Yes,PZ&DB project and location mapping in EagleGIS is still in progress; individual development projects are not fully catalogued yet. Residents can still comment through Engage Estero or Village eComment.,"Approved the Development Order with staff stipulations and the correction of the hours of operation | Discount Tire - Development Order (DOS2025-E002) (District 4) 10411 Corkscrew Commons Drive, a vacant 1-acre site located in Estero Interstate Commerce Park, fronting Corkscrew Road and between Rib City and Mr. Tequila. The applicant seeks to construct a7. Action: Approved the Development Order with staff stipulations and the correction of the hours of operation | Recommended approval to the Village Council with staff conditions | 4741 Broadway Ave. West (Cooper Property) - Rezoning (REZ2025-E001) (District 2) A triangular 0.36-acre parcel on the south side of Broadway Avenue West, across from Riverwoods Plantation and adjacent to the Florida Power & Light Company right-of-way. No . Action: Recommended approval to the Village Council with staff conditions | Approved request for outdoor consumption on premises with staff conditions | Toasted Yolk - COP Administrative Amendment (ADD2025-E007) (District 1) 22941 Lyden Drive Suite 110, located west of US 41, east of Lyden Drive and south of Vandenberg Way. The unit was formerly occupied by Zoe's Kitchen. Applicant is seeking approval of . Action: Approved request for outdoor consumption on premises with staff conditions",,,PZ&DB Meeting Minutes — 2025-11-18,https://estero-fl.gov/wp-content/uploads/library-ada/minutes/2025%20Minutes/PZDB/11182025%20PZDB%20Minutes.pdf,2025-11-18,"10411 Corkscrew Commons Drive, Estero, FL",26.43208733128,-81.781417998383
PZ&DB General Meeting Records,PZDB Meeting,2025-10-14,2025,Accepted,Yes,Yes,PZ&DB project and location mapping in EagleGIS is still in progress; individual development projects are not fully catalogued yet. Residents can still comment through Engage Estero or Village eComment.,"No formal action recorded. Coconut Point Developers LLC - Developer Paint Project (District 6) (Planned Development Amendment - Pending) 23106 Fashion Drive, Coconut Point Mall is located east of US 41 and north of Coconut Road. Staff Presentation/Comments Mary Gibbs, Community Development Director Nancy Stroud, Land Use Attorney Presentation/Information by Scott Richardson, Simon Kristin Mulkey, Bartlett, Hartley & Mulkey Architects Tracy Boland, Simon Public Comment eComments Julie Melchiore, Cascades Cindy Gleysteen, Shadow Wood In Person Kathy Sevcheck, Rapallo Rupert Foreman, Coconut Point Board Questions or Comments Board Members Jeannin, Jones, Wallace, Tatooles, Williams, Paivandy, and Vice Chairman Sheeley | Coconut Point Developers LLC - Developer Paint Project (District 6) (Planned Development Amendment - Pending) 23106 Fashion Drive, Coconut Point Mall is located east of US 41 and north of Coconut Road. Staff Presentation/Comments Mary Gibbs, Community Dev. Action: No formal action recorded. Coconut Point Developers LLC - Developer Paint Project (District 6) (Planned Development Amendment - Pending) 23106 Fashion Drive, Coconut Point Mall is located east of US 41 and north of Coconut Road. Sta...",,,PZ&DB Meeting Minutes — 2025-10-14,https://estero-fl.gov/wp-content/uploads/library-ada/minutes/2025%20Minutes/PZDB/10142025%20PZDB%20Minutes.pdf,2025-10-14,"23106 Fashion Drive, Estero, FL",26.404693008589,-81.807764164083
PZ&DB General Meeting Records,PZDB Meeting,2025-09-09,2025,Accepted,Yes,Yes,PZ&DB project and location mapping in EagleGIS is still in progress; individual development projects are not fully catalogued yet. Residents can still comment through Engage Estero or Village eComment.,"Approved the Development Order with staff stipulations and the additional condition the applicant will install the Western perimeter wall and Western row of Sabal Palms within 120 days of commencement of the project | Coconut Trace Hotel-Tract F (DOS2025-E007) (District 1) 22910 Lyden Drive, located west of US 41 across from the Coconut Point Mall. Applicant seeks to develop a 122-room, 4-story hotel on Tract F. Rezoning action was recently approved February 5, 2025, v. Action: Approved the Development Order with staff stipulations and the additional condition the applicant will install the Western perimeter wall and Western row of Sabal Palms within 120 days of commencement of the project | Approved the Development Order with staff stipulations and the additional conditions the contractor will try to retain the Heritage Tree and if it dies it will have to be replaced and the Village has drainage easement over the conveyance swale that conveys off-site | Broadway Crossing formerly named Mayfair Village (DOS2025-E006) (District 4) 8790 Broadway East, located south of Broadway East and west of Sandy Lane and east of the Seminole Gulf Railroad right-of-way. Applicant seeks to develop 17 single-family units o. Action: Approved the Development Order with staff stipulations and the additional conditions the contractor will try to retain the Heritage Tree and if it dies it will have to be replaced and the Village has drainage easement over the conve... | Approved the Development Order with staff stipulations | Summercrest previously known as Toll Brothers Development Order (DOS2024- E008) (District 4) Applicant seeks to develop 153 townhome units, amenities, utilities and infrastructure. Plans include a public use area. No ex parte communication or conflicts of. Action: Approved the Development Order with staff stipulations",,,PZ&DB Meeting Minutes — 2025-09-09,https://estero-fl.gov/wp-content/uploads/library-ada/minutes/2025%20Minutes/PZDB/09092025%20PZDB%20Minutes.pdf,2025-09-09,"Summercrest / Estero Townhomes site, 9301 Corkscrew Road, Estero, FL",26.432264859989,-81.801155452524
PZ&DB General Meeting Records,PZDB Meeting,2025-08-12,2025,Accepted,Yes,Yes,PZ&DB project and location mapping in EagleGIS is still in progress; individual development projects are not fully catalogued yet. Residents can still comment through Engage Estero or Village eComment.,"Approved the Development Order with staff stipulations | Shadow Wood C.C. Lifestyle Center (DOS2025-E004) (District 6) 22801 Oakwilde Boulevard, located in the development next to the Shadow Wood clubhouse. No ex parte communication or conflicts of interest were noted. Action: Approved the Development Order with staff stipulations",,,PZ&DB Meeting Minutes — 2025-08-12,https://estero-fl.gov/wp-content/uploads/library-ada/minutes/2025%20Minutes/PZDB/08122025%20PZDB%20Minutes.pdf,2025-08-12,"22801 Oakwilde Boulevard, Estero, FL",26.40717652459,-81.789995954274
PZ&DB General Meeting Records,PZDB Meeting,2025-07-08,2025,Accepted,Yes,Yes,PZ&DB project and location mapping in EagleGIS is still in progress; individual development projects are not fully catalogued yet. Residents can still comment through Engage Estero or Village eComment.,"Approved Development Order with staff recommendations and the following conditions; applicant will work with staff to minimize the use of green screens and incorporate other architectural elements to break up the long walls and use of green screens where appropriate, and no deliveries earlier than 7 am and no later than 9 pm | Aldi - 11906 Newbridge Court, Development Order (DOS2025-E001) (District 5) Located east of Stoneybrook Golf Drive and south of Corkscrew Road on Newbridge Court. Action: Approved Development Order with staff recommendations and the following conditions; applicant will work with staff to minimize the use of green screens and incorporate other architectural elements to break up the long walls and use of green screens where appropriate, and no deliveries earlier than 7 am and no later than 9 pm | Approved the monument sign subject to further negotiations on the location | Eagle Walk (Coastal Village) Monument Signs (LDO2025-E020) (District 6) Located north of Estero Parkway between Three Oaks Parkway and I-75. No ex parte communication or conflicts of interest were noted. Board Member Jones and Vice Chairman Sheeley disclo. Action: Approved the monument sign subject to further negotiations on the location",,,PZ&DB Meeting Minutes — 2025-07-08,https://estero-fl.gov/wp-content/uploads/library-ada/minutes/2025%20Minutes/PZDB/07082025%20PZDB%20Minutes.pdf,2025-07-08,"Estero Parkway & Three Oaks Parkway, Estero, FL",26.449389004358,-81.788946037082
BERT Rail Trail,Regular Council Meeting,2025-07-02,2025,Accepted,Yes,No,,Adopted Resolution No. 2025-10. | Adopted Resolution No. 2025-11. | Passed first reading of Ordinance No. 2025-07 and set second reading and,9:30 AM,td/CS,Regular Council Meeting — 2025-07-02,https://estero-fl.gov/wp-content/uploads/library-ada/minutes/2025%20Minutes/Council/07022025.pdf,2025-07-02,"Home2 Suites proposed hotel site, Coconut Point Mall, Estero, FL",26.403277778,-81.808611111
BERT Rail Trail,Regular Council Meeting,2025-06-18,2025,Accepted,Yes,No,,"Passed first reading of Ordinance No. 2025-05 and set second reading for June 18, 2025. | Passed first reading of Ordinance No. 2025-04 and set second reading for July 2, 2025. | Passed first reading of Ordinance No. 2025-06 and Set | Passed first reading of Ordinance No. 2025-08 and Set | Approved continuance to July 2 , 2025 for Condition 10 only.",9:30 AM,td/CS,Regular Council Meeting — 2025-06-18,https://estero-fl.gov/wp-content/uploads/library-ada/minutes/2025%20Minutes/Council/06182025.pdf,2025-06-18,"River Oaks Preserve, Estero, FL",26.4420079,-81.7993579
PZ&DB General Meeting Records,PZDB Meeting,2025-06-10,2025,Accepted,Yes,Yes,PZ&DB project and location mapping in EagleGIS is still in progress; individual development projects are not fully catalogued yet. Residents can still comment through Engage Estero or Village eComment.,Approved COP Administrative Amendment with stipulations provided by staff | Piccolo Buco - Piccolo Buco - Marketplace at Coconut Point - COP-Administrative Amendment (ADD2025-E005) (District 6) Located at the southern portion of Marketplace at Coconut Point between US 41 and Via Villagio and identified as Building III on the Deve. Action: Approved COP Administrative Amendment with stipulations provided by staff,,,PZ&DB Meeting Minutes — 2025-06-10,https://estero-fl.gov/wp-content/uploads/library-ada/minutes/2025%20Minutes/PZDB/06102025%20PZDB%20Minutes.pdf,2025-06-10,"22800 Via Villagio, Estero, FL",26.412588048918,-81.811355977231
BERT Rail Trail,Regular Council Meeting,2025-05-21,2025,Accepted,Yes,No,,"Approved send ing notification letter and affidavit signed by Mayor to Florida Department of Commerce . | Approved the award of Contract 25035 with LandDesign, Inc. to prepare the Village of Estero Eco -Historic planning study for $430,000, approve a $43,000 contingency for additional services that may be required to complete the project, and authorize the Village Manager to sign the contract and other additional implementing documents within the scope of the contract on behalf of the Village of Estero | Approved the award of landscaping, mowing and irrigation services for Village roadways for P & T Lawn & Tractor, for an amount not to exceed $2,896,517.52 annually, approve a $200,000 Contingency for additional services that may be required to complete the project, and authorize the Village Manager to sign the purchase order and other additional implementing documents on behalf of the Village of Estero | Approved awards of landscaping, mowing and irrigation services for Village roadways for Mainscape, Inc., in an amount not to exceed $1,432,600 annually, and to P & T Lawn & Tractor, for an amount not to exceed $581,107 annually. Vote : (Roll Call) Aye: | Approved GMP Addendum 2 for contract EC 2024 - 12 CMAR for Wright Construction to complete the site work and utility installation for the Estero Entertainment Campus for $ 9,536,910 and authorize the Village Manager to sign the contract and other additional implementation documents within the scope of the GMP addendum on behalf of the Village of Estero",9:30 AM,td/CS,Regular Council Meeting — 2025-05-21,https://estero-fl.gov/wp-content/uploads/library-ada/minutes/2025%20Minutes/Council/05212025.pdf,2025-05-21,"Home2 Suites proposed hotel site, Coconut Point Mall, Estero, FL",26.403277778,-81.808611111
PZ&DB General Meeting Records,PZDB Meeting,2025-05-13,2025,Accepted,Yes,Yes,PZ&DB project and location mapping in EagleGIS is still in progress; individual development projects are not fully catalogued yet. Residents can still comment through Engage Estero or Village eComment.,"Recommended approval to Village Council with the following conditions that the applicant will agree to provide the easements and funding to provide the underground power service to the existing power pole provided that FPL is willing to provide that service | Mayfield Village - Residential Planned Development Rezoning (District 4) (DCI2024-E008)) 8790 Broadway E, located south on Broadway E. and west of Sandy Lane and east of the Seminole Gulf Railroad right of way. No ex parte communication or conflicts of in. Action: Recommended approval to Village Council with the following conditions that the applicant will agree to provide the easements and funding to provide the underground power service to the existing power pole provided that FPL is willin... | Recommended approval to Village Council with the following conditions; contingent upon no night operations and contingent upon them having to secure the permits that they have to get from FDEP and Army Corps, no additional trips, abide by the schedule for trips is it the four during season a day, and three during nonseason and not on the weekends in nonseason, and they have make their application to the Army Corps and FDEP within 90-days of approval | Pelican Sound - Residential Planned Development - Zoning Amendment (District 2) (DCI2025-E001) 4561-4798 Pelican Sound Boulevard - located north of Williams Road and west of Koreshan State Park and US 41. No ex parte communication or conflicts of interest. Action: Recommended approval to Village Council with the following conditions; contingent upon no night operations and contingent upon them having to secure the permits that they have to get from FDEP and Army Corps, no additional trips, ab... | Approved approve Minor Change with the stipulations the planters out front to be consistent with the trellis with a natural wood color, the spire will be placed on the top of the building, and the stipulations provided by staff | Piccolo Buco - DOS2022-E001 Minor Change - Marketplace at Coconut Point Exterior Building Color Change (District 6) Located at the southern portion of Marketplace at Coconut Point between US 41 and Via Villagio and identified as Building III on the Develo. Action: Approved approve Minor Change with the stipulations the planters out front to be consistent with the trellis with a natural wood color, the spire will be placed on the top of the building, and the stipulations provided by staff",,,PZ&DB Meeting Minutes — 2025-05-13,https://estero-fl.gov/wp-content/uploads/library-ada/minutes/2025%20Minutes/PZDB/05132025%20PZDB%20Minutes.pdf,2025-05-13,"4798 Pelican Sound Boulevard, Estero, FL",26.436773779074,-81.828971636402
BERT Rail Trail,Regular Council Meeting,2025-04-16,2025,Accepted,Yes,No,,"Adopted Resolution No. 2025-06. | Adopted the First Amendment . | A uthorized a deeper solicitation process to search for additional, complimentary sports, entertainment and recreational partners within the Village Center Hub . | Approved award of Contract EC 2022-33 Change Order 01 to RWA Engineering to provide additional professional services to update design changes. Vote : (Roll Call) Aye: | Approved the BERT Memorandum of Agreement and to authorize the Village Manager to approve any minor revisions requested by the other partners to the agreement . | Approved Ordinance No. 2025-03 on First Reading and schedule Second Reading for April 16, 2025.",9:30 AM,td/CS,Regular Council Meeting — 2025-04-16,https://estero-fl.gov/wp-content/uploads/library-ada/minutes/2025%20Minutes/Council/04162025.pdf,2025-04-16,BERT Rail Trail Corridor,26.4339,-81.8157
PZ&DB General Meeting Records,PZDB Meeting,2025-04-08,2025,Accepted,Yes,Yes,PZ&DB project and location mapping in EagleGIS is still in progress; individual development projects are not fully catalogued yet. Residents can still comment through Engage Estero or Village eComment.,"Approved Development Order Amendment with the stipulations provided by staff | Via Coconut - Development Order Amendment (DOS2022-E007) (District 4) 8990 Corkscrew Road, 21650 & 21750 Via Coconut Point, 21331, 21350 & 21351 Happy Hollow Lane. Properties are located south of Corkscrew Road and west of Via Coconut Point Road. No ex pa. Action: Approved Development Order Amendment with the stipulations provided by staff",,,PZ&DB Meeting Minutes — 2025-04-08,https://estero-fl.gov/wp-content/uploads/library-ada/minutes/2025%20Minutes/PZDB/04082025%20PZDB%20Minutes.pdf,2025-04-08,"21351 Happy Hollow Lane, Estero, FL",26.428145699402,-81.805592580608
PZ&DB General Meeting Records,PZDB Meeting,2025-03-11,2025,Accepted,Yes,Yes,PZ&DB project and location mapping in EagleGIS is still in progress; individual development projects are not fully catalogued yet. Residents can still comment through Engage Estero or Village eComment.,"Approved exterior renovation at the entrance | South Regional Library - Redesign of exterior entry and interior remodel (District 4) 18251 Three Oaks Parkway, located on the west side of Three Oaks Parkway and north of Corkscrew Road. No ex parte communication or conflicts of interest were noted. Action: Approved exterior renovation at the entrance",,,PZ&DB Meeting Minutes — 2025-03-11,https://estero-fl.gov/wp-content/uploads/library-ada/minutes/2025%20Minutes/PZDB/03112025%20PZDB%20Minutes.pdf,2025-03-11,"18251 Three Oaks Parkway, Estero, FL",26.433779738905564,-81.78952626707927
BERT Rail Trail,Regular Council Meeting,2025-02-19,2025,Accepted,Yes,No,,"Approved Resolution No. 2025-01 to reappoint two (2) Planning, Zoning, and Design Board members for a one -year term. | Adopted Ordinance No. 2024-14 with",9:30 AM,td/CS,Regular Council Meeting — 2025-02-19,https://estero-fl.gov/wp-content/uploads/library-ada/minutes/2025%20Minutes/Council/02192025.pdf,2025-02-19,"Williams Road & Atlantic Gulf Boulevard, Estero, FL",26.420304009887,-81.812656010414
PZ&DB General Meeting Records,PZDB Meeting,2025-02-11,2025,Accepted,Yes,Yes,PZ&DB project and location mapping in EagleGIS is still in progress; individual development projects are not fully catalogued yet. Residents can still comment through Engage Estero or Village eComment.,"Approved recommendation to Council to approve zoning and DRI amendment based on the staff report | Home2 Suites - Zoning and DRI Amendment (DCI2024-E005) (District 6) The 2.37-acre hotel site is south of the movie theater in the Coconut Point Mall on the northwest corner of Via Coconut and Via Monte Carlo Way. The property is currently used as a parkin. Action: Approved recommendation to Council to approve zoning and DRI amendment based on the staff report | Approved the Walmart expansion and consideration by Walmart to reroute their trucks off US | Walmart Expansion (DOS2023-E008) (District 2) 19975 S. Tamiami Trail, located at the corner of US 41 and Estero Parkway. The original Development Order was approved in 2012, DOS2012-00045. Seeking to add a3,567 square foot addition to the north side of th. Action: Approved the Walmart expansion and consideration by Walmart to reroute their trucks off US | Approved Development Order with the staff conditions and additional stipulation on the easement | Estero 4.2 - Development Order (District 2) 19950 S. Tamiami Trail, located across US 41 from Wal-Mart and north of the Cayo de Estero Shoppes. The Development Order is for 2 commercial buildings and supporting infrastructure on 4 acres. The development w. Action: Approved Development Order with the staff conditions and additional stipulation on the easement",,,PZ&DB Meeting Minutes — 2025-02-11,https://estero-fl.gov/wp-content/uploads/library-ada/minutes/2025%20Minutes/PZDB/02112025%20PZDB%20Minutes.pdf,2025-02-11,"Home2 Suites proposed hotel site, Coconut Point Mall, Estero, FL",26.403277778,-81.808611111
BERT Rail Trail,Regular Council Meeting,2025-01-22,2025,Accepted,Yes,No,,"Approved award of Task Authorization 14 to Contract EC 2022-38 to Johnson Engineering to provide water monitoring services for The Village of Estero for $193,411, approve a $19,000 contingency for additional services that may be required to complete the project, and authorize the Village Manager to sign the STA and other additional implementing documents within the scope of the STA on behalf of the Village of Estero | Passed first reading and schedule second reading for February 5, 2025 and the applica nt will provide us with additional information. Village | Passed first reading and schedule second reading for January 22, 2025.",9:30 AM,td/CS,Regular Council Meeting — 2025-01-22,https://estero-fl.gov/wp-content/uploads/library-ada/minutes/2025%20Minutes/Council/01222025%20Minutes.pdf,2025-01-22,BERT Rail Trail Corridor,26.4339,-81.8157
PZ&DB General Meeting Records,PZDB Meeting,2025-01-14,2025,Accepted,Yes,Yes,PZ&DB project and location mapping in EagleGIS is still in progress; individual development projects are not fully catalogued yet. Residents can still comment through Engage Estero or Village eComment.,"Approved Development Order with the staff conditions | Genova Townhomes and Villas Development Order (DOS2023-E012) (District 4) 21471, 21510 and 21520 Strada Nuova Circle, located southeast of the Corkscrew Road and Via Coconut Intersection. The Development Order is for the last phase of the Genova Estero Pl. Action: Approved Development Order with the staff conditions | Approved Development Order with the following conditions: darker colors for the accent color instead of the latte, remove the vines, the monument sign would be simpler design with a three foot base, staff stipulation which was about connecting to sewer when it's available, and a zoning condition to do an inspection before to make sure the septic tank is working | 8111 Broadway East Development Order Amendment #1 (DOS2019-E004) (District 4) 8111 Broadway East is a1-acre site located 200 feet east of US 41. It was developed in 1983 by the U.S. Federal Government for a Post Office. The Development Order is for the re. Action: Approved Development Order with the following conditions: darker colors for the accent color instead of the latte, remove the vines, the monument sign would be simpler design with a three foot base, staff stipulation which was about... | Approved Limited Development Order with the staff conditions and the requested deviations | Estero Country Club Pickleball Limited Development Order (LDO2024-E041) (District 3) 19501 Vintage Trace Circle - The courts are in the southwest portion of the Vines Development and east of the clubhouse. sworn in by Land Use Attorney Stroud. Applicant i. Action: Approved Limited Development Order with the staff conditions and the requested deviations",,,PZ&DB Meeting Minutes — 2025-01-14,https://estero-fl.gov/wp-content/uploads/library-ada/minutes/2025%20Minutes/01142025%20PZDB%20Minutes.pdf,2025-01-14,"21510 and 21520 Strada Nuova Circle, Estero, FL",26.430750878728,-81.803208180612
BERT Rail Trail,Regular Council Meeting,2024-12-18,2024,Accepted,Yes,No,,Approved the final Sports Park Master Plan . | Approved m otion to accept the Standard & Poor's General Obligation Bond Rating for the Village of Estero.,9:30 AM,td/CS,Regular Council Meeting — 2024-12-18,https://estero-fl.gov/wp-content/uploads/library-ada/minutes/2024%20Minutes/12182024%20minutes.pdf,2024-12-18,BERT Rail Trail Corridor,26.4339,-81.8157
PZ&DB General Meeting Records,PZDB Meeting,2024-12-10,2024,Accepted,Yes,Yes,PZ&DB project and location mapping in EagleGIS is still in progress; individual development projects are not fully catalogued yet. Residents can still comment through Engage Estero or Village eComment.,"No formal action recorded. Home2 Suites - Zoning Amendment (DCI2024-E005) (District 6) The proposed hotel site is located in Coconut Point Mall south of the movie theater on the northwest corner of Via Coconut and Via Monte Carlo Way. The property is currently used as a parking lot. Staff Presentation/Comments Mary Gibbs, Community Development Director Presentation/Information by Lee Shuman, Peachtree Group Jeremy M. Pettit, P.E., Ingenium Enterprises, Inc - Civil Engineering & Planning Christopher Allred AIA, The RBA Group Board Questions or Comments Board Members Wallace, Paivandy, Williams, Tatooles, Vice Chairman Sheeley, and Presentation/Information by Tyler Lamkey, Riverside Investment & Development Planning Zoning and Design Board Minutes - December 10, 2024 Page 4 of 4 Public Comment None | Home2 Suites - Zoning Amendment (DCI2024-E005) (District 6) The proposed hotel site is located in Coconut Point Mall south of the movie theater on the northwest corner of Via Coconut and Via Monte Carlo Way. The property is currently used as a parking lot. Action: No formal action recorded. Home2 Suites - Zoning Amendment (DCI2024-E005) (District 6) The proposed hotel site is located in Coconut Point Mall south of the movie theater on the northwest corner of Via Coconut and Via Monte Carlo Wa... | No formal action recorded. Estero Country Club Pickleball Limited Development Order (LDO2024-E041) Final Action Agenda/Minutes are supplemented by audio and video recordings of the meetings, as well as transcripts. Video recordings of Design Review Board meetings from June 8, 2016, forward, as well agendas, staff reports, resolutions, ordinances, and other documents related to the meetings can be viewed online at https://estero-fl.gov/agendas/ at the corresponding meeting date. Planning Zoning and Design Board Minutes - December 10, 2024 Page 2 of 4 9501 Vintage Trace Circle - The courts are in the southwest portion of the Vines Development and east of the clubhouse. Staff Presentation/Comments Mary Gibbs, Community Development Director Presentation/Information by Tyler Bonnough, Bowman Bruce Ackerman, General Manager of Estero Country Club Public Comment None. Board Questions or Comments Board Members Wallace and | Estero Country Club Pickleball Limited Development Order (LDO2024-E041) Final Action Agenda/Minutes are supplemented by audio and video recordings of the meetings, as well as transcripts. Video recordings of Design Review Board meetings from June 8, 2016,. Action: No formal action recorded. Estero Country Club Pickleball Limited Development Order (LDO2024-E041) Final Action Agenda/Minutes are supplemented by audio and video recordings of the meetings, as well as transcripts. Video recordings...",,,PZ&DB Meeting Minutes — 2024-12-10,https://estero-fl.gov/wp-content/uploads/library-ada/minutes/2024%20Minutes/PZDB/12102024%20PZDB%20Minutes.pdf,2024-12-10,"Home2 Suites proposed hotel site, Coconut Point Mall, Estero, FL",26.403277778,-81.808611111
PZ&DB General Meeting Records,PZDB Meeting,2024-11-12,2024,Accepted,Yes,Yes,PZ&DB project and location mapping in EagleGIS is still in progress; individual development projects are not fully catalogued yet. Residents can still comment through Engage Estero or Village eComment.,"Recommended approval to Council with conditions that the developer ensures that they work with Marsh Landing to provide a visually opaque barrier by time of C.O., the front entry to be revised to make it more welcoming area, three signature tree/palms, will be planted along the Eastern face and the open vertical panels, parking lot lighting will be reduced to 20-foot poles throughout parking, visually opaque windows will be used on the west side of the building, and 48-inch continuous hedgerow will be adjacent to the parking and adjacent Marsh Landing | Coconut Trace Planned Development - Zoning Amendment (DCI2024-E006) (District 1) 22910 Lyden Drive, located west of US 41 across from the Coconut Point Mall. No conflicts of interest were noted. Board Member Tatooles received letters from people that live. Action: Recommended approval to Council with conditions that the developer ensures that they work with Marsh Landing to provide a visually opaque barrier by time of C.O., the front entry to be revised to make it more welcoming area, three s... | Approved Development Order with the staff conditions and the requested deviations | Woodfield Mixed-Use Development Order - DOS2024-E002 (District 6) ±46 vacant acres on the northwest corner of US 41 and Coconut Road Final Action Agenda/Minutes are supplemented by audio and video recordings of the meetings, as well as transcripts. Video . Action: Approved Development Order with the staff conditions and the requested deviations",,,PZ&DB Meeting Minutes — 2024-11-12,https://estero-fl.gov/wp-content/uploads/library-ada/minutes/2024%20Minutes/PZDB/11122024%20PZDB%20Minutes.pdf,2024-11-12,"Woodfield Estero project site, northwest corner of US 41 & Coconut Road, Estero, FL",26.4022,-81.815
PZ&DB General Meeting Records,PZDB Meeting,2024-10-29,2024,Accepted,Yes,Yes,PZ&DB project and location mapping in EagleGIS is still in progress; individual development projects are not fully catalogued yet. Residents can still comment through Engage Estero or Village eComment.,"Approved the Development Order with staff stipulation and with added landscaping on the North side | Starbucks - Estero Town Commons - Development Order (DOS2024-E001) (District 4) 21301 Town Commons Drive, ± 1.4-acre vacant parcel on the corner of Corkscrew Road and Town Commons Drive in Estero Town Center Commercial Planned Development (CPD) Also known. Action: Approved the Development Order with staff stipulation and with added landscaping on the North side | Approved a continuance until November 12, 2024 meeting | Coconut Trace Planned Development - Zoning Amendment (DCI2024-E006) (District 1) 22910 Lyden Drive, located west of US 41 across from the Coconut Point Mall. No conflicts of interest were noted. Board Member Tatooles received letters from people that live. Action: Approved a continuance until November 12, 2024 meeting | Approved Limited Development Order | Shadow Wood Community Association - Three Oaks Guardhouse Remodel (LDO2024-E037) (District 6) The guardhouse is located at the entrance to Shadow Wood on Oakwilde Boulevard and Three Oaks Parkway. No ex parte communication or conflicts of interest were no. Action: Approved Limited Development Order",,,PZ&DB Meeting Minutes — 2024-10-29,https://estero-fl.gov/wp-content/uploads/library-ada/minutes/2024%20Minutes/PZDB/10292024%20PZDB%20Minutes.pdf,2024-10-29,"Three Oaks Parkway & Oakwilde Boulevard, Estero, FL",26.413073989755,-81.785739540023
PZ&DB General Meeting Records,PZDB Meeting,2024-10-08,2024,Accepted,Yes,Yes,PZ&DB project and location mapping in EagleGIS is still in progress; individual development projects are not fully catalogued yet. Residents can still comment through Engage Estero or Village eComment.,,,,PZ&DB Meeting Minutes — 2024-10-08,https://estero-fl.gov/wp-content/uploads/library-ada/minutes/2024%20Minutes/PZDB/10082024%20PZDB%20Minutes.pdf,2024-10-08,Village of Estero Council Chambers,26.4361,-81.8062
BERT Rail Trail,Regular Council Meeting,2024-09-11,2024,Accepted,Yes,No,,"Adopted Resolution No. 2024-12. Vote : (Roll Call) Aye: | Adopted Resolution No. 2024-13. | Adopted Resolution No. 2024-15. Village | Approved award of Invitation to Bid 100124, Disaster Debris Monitoring Services for the Village of Estero to the apparent low bidder, Disaster Program Operations, Inc. to provide on- call disaster debris monitoring services as provided in the contract for a one -year period, at the rates submitted on their bid, authorize the Village Manager to execute contract documents on behalf of the Village of Estero | Approved award of Invitation to Bid 100224, Disaster Recovery Services for the Village of Estero to CrowderGulf Joint Venture, Inc. to provide on-call disaster recovery services as provided in the solicitation. Authorize the Village Manager to execute a contract document on behalf of the Village of Estero | Approved EC Task Order in the amount of $188,921 for Hagerty Consulting, Inc. to assist the Village of Estero in CDBG -DR Recovery and Resiliency Planning Program Grant Management Support.",9:30 AM,td/CS,Regular Council Meeting — 2024-09-11,https://estero-fl.gov/wp-content/uploads/library-ada/minutes/2024%20Minutes/09112024%20minutes.pdf,2024-09-11,BERT Rail Trail Corridor,26.4339,-81.8157
PZ&DB General Meeting Records,PZDB Meeting,2024-09-10,2024,Accepted,Yes,Yes,PZ&DB project and location mapping in EagleGIS is still in progress; individual development projects are not fully catalogued yet. Residents can still comment through Engage Estero or Village eComment.,"Approved the Development Order with staff stipulations and the condition that the architect brings back the south and west elevations for Planning Zoning and Design Board to review | Estero Entertainment District - Development Order (DOS2024-E007) (District 4) The Village owned property is located at 9000 Williams Road on the north side of Williams Road and east of Via Coconut and the railroad right of way. The 21± acres was rezoned t. Action: Approved the Development Order with staff stipulations and the condition that the architect brings back the south and west elevations for Planning Zoning and Design Board to review | Recommended approval by Council of the Rezoning with staff conditions | Estero Townhomes EPD - Rezoning (DCI2024-E003) (District 4) 21.4 acres located on the northeast corner of Corkscrew Road and Sandy Lane formerly known as The Colonnade. Continued from July 9th meeting. Applicant requests a rezoning for a2-story townhome d. Action: Recommended approval by Council of the Rezoning with staff conditions | Approved Development Order with staff recommendations, the change of the dark blue to the lighter blue, and the deviation in parking | Celebree School - Development Order (DOS2024-E006) (District 4) 10351 Corkscrew Commons Drive. The property is located north of Corkscrew Road and west of Corkscrew Crossings Boulevard. The building previously operated as a Goodwill Retail & Donation Cent. Action: Approved Development Order with staff recommendations, the change of the dark blue to the lighter blue, and the deviation in parking",,,PZ&DB Meeting Minutes — 2024-09-10,https://estero-fl.gov/wp-content/uploads/library-ada/minutes/2024%20Minutes/PZDB/09102024%20PZDB%20Minutes.pdf,2024-09-10,"Ben Hill Griffin Parkway & Everblades Parkway North, Estero, FL",26.443920189721,-81.773684686876
PZ&DB General Meeting Records,PZDB Meeting,2024-08-13,2024,Accepted,Yes,Yes,PZ&DB project and location mapping in EagleGIS is still in progress; individual development projects are not fully catalogued yet. Residents can still comment through Engage Estero or Village eComment.,,,,PZ&DB Meeting Minutes — 2024-08-13,https://estero-fl.gov/wp-content/uploads/library-ada/minutes/2024%20Minutes/PZDB/08132024%20PZDB%20Minutes.pdf,2024-08-13,Village of Estero Council Chambers,26.4361,-81.8062
PZ&DB General Meeting Records,PZDB Meeting,2024-07-09,2024,Accepted,Yes,Yes,PZ&DB project and location mapping in EagleGIS is still in progress; individual development projects are not fully catalogued yet. Residents can still comment through Engage Estero or Village eComment.,"Approved continuance to the August 13, 2024, Planning Zoning and Design Board Meeting | Estero Townhomes EPD - Rezoning (DCI2024-E003) (District 4) 21.4 acres located on the northeast corner of Corkscrew Road and Sandy Lane formerly known as The Colonnade. Applicant requests a rezoning for a2-story townhome development with 171 townhome unit. Action: Approved continuance to the August 13, 2024, Planning Zoning and Design Board Meeting | Recommended approval by Council of the Zoning Amendment with staff recommendations | Via Coconut - Zoning Amendment (DCI2024-E004) (District 4) 8990 Corkscrew Road, 21650 & 21750 Via Coconut Point, 21331, 21350 & 21351 Happy Hollow Lane. Properties are located on 20-acres, south of Corkscrew Road and west of Via Coconut Point Road. Via Co. Action: Recommended approval by Council of the Zoning Amendment with staff recommendations",,,PZ&DB Meeting Minutes — 2024-07-09,https://estero-fl.gov/wp-content/uploads/library-ada/minutes/2024%20Minutes/PZDB/07092024%20PZDB%20Minutes.pdf,2024-07-09,"Estero Townhomes EPD site, 9301 Corkscrew Road, Estero, FL",26.432264859989,-81.801155452524
BERT Rail Trail,Regular Council Meeting,2024-06-19,2024,Accepted,Yes,No,,"Approved the ranking of construction management firms for RFP 2024-04 as 1- Wright Construction and a uthorize Village | Approved the ranking of construction management firms for RFP 2024-02 as recommended by the Village of Estero's selection committee. 1-Manhattan Construction, 2- Wright Construction, 3- Chris Tel Construction, 4- Seagate Development Group, 5 Brooks & Freund, and authorize Village | Approved the ranking of construction management firms for RFP 2024-03 as recommended by the Village's selection committee. 1 - Wright Construction, 2 - AIM Construction, 3 - Chris Tel Construction, 4 - American Infrastructure Services, and authorize Village | Passed first reading and schedule second reading for June 19, 2024. | Passed Second Reading of Ordinance No. 2024-06.",9:30 AM,td/CS,Regular Council Meeting — 2024-06-19,https://estero-fl.gov/wp-content/uploads/library-ada/minutes/2024%20Minutes/06192024%20minutes.pdf,2024-06-19,"8111 Broadway Avenue East, Estero, FL",26.44244610632,-81.809993666508
PZ&DB General Meeting Records,PZDB Meeting,2024-06-11,2024,Accepted,Yes,Yes,PZ&DB project and location mapping in EagleGIS is still in progress; individual development projects are not fully catalogued yet. Residents can still comment through Engage Estero or Village eComment.,"Recommended approval to the Village Council with staff conditions and the additional modifications to the Pattern Book and phasing conditions | Plaza Del Sol CPD- Zoning Amendment (DCI2024-E002) (District 4) 0251 Arcos Avenue located on a ± 7-acre vacant site east of the Estero Medical Center, off Arcos Avenue in the Plaza Del Sol Commercial Planned Development (CPD) Applicant seeks zoning amendm. Action: Recommended approval to the Village Council with staff conditions and the additional modifications to the Pattern Book and phasing conditions | Approved the Development Order with staff stipulations, including the condition for the sidewalk easement, and the sign | Palms Day School- Development Order (DOS2024-E003) (District 4) 9600 Corkscrew Road, a vacant ± 3.5-acre site located on the southwest corner of River Ranch and Corkscrew Road - Zoned Commercial Planned Development (CPD). Applicant seeks a Development Ord. Action: Approved the Development Order with staff stipulations, including the condition for the sidewalk easement, and the sign | Approved the Development Order with staff stipulations | The Goddard School for Early Childhood Development - Development Order (DOS2024-E004)) (District 4) 10100 Arcos Avenue, located on the east side of Three Oaks Parkway, on the corner of Quente Way and Arcos Avenue, and south of Classic Car Wash. Applicant . Action: Approved the Development Order with staff stipulations",,,PZ&DB Meeting Minutes — 2024-06-11,https://estero-fl.gov/wp-content/uploads/library-ada/minutes/2024%20Minutes/PZDB/06112024%20PZDB%20Minutes.pdf,2024-06-11,"19701 S. Tamiami Trail, Estero, FL",26.454126833218,-81.821494392036
BERT Rail Trail,Regular Council Meeting,2024-06-05,2024,Accepted,Yes,No,,"Approved Resolution No. 2024-05. Vote : (Roll Call) Aye: | Approved the Village Manager to execute the High- 5 | Approved that Wright Construction Group is granted a Notice to Proceed on their phase 1 construction costs based on GMP#1. | Passed First Reading of Ordinance No. 2024-06 and set second reading for June 5, 2024.",9:30 AM,td/CS,Regular Council Meeting — 2024-06-05,https://estero-fl.gov/wp-content/uploads/library-ada/minutes/2024%20Minutes/06052024%20minutes.pdf,2024-06-05,"8111 Broadway Avenue East, Estero, FL",26.44244610632,-81.809993666508
BERT Rail Trail,Regular Council Meeting,2024-05-15,2024,Accepted,Yes,No,,"Approved Construction Manager at Risk agreement between Village of Estero and Manhattan Construction, Inc. for Williams Road and Atlantic Gulf Blvd Intersection Project and to authorize the Village Manager to execute the agreement and any related documents or amendments as may be necessary, except for the Guaranteed Maximum Price amendment, which will be approved by | Approved Construction Manager at Risk agreement between Village of Estero and Chris -Tel Construction, Inc. for the Sandy Lane Bike/Ped Improvements Project and to authorize the Village Manager to execute the agreement with an effective date of July 1, 2024 and any related documents or amendments as may be necessary, except for the Guaranteed Maximum Price amendment, which will be approved by | Approved of the attached Resolution will give credibility to the Village of Estero interest in this acquisition. It can also be used as the necessary financial match for Federal and State grants. | Adopted Resolution No. 2024-07. | Approved Resolution No. 2024-08 authorizing the Village Manager to perform various duties including accepting and authorizing CDBG -DR grants from HUD and administered by Lee County. | Approved Resolution No. 2024-09 Excessive Force Policy.",9:30 AM,td/CS,Regular Council Meeting — 2024-05-15,https://estero-fl.gov/wp-content/uploads/library-ada/minutes/2024%20Minutes/05152024%20minutes.pdf,2024-05-15,"Corkscrew Pines project site, Estero, FL",26.4383,-81.7603
PZ&DB General Meeting Records,PZDB Meeting,2024-05-14,2024,Accepted,Yes,Yes,PZ&DB project and location mapping in EagleGIS is still in progress; individual development projects are not fully catalogued yet. Residents can still comment through Engage Estero or Village eComment.,"Recommended approval to Village Council with staff conditions and one additional condition that the color palette be consistent with the rendering | 8111 Broadway East (Old Post Office) Zoning Amendment (DCI2024-E001) (District 4) The 1-acre site is located 200 feet east of US 41 on property originally developed by the U.S. Federal Government for a Post Office. Action: Recommended approval to Village Council with staff conditions and one additional condition that the color palette be consistent with the rendering | Approved the Limited Development Order Amendment with staff stipulations | The Brooks Commons Club - Pickleball Expansion (Amendment to LDO2022-E051) (District 6) The Commons Club is located at 9920 Coconut Road. The courts are west of the club along Coconut Road. Applicant is seeking to revise the original plan presented to the. Action: Approved the Limited Development Order Amendment with staff stipulations | Approved the Limited Development Order with staff stipulations | Wildcat Run Pickleball- Limited Development Order (LDO2024-E002) (District 7) 20300 Country Club Drive, south of Corkscrew Road and immediately west of RiverCreek. Applicant is seeking to renovate 1 of the 5 existing tennis courts into 4 new pickleball co. Action: Approved the Limited Development Order with staff stipulations",,,PZ&DB Meeting Minutes — 2024-05-14,https://estero-fl.gov/wp-content/uploads/library-ada/minutes/2024%20Minutes/PZDB/05142024%20PZDB%20Minutes.pdf,2024-05-14,"Coconut Road & Oakwilde Boulevard, Estero, FL",26.398580002784,-81.798864007834
Septic to Sewer Conversion,Regular Council Meeting,2024-05-01,2024,Accepted,Yes,No,,"Approved EC 2024-06 STA -05 in the amount of $81,000 with Florida Acquisition & Appraisal, Inc. to assist the Village in obtaining easement and property required to construction the Broadway Ave East UEP Areas 2 & 3, approve a $8,100 contingency for additional services that may be required to complete the project, and authorize the Village Manager to sign the contract and other additional implementing documents within the scope of the contract on behalf of the Village of Estero | Approved the Assignment and Amendment of the License Agreement for Sandy Lane Right of Way Occupation, Drainage Pipe Construction and Maintenance agreement with Seminole Gulf Railway and authorize the Village Manager to execute the agreement on behalf of the Village | Approved continuance to May 1, 2024.",9:30 AM,td/CS,Regular Council Meeting — 2024-05-01,https://estero-fl.gov/wp-content/uploads/library-ada/minutes/2024%20Minutes/05012024%20minutes.pdf,2024-05-01,"Williams Road & Atlantic Gulf Boulevard, Estero, FL",26.420304009887,-81.812656010414
BERT Rail Trail,Regular Council Meeting,2024-04-17,2024,Accepted,Yes,No,,"Selected Al Paivandy, James E Tatooles, and Leonard E Scotty Wood III to a one -year term to the Planning, Zoning, and Design Board members, Dan Williams, Anthony Gargano, and Michael Sheeley to a three -year term to the Planning Zoning and Design Board and approve Resolution No. 2024-04. Vote : (Roll Call) Aye: | Selected Anthony Gargano as Chairperson of the Planning Zoning and Design Board. | Approved the Framework of Cooperation Between the Village of Estero and the Estero Forever Foundation. | Approved EC 2024-29 Wright Construction Group Piggyback Agreement for Construction Manager At Risk services and to authorize the Village Manager to execute the agreement and any related documents or amendments as may be necessary. | Approved EC 2019-66 STA -44 in the amount of $57,500 with P & T Lawn & Tractor to relocated twelve palm trees at Jeff Sommer Stadium, approve a $5,000 contingency for additional services that may be required to complete the project, and authorize the Village Manager to sign the contract and other additional implementing documents within the scope of the contract on behalf of the Village of Estero | Approved EC 2022-38 STA-13 in the amount of $175,486 with Johnson Engineering to perform construction site inspections for all projects within the Village of Estero, approve a $17,000 contingency for additional services that may be required to complete the project, authorize the Village Manager to sign the contract and other additional implementing documents within the scope of the contract on behalf of the Village of Estero",9:30 AM,td/CS,Regular Council Meeting — 2024-04-17,https://estero-fl.gov/wp-content/uploads/library-ada/minutes/2024%20Minutes/04172024%20minutes.pdf,2024-04-17,"19980 Bella Terra Boulevard, Estero, FL",26.450582796918,-81.73115952021
PZ&DB General Meeting Records,PZDB Meeting,2024-04-09,2024,Accepted,Yes,Yes,PZ&DB project and location mapping in EagleGIS is still in progress; individual development projects are not fully catalogued yet. Residents can still comment through Engage Estero or Village eComment.,"No formal action recorded. Estero Family Health Center - Addition (DOS2023-E011) (District 3) 19701 S. Tamiami Trail, located east on US 41, north of the Vines entrance. Applicant is seeking approval of a ± 4,153 square foot addition to the north side of the existing health center, with parking improvements. Final Action Agenda/Minutes are supplemented by audio and video recordings of the meetings, as well as transcripts. Video recordings of Design Review Board meetings from June 8, 2016, forward, as well agendas, staff reports, resolutions, ordinances, and other documents related to the meetings can be viewed online at https://estero-fl.gov/agendas/ at the corresponding meeting date. Planning Zoning and Design Board Minutes - April 9, 2024 Page 2 of 9 Staff Presentation/Comments Mary Gibbs, Community Development Director Presentation/Information by Joshua J. Jennings P.E, Weiler Engineering Corporation James J. H | Estero Family Health Center - Addition (DOS2023-E011) (District 3) 19701 S. Tamiami Trail, located east on US 41, north of the Vines entrance. Applicant is seeking approval of a ± 4,153 square foot addition to the north side of the existing health center,. Action: No formal action recorded. Estero Family Health Center - Addition (DOS2023-E011) (District 3) 19701 S. Tamiami Trail, located east on US 41, north of the Vines entrance. Applicant is seeking approval of a ± 4,153 square foot additio...",,,PZ&DB Meeting Minutes — 2024-04-09,https://estero-fl.gov/wp-content/uploads/library-ada/minutes/2024%20Minutes/PZDB/04092024%20PZDB%20Minutes.pdf,2024-04-09,"19701 S. Tamiami Trail, Estero, FL",26.454126833218,-81.821494392036
BERT Rail Trail,Regular Council Meeting,2024-04-03,2024,Accepted,Yes,No,,"Approved EC 2023-38 STA -02 in the amount of $203,782 for Hagerty Consulting, Inc. to assist the Village of Estero in preparing and submitting CDBG -DR Infrastructure Grant applications, approve a $20,000 contingency for additional services that may be required to complete the project, and authorize the Village Manager to sign the contract and other additional implementing documents within the scope of the contract on behalf of the Village of Estero | Approved EC 2024-27 Chris -Tel Construction Piggyback Agreement for Construction Manager at Risk services and to authorize the Village Manager to execute the agreement and any related documents or amendments as may be necessary. | Approved EC 2024-28 Manhattan Construction Piggyback Agreement for Construction Manager at Risk services and to authorize the Village Manager to execute the agreement and any related documents or amendments as may be necessary. | Adopted Ordinance No. 2024-01. | Adopted Ordinance No. 2024-02. | Adopted Ordinance No. 2024-04.",9:30 AM,td/CS,Regular Council Meeting — 2024-04-03,https://estero-fl.gov/wp-content/uploads/library-ada/minutes/2024%20Minutes/04032024%20minutes.pdf,2024-04-03,"19980 Bella Terra Boulevard, Estero, FL",26.450582796918,-81.73115952021
BERT Rail Trail,Regular Council Meeting,2024-03-20,2024,Accepted,Yes,No,,"Approved EC 2024-26 in the amount of $1,967,667 for Hellas Construction, Inc. to install artificial turf on The Jeff Sommer Stadium football field, approve a $197,000 contingency for additional services that may be required to complete the project, and authorize the Village Manager to sign the contract and other additional implementing documents within the scope of the contract on behalf of the Village of Estero | Approved the attached Professional Services agreement with Vieste, LLC. | P assed first reading of Ordinance No. 2024-01 and set second reading for March 20, 2024. | P assed first reading of Ordinance No. 2024-02 and set second reading for March 20, 2024. | P assed first reading of Ordinance No. 2024-04 and set second reading for March 20, 2024. | Adopted Ordinance No. 2024-03 subject to changing the word enforcement to compliance .",9:30 AM,td/CS,Regular Council Meeting — 2024-03-20,https://estero-fl.gov/wp-content/uploads/library-ada/minutes/2024%20Minutes/03202024%20minutes.pdf,2024-03-20,BERT Rail Trail Corridor,26.4339,-81.8157
PZ&DB General Meeting Records,PZDB Meeting,2024-03-12,2024,Accepted,Yes,Yes,PZ&DB project and location mapping in EagleGIS is still in progress; individual development projects are not fully catalogued yet. Residents can still comment through Engage Estero or Village eComment.,"Recommended to Council to approve amendment to Commercial Planned Development to add the use of Wireless Communication Facility with staff conditions and an additional condition to provide an updated letter from the engineer addressing the taller tower height and the fall radius | Cell Phone Tower - Bella Terra - Zoning Amendment (DCI2023-E002) (District 7) 19980 Bella Terra Boulevard, ±12.44 acres, partially cleared located on Corkscrew Road, west of Bella Terra's entrance and south of Wild Blue. Final Action Agenda/Minutes are su. Action: Recommended to Council to approve amendment to Commercial Planned Development to add the use of Wireless Communication Facility with staff conditions and an additional condition to provide an updated letter from the engineer address...",,,PZ&DB Meeting Minutes — 2024-03-12,https://estero-fl.gov/wp-content/uploads/library-ada/minutes/2024%20Minutes/PZDB/03122024%20PZDB%20Minutes.pdf,2024-03-12,"19980 Bella Terra Boulevard, Estero, FL",26.450582796918,-81.73115952021
Corkscrew Road Widening,Regular Council Meeting,2024-02-21,2024,Accepted,Yes,No,,"Approved schedule for Planning Zoning and Design Board appointments. Village | Adopted Resolution No. 2024-03. Vote : (Roll Call) Aye: | Approved EC 2024-06 STA - 02 in the amount of $47,200 for Florida Acquisition & Appraisal Inc. to provide easement acquisition services for the Sandy Lane Bike/Ped Improvements Project, approve a $4,700 contingency for additional services that may be required to complete the project, and authorize the Village Manager to sign the contract and other additional implementing documents within the scope of the contract on behalf of the Village of Estero | Approved EC 2024-06 STA -03 in the amount of $200,600 for Florida Acquisition & Appraisal Inc. to provide easement acquisition services for the River Ranch Road Improvements Project, approve a $20,000 contingency for additional services that may be required to complete the project, and authorize the Village Manager to sign the contract and other additional implementing documents within the scope of the contract on behalf of the Village of Estero | Approved EC 2019-66 STA -42 in the amount of $236,405 for P & T Lawn & Tractor Services, Inc. to install landscaping along US 41 from Williams Road to south of Estero Parkway, approve a $23,000 contingency for additional services that may be required to complete the project, and authorize the Village Manager to sign the contract and other additional implementing documents within the scope of the contract on Village | Approved EC 2024-06 STA - 01 in the amount of $59,000 for Florida Acquisition & Appraisal Inc. to provide easement acquisition services for the Corkscrew Road Pathway Improvements Project, approve a $5,900 contingency for additional services that may be required to complete the project, and authorize the Village Manager to sign the contract and other additional implementing documents within the scope of the contract on behalf of the Village of Estero",9:30 AM,td/CS,Regular Council Meeting — 2024-02-21,https://estero-fl.gov/wp-content/uploads/library-ada/minutes/2024%20Minutes/02212024%20minutes.pdf,2024-02-21,"Corkscrew Road from Ben Hill Griffin Parkway to east of Bella Terra Boulevard, Estero, FL",26.443916962688,-81.750022322755
BERT Rail Trail,Regular Council Meeting,2024-02-21,2024,Accepted,Yes,No,,"Approved a perpetual sidewalk easement agreement with GL Homes to obtain an easement for the path along the River Creek Community and pay GL Homes $104,994.23 after they build the path using asphalt as the material, approve a $10,000 contingency for additional services that may be required to complete the project, and authorize the Village Manager to sign the sidewalk easement agreement and other additional implementing documents within the scope of the agreement on behalf of the Village of Estero | P assed first reading of Ordinance No. 2024-03 and set second reading for March 6, 2024. Vote : (Roll Call) Aye:",9:30 AM,td/CS,Regular Council Meeting — 2024-02-21,https://estero-fl.gov/wp-content/uploads/library-ada/minutes/2024%20Minutes/02212024%20minutes.pdf,2024-02-21,"Corkscrew Road from Ben Hill Griffin Parkway to east of Bella Terra Boulevard, Estero, FL",26.443916962688,-81.750022322755
PZ&DB General Meeting Records,PZDB Meeting,2024-02-13,2024,Accepted,Yes,Yes,PZ&DB project and location mapping in EagleGIS is still in progress; individual development projects are not fully catalogued yet. Residents can still comment through Engage Estero or Village eComment.,"Approved Development Order with condition to provide updated construction information in the Construction Activities Management Plan within 30 days of Planning Zoning and Design Board approval | Downtown Estero Multi-Family Townhomes - Development Order, DOS2023-E009 (District 4) Multi-Family Townhomes located in the 34-acre Downtown Estero Development, east of US 41 and north of Broadway East. Final Action Agenda/Minutes are supplemented by audi. Action: Approved Development Order with condition to provide updated construction information in the Construction Activities Management Plan within 30 days of Planning Zoning and Design Board approval",,,PZ&DB Meeting Minutes — 2024-02-13,https://estero-fl.gov/wp-content/uploads/library-ada/minutes/2024%20Minutes/PZDB/02132024%20PZDB%20Minutes.pdf,2024-02-13,"Downtown Estero project site, east of US 41 and north of Broadway Avenue East, Estero, FL",26.4432,-81.807
BERT Rail Trail,Regular Council Meeting,2024-01-24,2024,Accepted,Yes,No,,"Approved Interlocal Agreement for Election Services with the Supervisor of Elections. Village | Approved EC 2024-10 in the amount of $151,440 for CW3 Engineering, Inc. to provide construction engineering and inspection services for the Estero on the River Phase 1 Improvements, approve a $15,000 contingency for additional services tha t may be required to complete the project and authorize the Village Manager to sign the contract and other additional implementing documents within the scope of the contract on behalf of the Village of Estero | Approved EC 2024-09 in the amount of $490,560.65 for HighSpans Engineering, Inc. to provide construction engineering and inspection services for the Sandy Lake Bike/Ped Improvements, approve a $49,000 contingency for additional services that may be required to complete the project, and authorize the Village Manager to sign the contract and other additional i mplementing documents within the scope of the contract on behalf of the Village of Estero | Adopted Resolution No. 2024-02. Vote : (Roll Call) Aye: | Approved Agreement of Purchase and Sale Agreement for the purchase of 20897 Three Oaks Parkway. Vote : (Roll Call) Aye: | Approved Recreation Lease Agreement with the Lee County School Board . Vote : (Roll Call) Aye:",9:30 AM,td/CS,Regular Council Meeting — 2024-01-24,https://estero-fl.gov/wp-content/uploads/library-ada/minutes/2024%20Minutes/01242024%20minutes.pdf,2024-01-24,"20897 Three Oaks Parkway, Estero, FL",26.436576930078,-81.784532881242
PZ&DB General Meeting Records,PZDB Meeting,2024-01-09,2024,Accepted,Yes,Yes,PZ&DB project and location mapping in EagleGIS is still in progress; individual development projects are not fully catalogued yet. Residents can still comment through Engage Estero or Village eComment.,,,,PZ&DB Meeting Minutes — 2024-01-09,https://estero-fl.gov/wp-content/uploads/library-ada/minutes/2024%20Minutes/PZDB/01092024%20PZDB%20Minutes.pdf,2024-01-09,Village of Estero Council Chambers,26.4361,-81.8062
Septic to Sewer Conversion,Regular Council Meeting,2024-01-03,2024,Accepted,Yes,No,,"Adopted the Village of Estero Information Security Policy. Village | Accepted a payment of $30,000 from ProEnergy, LLC, in compromise of the Village's code enforcement lien on the owner's property at 8800 Corkscrew Road, and to authorize the Village Manager or his designee to file a release of lien once the payment has been made. Vote : (Roll Call) Aye: | Approved Contract EC 2024-07 with Johnson Engineering, Inc. to prepare the Village Wide Traffic Study for $249,480, approve a $25,000 contingency for additional services that may be required to complete the project, authorize the Village Manager to sign the contract and other additional implementing documents within the scope of the contract on behalf of the Village of Estero | Approved contract EC 2024-06 with Florida Acquisition Services to provide right -of-way acquisition services to the Village of Estero and authorize the Village Manager to sign the contract and other implementing documents within the scope of the contract on behalf of the Village of Estero | Approved Change Order No. 1 in the amount of $8,500.00 to Contract EC 2022-83 with National Water Main Cleaning Company for the gravity sewer line testing in the Estero Bay Village, Sunny Grove, and Cypress Bend mobile home developments, approve a 10% (of the total project cost) project contingency of $9,400, and authorize the Village Manager to Village",9:30 AM,td/CS,Regular Council Meeting — 2024-01-03,https://estero-fl.gov/wp-content/uploads/library-ada/minutes/2024%20Minutes/01032024%20minutes.pdf,2024-01-03,"8800 Corkscrew Road, Estero, FL",26.430882013604,-81.807370969005
Corkscrew Road Widening,Regular Council Meeting,2024-01-03,2024,Accepted,Yes,No,,"Adopted the Village of Estero Information Security Policy. Village | Accepted a payment of $30,000 from ProEnergy, LLC, in compromise of the Village's code enforcement lien on the owner's property at 8800 Corkscrew Road, and to authorize the Village Manager or his designee to file a release of lien once the payment has been made. Vote : (Roll Call) Aye: | Approved Contract EC 2024-07 with Johnson Engineering, Inc. to prepare the Village Wide Traffic Study for $249,480, approve a $25,000 contingency for additional services that may be required to complete the project, authorize the Village Manager to sign the contract and other additional implementing documents within the scope of the contract on behalf of the Village of Estero | Approved contract EC 2024-06 with Florida Acquisition Services to provide right -of-way acquisition services to the Village of Estero and authorize the Village Manager to sign the contract and other implementing documents within the scope of the contract on behalf of the Village of Estero | Approved Change Order No. 1 in the amount of $8,500.00 to Contract EC 2022-83 with National Water Main Cleaning Company for the gravity sewer line testing in the Estero Bay Village, Sunny Grove, and Cypress Bend mobile home developments, approve a 10% (of the total project cost) project contingency of $9,400, and authorize the Village Manager to Village",9:30 AM,td/CS,Regular Council Meeting — 2024-01-03,https://estero-fl.gov/wp-content/uploads/library-ada/minutes/2024%20Minutes/01032024%20minutes.pdf,2024-01-03,"8800 Corkscrew Road, Estero, FL",26.430882013604,-81.807370969005
BERT Rail Trail,Regular Council Meeting,2023-12-13,2023,Accepted,Yes,No,,"Affirm ed the decision of the Planning Zoning & Design Board to issue the development order , including the conditions that have been set fo rth therein.",9:30 AM,td/CS,Regular Council Meeting — 2023-12-13,https://estero-fl.gov/wp-content/uploads/library-ada/minutes/2023%20MINUTES/12132023%20minutes.pdf,2023-12-13,BERT Rail Trail Corridor,26.4339,-81.8157
PZ&DB General Meeting Records,PZDB Meeting,2023-12-12,2023,Accepted,Yes,Yes,PZ&DB project and location mapping in EagleGIS is still in progress; individual development projects are not fully catalogued yet. Residents can still comment through Engage Estero or Village eComment.,"No formal action recorded. Estero Storage LLC - Zoning Amendment (No application submitted) (District 4) 10251 Arcos Avenue located on a ± 7-acre vacant site east of the Estero Medical Center, off Arcos Avenue in the Plaza Del Sol Commercial Planned Development (CPD) Final Action Agenda/Minutes are supplemented by audio and video recordings of the meetings, as well as transcripts. Video recordings of Design Review Board meetings from June 8, 2016, forward, as well agendas, staff reports, resolutions, ordinances, and other documents related to the meetings can be viewed online at https://estero-fl.gov/agendas/ at the corresponding meeting date. Planning Zoning and Design Board Minutes - December 12, 2023 Page 2 of 4 Applicant seeks zoning amendment for Parcel ""G"" in the Plaza Del Sol CPD to allow for a mixed-use project that includes storage, hotel, retail / restaurant / medical office, and associated infrastructur | Estero Storage LLC - Zoning Amendment (No application submitted) (District 4) 10251 Arcos Avenue located on a ± 7-acre vacant site east of the Estero Medical Center, off Arcos Avenue in the Plaza Del Sol Commercial Planned Development (CPD) Final Action A. Action: No formal action recorded. Estero Storage LLC - Zoning Amendment (No application submitted) (District 4) 10251 Arcos Avenue located on a ± 7-acre vacant site east of the Estero Medical Center, off Arcos Avenue in the Plaza Del Sol C...",,,PZ&DB Meeting Minutes — 2023-12-12,https://estero-fl.gov/wp-content/uploads/library-ada/minutes/2023%20MINUTES/PZDB/12122023%20PZDB%20Minutes.pdf,2023-12-12,"10251 Arcos Avenue, Estero, FL",26.43347675746,-81.785746161726
PZ&DB General Meeting Records,PZDB Meeting,2023-11-14,2023,Accepted,Yes,Yes,PZ&DB project and location mapping in EagleGIS is still in progress; individual development projects are not fully catalogued yet. Residents can still comment through Engage Estero or Village eComment.,"Approved Development Order with staff stipulations, the addition of signs for cautioning people to watch for pedestrians, provide extra glass on the west elevation, approval of the most current plans submitted, excluding the monument sign in the Development Order | Hilton Garden Inn - Development Order (DOS2020-E002) (District 6) 8009 Sweetwater Ranch Boulevard, a cleared and vacant 2.16 acre parcel at the southwest corner of Via Villagio and Sweetwater Ranch Boulevard adjacent to the Estero Fire Station. Applicant . Action: Approved Development Order with staff stipulations, the addition of signs for cautioning people to watch for pedestrians, provide extra glass on the west elevation, approval of the most current plans submitted, excluding the monumen...",,,PZ&DB Meeting Minutes — 2023-11-14,https://estero-fl.gov/wp-content/uploads/library-ada/minutes/2023%20MINUTES/PZDB/11142023%20PZDB%20Minutes.pdf,2023-11-14,"8009 Sweetwater Ranch Boulevard, Estero, FL",26.411810375942,-81.809483711519
PZ&DB General Meeting Records,PZDB Meeting,2023-10-10,2023,Accepted,Yes,Yes,PZ&DB project and location mapping in EagleGIS is still in progress; individual development projects are not fully catalogued yet. Residents can still comment through Engage Estero or Village eComment.,Approved Development Order with a stipulation that the 20 spaces immediately in front of the commercial area that are back-to-back spaces be strictly reserved for commercial and not for joint use | Brooks Town Center Apartments (aka Coconut Pointe Residences) - Development Order (DOS2023-E010) (District 6) 9.95-acre parcel at the northwest corner of Coconut Road and Three Oaks Parkway. Applicant seeks to redevelop a portion of the Brooks Town Center. Action: Approved Development Order with a stipulation that the 20 spaces immediately in front of the commercial area that are back-to-back spaces be strictly reserved for commercial and not for joint use | MOTION FAILED | Brooks Town Center Apartments (aka Coconut Pointe Residences) - Development Order (DOS2023-E010) (District 6) 9.95-acre parcel at the northwest corner of Coconut Road and Three Oaks Parkway. Applicant seeks to redevelop a portion of the Brooks Town Center. Action: MOTION FAILED,,,PZ&DB Meeting Minutes — 2023-10-10,https://estero-fl.gov/wp-content/uploads/library-ada/minutes/2023%20MINUTES/PZDB/10102023%20PZDB%20Minutes.pdf,2023-10-10,"Coconut Pointe Residences at Brooks Town Center site, Estero, FL",26.39711,-81.78531
PZ&DB General Meeting Records,PZDB Meeting,2023-09-12,2023,Accepted,Yes,Yes,PZ&DB project and location mapping in EagleGIS is still in progress; individual development projects are not fully catalogued yet. Residents can still comment through Engage Estero or Village eComment.,"Approved the development as a first phase ±5.8 acres providing a parking area and walking paths with alternative paving for parking | Estero River Park (DOS2023-E002) (District 4) Village property located on the northeast corner of US 41 and Corkscrew Road. The Village plans to develop as a first phase ±5.8 acres providing a parking area and walking paths. No ex parte communication or c. Action: Approved the development as a first phase ±5.8 acres providing a parking area and walking paths with alternative paving for parking | Approved the Development Order with staff conditions | Abbiati Dental Office Building - Development Order (DOS2022-E015) (District 1) 22770 S. Tamiami Trail, west of US 41 and south of Fountain Lakes' entrance. The site is a1.45-acre undeveloped parcel directly south of Fountain Lakes Boulevard. Applicant see. Action: Approved the Development Order with staff conditions | Approved to continue the meeting past 9:00 pm until 9:30 pm | Abbiati Dental Office Building - Development Order (DOS2022-E015) (District 1) 22770 S. Tamiami Trail, west of US 41 and south of Fountain Lakes' entrance. The site is a1.45-acre undeveloped parcel directly south of Fountain Lakes Boulevard. Applicant see. Action: Approved to continue the meeting past 9:00 pm until 9:30 pm",,,PZ&DB Meeting Minutes — 2023-09-12,https://estero-fl.gov/wp-content/uploads/library-ada/minutes/2023%20MINUTES/PZDB/09122023%20PZDB%20Minutes.pdf,2023-09-12,"10041 Estero Town Commons Place, Estero, FL",26.4306485776,-81.787676765485
BERT Rail Trail,Regular Council Meeting,2023-09-07,2023,Accepted,Yes,No,,"Approved Resolution 2023-20 waiving the provision of SECTION 5, NUMBER 2 .",9:30 AM,td/CS,Regular Council Meeting — 2023-09-07,https://estero-fl.gov/wp-content/uploads/library-ada/minutes/2023%20MINUTES/09072023%20minutes.pdf,2023-09-07,"Corkscrew Road from I-75 to Ben Hill Griffin Parkway, Estero, FL",26.434333052689,-81.774029266916
PZ&DB General Meeting Records,PZDB Meeting,2023-08-22,2023,Accepted,Yes,Yes,PZ&DB project and location mapping in EagleGIS is still in progress; individual development projects are not fully catalogued yet. Residents can still comment through Engage Estero or Village eComment.,"Approved the application with staff conditions, a minor amendment for the height of lighting features under the gas canopy to 21.53 feet, a minor amendment for the sign setback to be 10 feet instead of 15 feet with the preference of the taller sign if Lowes's approves the sign and replacing Cypress trees on Corkscrew Road with oaks or another species approved by staff | Wawa Convenience Food & Beverage Store with Gas Development Order (DOS2022-E016) (District 4) 10081 Estero Town Commons Place, south of Corkscrew Road. The site was previously developed and operated as a Ruby Tuesday Restaurant. Applicant is seeking to re. Action: Approved the application with staff conditions, a minor amendment for the height of lighting features under the gas canopy to 21.53 feet, a minor amendment for the sign setback to be 10 feet instead of 15 feet with the preference of... | Approved Administrative Zoning Amendment with staff conditions | Coconut Point Marketplace Signs - Administrative Zoning Amendment (ADD2023-E003) (District 6) A 10 acre-site located east of US 41, north of Sweetwater Ranch Boulevard and south of Via Rapallo Drive. This site is part of the Coconut Point DRI/MPD. Develop. Action: Approved Administrative Zoning Amendment with staff conditions | Approved the Development Order for RiverCreek Phase III | RiverCreek Phase III - Development Order (DOS2023-E006) (District 7) 12840 Corkscrew Road. Located south of Corkscrew, across from Wildblue (Lee County) and east of Wildcat Run. Applicant requests the approval to construct 200 single family homes on 56.25. Action: Approved the Development Order for RiverCreek Phase III",,,PZ&DB Meeting Minutes — 2023-08-22,https://estero-fl.gov/wp-content/uploads/library-ada/minutes/2023%20MINUTES/PZDB/08222023%20PZDB%20Minutes.pdf,2023-08-22,"Marketplace at Coconut Point, 22780 Via Villagio, Estero, FL",26.413657789311,-81.811493859539
PZ&DB General Meeting Records,PZDB Meeting,2023-08-08,2023,Accepted,Yes,Yes,PZ&DB project and location mapping in EagleGIS is still in progress; individual development projects are not fully catalogued yet. Residents can still comment through Engage Estero or Village eComment.,,,,PZ&DB Meeting Minutes — 2023-08-08,https://estero-fl.gov/wp-content/uploads/library-ada/minutes/2023%20MINUTES/PZDB/08082023%20%20%20PZDB%20Minutes.pdf,2023-08-08,Village of Estero Council Chambers,26.4361,-81.8062
Septic to Sewer Conversion,Regular Council Meeting,2023-07-26,2023,Accepted,Yes,No,,"Adopted Agreement to Transfer Ownership, Operation and Maintenance of the T&T Water Management System and Dedication and Conveyance of Related Roads and the Supplement to Agre ement to Transfer Ownership, Operation, and Maintenance of a Portion of the T&T Water Management System and for Dedication and Conveyance of Roads. | Approved a Sovereignty Submerged Lands easement with the Florida Department of Environmental Protection for the Sunny Groves force main and authorize the Village Mayor to sign the easement and any other associated documents on behalf of the Village.",9:30 AM,td/CS,Regular Council Meeting — 2023-07-26,https://estero-fl.gov/wp-content/uploads/library-ada/minutes/2023%20MINUTES/07262023%20minutes.pdf,2023-07-26,"11000 Everblades Parkway, Estero, FL",26.440541,-81.77872
PZ&DB General Meeting Records,PZDB Meeting,2023-07-25,2023,Accepted,Yes,Yes,PZ&DB project and location mapping in EagleGIS is still in progress; individual development projects are not fully catalogued yet. Residents can still comment through Engage Estero or Village eComment.,"Denied the application based on the proximity of the nearest homes and also the proximity of the adjacent amenities | Villages of Country Creek Limited Development Order - Villages of Country Creek Pickleball Court (LDO2022-E044) (District 4) The court is located at the Clubhouse, 21180 Country Creek Drive, North of Corkscrew Road and west of Three Oaks Parkway. Request . Action: Denied the application based on the proximity of the nearest homes and also the proximity of the adjacent amenities | Approved the Development Order for a4,052 square foot Fast Food | Culver's Coconut Point - Development Order (DOS) (District 6) 8400 Murano Del Lago Drive, Tract 3C, Coconut Point Mixed Planned Development, vacant lot on the southeast corner of US 41 and Pelican Colony Boulevard, just north of Extra Space Storage. No ex. Action: Approved the Development Order for a4,052 square foot Fast Food | Approved the installation of the remote operated gates with staff recommendations | Genova Gate Access Modification - Zoning Amendment (DCI2023-E001) (District 4) 21530 Strada Nuova Circle, southeast corner of Corkscrew Road and Via Coconut Point Applicant seeks approval of a Zoning Amendment to eliminate a condition requiring the existi. Action: Approved the installation of the remote operated gates with staff recommendations",,,PZ&DB Meeting Minutes — 2023-07-25,https://estero-fl.gov/wp-content/uploads/library-ada/minutes/2023%20MINUTES/PZDB/07252023%20PZDB%20Minutes.pdf,2023-07-25,"Culver's Coconut Point site, Estero, FL",26.43176443654626,-81.78539888774463
PZ&DB General Meeting Records,PZDB Meeting,2023-07-11,2023,Accepted,Yes,Yes,PZ&DB project and location mapping in EagleGIS is still in progress; individual development projects are not fully catalogued yet. Residents can still comment through Engage Estero or Village eComment.,"Approved Development Order for a mixed-use project with 330 multi- family units and commercial buildings, amenities and supporting infrastructure subject to the staff stipulations, and the monument sign design is approved but the sign must meet the code standards | Via Coconut - Development Order (DOS2022-E007) (District 4) 8990 Corkscrew Road, 21650 & 21750 Via Coconut Point, 21331, 21350 & 21351 Happy Hollow Lane. Properties are located south of Corkscrew Road and west of Via Coconut Point Road. Development Order . Action: Approved Development Order for a mixed-use project with 330 multi- family units and commercial buildings, amenities and supporting infrastructure subject to the staff stipulations, and the monument sign design is approved but the si... | Approved deviation from Section 5-604 E1 for 4000K lighting on the basis that it will be an improvement to the adjacent residents, and the current situation was not created by the applicant | Estero Bay Chevrolet Auto Dealership Lighting Upgrade - Deviation (LDO2023 TBD) (District 5) Continued from June 13, meeting. 10640 Chevrolet Way located south of Corkscrew Road, next to the I-75 southbound entrance ramp and north of Corkscrew Woodlands. . Action: Approved deviation from Section 5-604 E1 for 4000K lighting on the basis that it will be an improvement to the adjacent residents, and the current situation was not created by the applicant | Approved Resolution 2023 | The Residences at Brooks Town Center (also known as Coconut Pointe Residences at the Brooks) - Final Plan Approval (DCI2020-E001) (District 6) 9.95-acre parcel at the northwest corner of Coconut Road and Three Oaks Parkway. Request for Final Plan Approval. Action: Approved Resolution 2023",,,PZ&DB Meeting Minutes — 2023-07-11,https://estero-fl.gov/wp-content/uploads/library-ada/minutes/2023%20MINUTES/PZDB/07112023%20%20%20%20PZDB%20Minutes.pdf,2023-07-11,"Coconut Pointe Residences at Brooks Town Center site, Estero, FL",26.39711,-81.78531
BERT Rail Trail,Regular Council Meeting,2023-07-05,2023,Accepted,Yes,No,,"Adopted Resoluti on No. 2023-12. | Approved award of Suppleme ntal Task Authorization 06 to Contract EC 2022-38 to Johnson Engineering to provide water monitoring services for The Village of Estero for $146,340, approve a $14,600 contingency for additional services that may be required to complete the project and authorize the Village Manager to sign the STA and other additional impleme nting documents within the scope of the STA on behalf of the Village of Estero | App roved of RFB 2023-07, Sandy Lane Path Prefabricated Bridge to Contech Engine ered Solutions, LLC to provide the bridge as provided in the contract, at a grand total cost of $239,500, approve a contingency fund amount of $23,950 (an amount equal to 10% of the total project cost) to cover unforeseen circumstances which may occur, and authorize the Village Manager to execute the contract documents on behalf of the Village of Estero | Approved the STA 1 to Contract 2022-32 with Tetra Tech, Inc. for the preparation of an engineering assessment of the existing roads and sidewalks maintained by the Village of Estero for $256,060, approve a $25,600 contingency (10%) for additional services that may be required to complete the project, and authorize the Village Manager to sign the STA and other additional implementing documents wi thin the scope of the STA on behalf of the Village of Estero | Approv ed the Seminole Gulf Railway license agreement and approve payment of $55,233.34 to Seminole Gulf Railway to secure the license agreement and authorize the Village Manager to execute the agreement on behalf of the Vi llage | Adopted Resolution No. 2023-14.",9:30 AM,td/CS,Regular Council Meeting — 2023-07-05,https://estero-fl.gov/wp-content/uploads/library-ada/minutes/2023%20MINUTES/07052023%20%20minutes.pdf,2023-07-05,"Woodfield Estero project site, northwest corner of US 41 & Coconut Road, Estero, FL",26.4022,-81.815
Corkscrew Road Widening,Regular Council Meeting,2023-06-21,2023,Accepted,Yes,No,,"Approved STA 02 to Contract EC 2022-29 with Weston & Sampson to design and permit the extension of utilities to Cypress Park Circle for $311,650, approve a $31,000 contingency (10%) for additional services that may be required to complete the project, and authorize the Village Village | Approved award of Request for Bi ds No. RFB 2023-04, 8801 Corkscrew Road Structure Demolition to Southwest Builders Inc. to demolish the structure located at 8801 Corkscrew Road at a grand total cost of $106,890, approve a contingency fund amount of $10,689 (an amount equal to 10% of t he total project cost) to cover unforeseen circumstances which may occur , and authorize the Village Manager to execute the contract documents on behalf of the Village of Estero | Approved award Contract EC 2021-04 Amendment 5 to replace p lant materials along Estero Parkway and authorize the Village Manager to sign the contract amendment and other additional implementing documents within the scope of the contract amendment on behalf of the Village of E stero | Approved award Amendment 1 to Contract EC 2023-21 to mulch all debris and downed trees located at 8801 Corkscrew Road for $11,886.89 and authorize the Village Manager to sign the contract amendment and other additional implementing docume nts within the scope of the contr act amendment on behalf of the Village of Estero | Approved the software as a service agreement (SaaS) for Munis ERP software between the Village of Estero and Tyler Technologies, Inc. and authorized the Vi llage Manager to execute the contract documents on behalf of the Village of Estero | Approved STA 01 to Contract EC 2022-33 with RWA Engineering to design and permit the Estero Entertainment District for $4 85,045, subject to the consultant's acceptance of a revised Exhibit ""C"" (Project Schedule) to meet the time constrain ts of the Village, to au thorize the Village Manager to sign the STA and other additional implementing documents within the scope of the STA on behalf of the Village of Estero",9:30 AM,td/CS,Regular Council Meeting — 2023-06-21,https://estero-fl.gov/wp-content/uploads/library-ada/minutes/2023%20MINUTES/06212023%20%20minutes.pdf,2023-06-21,"Woodfield Estero project site, northwest corner of US 41 & Coconut Road, Estero, FL",26.4022,-81.815
BERT Rail Trail,Regular Council Meeting,2023-06-21,2023,Accepted,Yes,No,,Approved Village | Approved Supplemental | Passed First Reading of Ordinance 2023 -04 and set | M oved Capital Improvement Hearing and Resolution 2023-11 on to second,9:30 AM,td/CS,Regular Council Meeting — 2023-06-21,https://estero-fl.gov/wp-content/uploads/library-ada/minutes/2023%20MINUTES/06212023%20%20minutes.pdf,2023-06-21,"Woodfield Estero project site, northwest corner of US 41 & Coconut Road, Estero, FL",26.4022,-81.815
PZ&DB General Meeting Records,PZDB Meeting,2023-06-13,2023,Accepted,Yes,Yes,PZ&DB project and location mapping in EagleGIS is still in progress; individual development projects are not fully catalogued yet. Residents can still comment through Engage Estero or Village eComment.,"Recommended approval to the Council with staff conditions and the following additional conditions: the hard scaping and lighting will be consistent throughout the community and will be defined at the time of the first Development Order, no 24-hour medical facilities use. The Village Council would recommend a minimum percentage of use during operating hours for the civic structure to be qualified as a civic structure, perimeter buffers along U.S. 41 and adjacent to the pond at the time of the first Development Order, shielding the fence in the buffer from the adjacent community, architecture review in more details at the time of Development Order, foundation plantings for the residential structures must exceed the minimum 10%, and the intersection of Coconut Road and Walden will be analyzed and the recommendation will be whatever the infrastructure that provides the highest and best capacity use for that intersection | Woodfield Estero Planned Development - Rezoning (DCI2022-E005) (District 6) Vacant parcels at the northwest corner of US 41 and Coconut Road. Applicant seeks to rezone ±45.6 acres from Mixed Use Planned Development (MPD) to Estero Planned Development (EPD. Action: Recommended approval to the Council with staff conditions and the following additional conditions: the hard scaping and lighting will be consistent throughout the community and will be defined at the time of the first Development Or... | Approved the motion to continue meeting not to exceed 9:30 pm to resolve this case and all further actions after that would have to continue to the next meeting | Woodfield Estero Planned Development - Rezoning (DCI2022-E005) (District 6) Vacant parcels at the northwest corner of US 41 and Coconut Road. Applicant seeks to rezone ±45.6 acres from Mixed Use Planned Development (MPD) to Estero Planned Development (EPD. Action: Approved the motion to continue meeting not to exceed 9:30 pm to resolve this case and all further actions after that would have to continue to the next meeting | Approved the Development Order with the staff conditions | RiverCreek Recreation Site - Development Order (DOS2023-E003) (District 7) 12840 Corkscrew Road and 20161 Camellia Crosse Lane Applicant seeks approval of the recreational campus located on Tract ""A"". Recreational amenities include a 14,546 S.F. clubhouse. Action: Approved the Development Order with the staff conditions",,,PZ&DB Meeting Minutes — 2023-06-13,https://estero-fl.gov/wp-content/uploads/library-ada/minutes/2023%20MINUTES/PZDB/06132023%20%20%20PZDB%20Minutes.pdf,2023-06-13,"Woodfield Estero project site, northwest corner of US 41 & Coconut Road, Estero, FL",26.4022,-81.815
BERT Rail Trail,Regular Council Meeting,2023-06-07,2023,Accepted,Yes,No,,Passed second reading of Ordinance No. 2023-05. Village,9:30 AM,td/CS,Regular Council Meeting — 2023-06-07,https://estero-fl.gov/wp-content/uploads/library-ada/minutes/2023%20MINUTES/06072023%20%20minutes.pdf,2023-06-07,"9000 Williams Road, Estero, FL",26.420956750596,-81.80311832661
PZ&DB General Meeting Records,PZDB Meeting,2023-05-09,2023,Accepted,Yes,Yes,PZ&DB project and location mapping in EagleGIS is still in progress; individual development projects are not fully catalogued yet. Residents can still comment through Engage Estero or Village eComment.,"Approved the Development with the following conditions: to delegate where the bicycle spaces will be in proximity to the courts, they have three months to remediate any sound violations, the sound violations will be set off Ansi standards of 55 decibels, and staff will work with the applicant to meet the lighting requirements | The Brooks Commons Club - Pickleball Court Expansion Limited Development Order (LDO2022-E051) (District 6) Applicant is seeking approval for the redevelopment of a portion of the community's property on Coconut Road adjacent to the Commons Club. The park'. Action: Approved the Development with the following conditions: to delegate where the bicycle spaces will be in proximity to the courts, they have three months to remediate any sound violations, the sound violations will be set off Ansi sta... | Approved the Development with the conditions as follows: columns 7, 8, 13, and 14 has an 8-inch projection forward, There will be a minimum 4-foot additional depth in the center of the building columns 8 through 11, the landscape buffer will be clustered and add depth and break up the linear run of the landscape buffer in general, the tower height is going to have a vertical differential minimum of two feet from the parapet of the building, the plants around the lift station and the garbage dumpster are going to be increased to a 48-inch minimum size, the cluster of trees at the west end of the building will go to a 14 to 16-foot minimum, and the west side of the building was going to have red maples instead of cypress, and we were going to add foundation plantings along the east, west, and north side of building one | Corkscrew Pines Self-Storage - Development Order (DOS2022-E008) (District 5) Located on the south side of Corkscrew Road, east of Stoneybrook Golf Drive and west of Firehouse Lane. Applicant is proposing to construct 3 storage buildings totaling ±150,000 . Action: Approved the Development with the conditions as follows: columns 7, 8, 13, and 14 has an 8-inch projection forward, There will be a minimum 4-foot additional depth in the center of the building columns 8 through 11, the landscape bu...",,,PZ&DB Meeting Minutes — 2023-05-09,https://estero-fl.gov/wp-content/uploads/library-ada/minutes/2023%20MINUTES/PZDB/05092023%20%20%20PZDB%20Minutes.pdf,2023-05-09,"Corkscrew Pines project site, Estero, FL",26.4383,-81.7603
BERT Rail Trail,Regular Council Meeting,2023-05-03,2023,Accepted,Yes,No,,"Adopted Resolution No. 2023-09. | Approved the award of Supplemental Task authorization 04 to Contract EC 2023-38 to Johnson Engineering, Inc. for the Phase 1 Estero Parkway Reuse Ma in Design, Permit and Grant Funding Assistance at a cost of $89,858.00, approve a $9,000 contingency (10%) for additional services that may be required to complete the project, and authorize the Village Manager to sign the STA and other additional impleme nting documents within the scope of the STA on behalf of the Village of Estero | Approv ed the consultants ranking f or Williams Road Widening Preliminary Design and Engineering P roject as follows: Number 1 - Kisinger Campo & Associates; Number 2 - Village | Approv ed the revised Hagerty Consulting, Inc. contract and a uthorize the Village Manager to execute the contract document on behalf of the Village of Estero",9:30 AM,td/CS,Regular Council Meeting — 2023-05-03,https://estero-fl.gov/wp-content/uploads/library-ada/minutes/2023%20MINUTES/05032023%20minutes.pdf,2023-05-03,"Williams Road from US 41 to Via Coconut Point, Estero, FL",26.420397237605,-81.80904475125
BERT Rail Trail,Regular Council Meeting,2023-04-19,2023,Accepted,Yes,No,,Adopted Resolution No. 2023-07. Village | Adopted Resolution No. 2023-08.,9:30 AM,td/CS,Regular Council Meeting — 2023-04-19,https://estero-fl.gov/wp-content/uploads/library-ada/minutes/2023%20MINUTES/04192023%20%20minutes.pdf,2023-04-19,"Estero Parkway from US 41 to Three Oaks Parkway, Estero, FL",26.448792003304,-81.803409304378
PZ&DB General Meeting Records,PZDB Meeting,2023-04-11,2023,Accepted,Yes,Yes,PZ&DB project and location mapping in EagleGIS is still in progress; individual development projects are not fully catalogued yet. Residents can still comment through Engage Estero or Village eComment.,"Recommended approval to the Council with a conceptual site plan, and deletion of the hotel use | Village Initiated Rezoning (DCI2022-E006) (District 5) 9000 Williams Road, located north of Williams Road and east of the railroad right of way. Village seeks to rezone +19 acres that includes the Golf Coast Driving Range and a vacant parcel, from Agricul. Action: Recommended approval to the Council with a conceptual site plan, and deletion of the hotel use | Approved the residential Development Order (DOS2022-E009) | Downtown Estero Residential - Development Order (DOS2022-E009) (District 2) Mixed Use Planned Development (MPD) on a 34-acre site, located on the east side of US 41, north of Broadway and east of the Broadway Shoppes. Applicant seeks to construct 300 mult. Action: Approved the residential Development Order (DOS2022-E009) | Approved the Infrastructure Development Order (DOS2022-E006) to include a requirement of a fence as part of their buffer adjacent to Cypress Bend | Downtown Estero Infrastructure- Development Order (DOS2022- E006) (District 2) Located on the east side of US 41, north of Broadway and east of the Broadway Shoppes. - Applicant seeks to construct the backbone infrastructure for a 34-acre Mixed Planned De. Action: Approved the Infrastructure Development Order (DOS2022-E006) to include a requirement of a fence as part of their buffer adjacent to Cypress Bend",,,PZ&DB Meeting Minutes — 2023-04-11,https://estero-fl.gov/wp-content/uploads/library-ada/minutes/2023%20MINUTES/PZDB/04112023%20%20PZDB%20Minutes.pdf,2023-04-11,"Downtown Estero project site, east of US 41 and north of Broadway Avenue East, Estero, FL",26.4432,-81.807
BERT Rail Trail,Regular Council Meeting,2023-03-15,2023,Accepted,No,No,,"A pprove s Supplemental Task Authorization (STA) -34 under contract EC 2019-06 to P & T Lawn and Tractor Service, Inc. to construct and install a monument sign on US 41 at a total cost of $69,968, approve a contingency fund amount of $7,000 (an amount equal to 10% of the total project cost) to cover unforeseen circumstances which may occur, and authorize the Village Manager to execute the STA on behalf of the Village of Estero | Approved Ordinance No. 2023 -02 the recommended changes made by the P lanning Zoning and Design Board. Village",9:30 AM,td/CS,Regular Council Meeting — 2023-03-15,https://estero-fl.gov/wp-content/uploads/library-ada/minutes/2023%20MINUTES/3152023%20minutes.pdf,,"US 41 from Williams Road to Estero Parkway, Estero, FL",26.434255,-81.814695788461
PZ&DB General Meeting Records,PZDB Meeting,2023-03-14,2023,Accepted,Yes,Yes,PZ&DB project and location mapping in EagleGIS is still in progress; individual development projects are not fully catalogued yet. Residents can still comment through Engage Estero or Village eComment.,"Approved the infrastructure plan contingent upon the authorization of the CDD and the completion of the utility sign-offs | Corkscrew Pines Infrastructure - Development Order (DOS2021-E008) (District 5) located on the south side of Corkscrew Road, east of Stoneybrook Golf Drive and west of Firehouse Lane. Applicant is proposing to construct the backbone infrastructure for futu. Action: Approved the infrastructure plan contingent upon the authorization of the CDD and the completion of the utility sign-offs",,,PZ&DB Meeting Minutes — 2023-03-14,https://estero-fl.gov/wp-content/uploads/library-ada/minutes/2023%20MINUTES/PZDB/03142023%20%20PZDB%20Minutes.pdf,2023-03-14,"Corkscrew Pines project site, Estero, FL",26.4383,-81.7603
PZ&DB General Meeting Records,PZDB Meeting,2023-02-21,2023,Accepted,Yes,Yes,PZ&DB project and location mapping in EagleGIS is still in progress; individual development projects are not fully catalogued yet. Residents can still comment through Engage Estero or Village eComment.,"Approved continuance | Village Initiated Rezoning - 9000 Williams Road Property (District 5) Village proposes to rezone +19 acres on the north side of Williams Road that includes the Golf Coast Driving Range and a vacant parcel from Agriculture & Commercial Planned Development . Action: Approved continuance | Approved the Development Order with no cupola required unless the applicant wants one | Estero Eyebuild at Corkscrew Palms - Development Order (DOS2022-E010) (District 5) 9441 Corkscrew Palms Circle - A vacant parcel east of Village Hall, surrounded by parking in the Corkscrew Palms Commercial Planned Development (CPD) on Corkscrew Road. App. Action: Approved the Development Order with no cupola required unless the applicant wants one",,,PZ&DB Meeting Minutes — 2023-02-21,https://estero-fl.gov/wp-content/uploads/library-ada/minutes/2023%20MINUTES/PZDB/02212023%20%20PZDB%20Minutes.pdf,2023-02-21,"9441 Corkscrew Palms Circle, Estero, FL",26.430460781059,-81.797627425658
BERT Rail Trail,Regular Council Meeting,2023-02-15,2023,Accepted,Yes,No,,"Passed first reading of Zoning Ordinance 2023-01 and set seco nd reading for February 15, 2023. Village",9:30 AM,td/CS,Regular Council Meeting — 2023-02-15,https://estero-fl.gov/wp-content/uploads/library-ada/minutes/2023%20MINUTES/02152023%20minutes.pdf,2023-02-15,BERT Rail Trail Corridor,26.4339,-81.8157
BERT Rail Trail,Regular Council Meeting,2023-01-18,2023,Accepted,No,No,,"Approved Change Order #1 to Contract EC 2019-36 in t he amount of $46,980 with Coastal Engineering Consultants, Inc. for additional work required to address environmental permit application questions from the Florida Department of Environmental Protection for the propos ed dredging of sediments from the Estero River. | Accepted the Village's portion of the Opiod Settlement in the amount of $14,400.",9:30 AM,td/CS,Regular Council Meeting — 2023-01-18,,,BERT Rail Trail Corridor,26.4339,-81.8157
PZ&DB General Meeting Records,PZDB Meeting,2023-01-11,2023,Accepted,Yes,Yes,PZ&DB project and location mapping in EagleGIS is still in progress; individual development projects are not fully catalogued yet. Residents can still comment through Engage Estero or Village eComment.,,,,PZ&DB Meeting Minutes — 2023-01-11,https://estero-fl.gov/wp-content/uploads/library-ada/minutes/2023%20MINUTES/PZDB/01112023%20%20%20PZDB%20Minutes.pdf,2023-01-11,Village of Estero Council Chambers,26.4361,-81.8062
PZ&DB General Meeting Records,PZDB Meeting,2022-12-13,2022,Accepted,Yes,Yes,PZ&DB project and location mapping in EagleGIS is still in progress; individual development projects are not fully catalogued yet. Residents can still comment through Engage Estero or Village eComment.,Approved the Development Order with staff changes and the monument sign | Milan Villas Development Order (DO2022-E005) (District 5) 21750 Three Oaks Parkway located at the northwest corner of Williams Road and Three Oaks Parkway Applicant seeks to develop a residential single-family subdivision on ±10 acres. Ordinance 2022-11 a. Action: Approved the Development Order with staff changes and the monument sign,,,PZ&DB Meeting Minutes — 2022-12-13,https://estero-fl.gov/wp-content/uploads/library-ada/minutes/2022%20MINUTES/PZD%20BOARD/12132022%20%20PZDB%20Minutes.pdf,2022-12-13,"21750 Three Oaks Parkway, Estero, FL",26.422671017434,-81.789027006267
PZ&DB General Meeting Records,PZDB Meeting,2022-11-08,2022,Accepted,Yes,Yes,PZ&DB project and location mapping in EagleGIS is still in progress; individual development projects are not fully catalogued yet. Residents can still comment through Engage Estero or Village eComment.,"Approved to continue the meeting until 9:15 pm | Rivercreek Phase 2 Corkscrew Crossing Development Order (District 7) (DOS2022- E011) 12840 Corkscrew Road located east of Wildcat Run and west of The Preserve Phase Two consists of 213 single family lots on approximately 48.3 acres. No ex parte communicat. Action: Approved to continue the meeting until 9:15 pm | Approved the Development Order | Rivercreek Phase 2 Corkscrew Crossing Development Order (District 7) (DOS2022- E011) 12840 Corkscrew Road located east of Wildcat Run and west of The Preserve Phase Two consists of 213 single family lots on approximately 48.3 acres. No ex parte communicat. Action: Approved the Development Order | Approved the Development Order with staff conditions | Marketplace Development Order (District 6) (DOS2022-E001) 8001 Via Rapallo Drive, located east of US 41, north of Sweetwater Ranch Blvd. and south of Via Rapallo Dr. Development Order for the construction of a mixed-use commercial development, consisting . Action: Approved the Development Order with staff conditions",,,PZ&DB Meeting Minutes — 2022-11-08,https://estero-fl.gov/wp-content/uploads/library-ada/minutes/2022%20MINUTES/PZD%20BOARD/11082022%20PZDB%20Minutes.pdf,2022-11-08,"12840 Corkscrew Road, Estero, FL",26.449146368339,-81.742899851451
PZ&DB General Meeting Records,PZDB Meeting,2022-10-25,2022,Accepted,Yes,Yes,PZ&DB project and location mapping in EagleGIS is still in progress; individual development projects are not fully catalogued yet. Residents can still comment through Engage Estero or Village eComment.,"Approved request with staff conditions | Consumption on Premises - Oak & Stone, Commercial Building #4 (ADD2022-E006) (District 5) 10500 Corkscrew Road, east of Puente Lane. Applicant is requesting outdoor COP approval in conjunction with full-service restaurant. No ex parte communication or con. Action: Approved request with staff conditions | Approved the Development Order | Development Order - Dunkin Donuts Estero Crossing Commercial Building #1 (DOS2022-E004) (District 5) 10500 Corkscrew Road, east of Puente Lane. Applicant is proposing a ±4,700 square foot building consisting of 2 retail spaces with 1 drive thru. All audie. Action: Approved the Development Order | Recommended to the Council to approve the request with conditions | Zoning Amendment - Pelican Sound River Club - Continued from September 13, 2022 meeting (DCI2021-E003) (District 2) 4561 Pelican Sound Boulevard, located west of US 41 and north of Williams Road. No ex parte communication or conflicts of interest were not. Action: Recommended to the Council to approve the request with conditions",,,PZ&DB Meeting Minutes — 2022-10-25,https://estero-fl.gov/wp-content/uploads/library-ada/minutes/2022%20MINUTES/PZD%20BOARD/10252022%20PZDB%20Minutes.pdf,2022-10-25,"4561 Pelican Sound Boulevard, Estero, FL",26.430564674749,-81.823385349393
PZ&DB General Meeting Records,PZDB Meeting,2022-10-11,2022,Accepted,Yes,Yes,PZ&DB project and location mapping in EagleGIS is still in progress; individual development projects are not fully catalogued yet. Residents can still comment through Engage Estero or Village eComment.,,,,PZ&DB Meeting Minutes — 2022-10-11,https://estero-fl.gov/wp-content/uploads/library-ada/minutes/2022%20MINUTES/PZD%20BOARD/10112022%20PZDB%20Minutes.pdf,2022-10-11,Village of Estero Council Chambers,26.4361,-81.8062
PZ&DB General Meeting Records,PZDB Meeting,2022-09-27,2022,Accepted,Yes,Yes,PZ&DB project and location mapping in EagleGIS is still in progress; individual development projects are not fully catalogued yet. Residents can still comment through Engage Estero or Village eComment.,,,,PZ&DB Meeting Minutes — 2022-09-27,https://estero-fl.gov/wp-content/uploads/library-ada/minutes/2022%20MINUTES/PZD%20BOARD/09272022%20PZDB%20Minutes.pdf,2022-09-27,Village of Estero Council Chambers,26.4361,-81.8062
PZ&DB General Meeting Records,PZDB Meeting,2022-09-13,2022,Accepted,Yes,Yes,PZ&DB project and location mapping in EagleGIS is still in progress; individual development projects are not fully catalogued yet. Residents can still comment through Engage Estero or Village eComment.,"Recommended to the Council to approve the Development Order and monument sign for Island High Rise | Development Order - Island High Rise (District 1) (DOS2022-E003) 5-acre ""island"" site at west end of Williams Road and past Baybridge Boulevard, over ""no name"" bridge in the West Bay Club development. Applicant seeks to construct multi-family high-rise bu. Action: Recommended to the Council to approve the Development Order and monument sign for Island High Rise | Recommended to the Council to approve the zoning amendment with the amendment of condition 2 and the addition of condition | Zoning Amendment - Coconut Trace, Parcels C and D (District 2) (DCI2022-E002) 22951-22961 Lyden Drive, 3.5 vacant acres on the west side of US 41 north of Coconut Road. Applicant is seeking to amend the zoning uses to revise real estate sales to allow a r. Action: Recommended to the Council to approve the zoning amendment with the amendment of condition 2 and the addition of condition | Approved motion for a continuous to come back on the October 27th meeting | Zoning Amendment - Pelican Sound River Club (DCI2021-E003) (District 2) 4561 Pelican Sound Boulevard, located west of US 41 and north of Williams Road. Applicant is seeking to amend the Pelican Sound Residential Planned Development Zoning Resolution and M. Action: Approved motion for a continuous to come back on the October 27th meeting",,,PZ&DB Meeting Minutes — 2022-09-13,https://estero-fl.gov/wp-content/uploads/library-ada/minutes/2022%20MINUTES/PZD%20BOARD/09132022%20PZDB%20Minutes.pdf,2022-09-13,"4561 Pelican Sound Boulevard, Estero, FL",26.430564674749,-81.823385349393
BERT Rail Trail,Regular Council Meeting,2022-09-08,2022,Accepted,Yes,No,,"Adopted Resolution No. 2022-21. | Adopted Resolution No. 2022-19. | P assed second reading of Ordinance No. 2022-05 with Map 2A-1 and ordinance shall take effect immediately upon adoption, for implementation for the next regular Village",9:30 AM,td/CS,Regular Council Meeting — 2022-09-08,https://estero-fl.gov/wp-content/uploads/library-ada/minutes/2022%20MINUTES/COUNCIL/09082022%20minutes.pdf,2022-09-08,"Cypress Bend, Estero, FL",26.4469,-81.8116
PZ&DB General Meeting Records,PZDB Meeting,2022-08-09,2022,Accepted,Yes,Yes,PZ&DB project and location mapping in EagleGIS is still in progress; individual development projects are not fully catalogued yet. Residents can still comment through Engage Estero or Village eComment.,"Recommended to the Council to approve of the rezoning subject to revised conditions 6,7, and | Rezoning - Milan Villas (DCI2021-E005) (District 5) 21750 Three Oaks Parkway - 10 acres located at the northwest corner of Williams Road and Three Oaks Parkway. Applicant seeks rezoning of the property from Commercial Planned Development to Residential Pl. Action: Recommended to the Council to approve of the rezoning subject to revised conditions 6,7, and | Approved the Development Order with the exception of the monument sign | Development Order - Arcos Executive Office (District 4) (DOS2017-E006) 10170 and 10150 Arcos Avenue, Plaza Del Sol Commercial Planned Development, Parcels B and C, located at the northeast corner of Corkscrew Road and Three Oaks Parkway. Development Order. Action: Approved the Development Order with the exception of the monument sign | Approved the Resolution Motion with the condition the applicant must provide either a noise abatement plan or a noise study within 30 days of staff request | Special Exception Riverwoods Plantation Pickleball (SEZ2022-E001) (District 1 20481 Plantation Boulevard located approximately 1 mile west of US 41 and north of Broadway West. Final Action Agenda/Minutes are supplemented by audio and video recordings of t. Action: Approved the Resolution Motion with the condition the applicant must provide either a noise abatement plan or a noise study within 30 days of staff request",,,PZ&DB Meeting Minutes — 2022-08-09,https://estero-fl.gov/wp-content/uploads/library-ada/minutes/2022%20MINUTES/PZD%20BOARD/08092022%20PZDB%20Minutes.pdf,2022-08-09,"10170 and 10150 Arcos Avenue, Estero, FL",26.431996010445,-81.787748011662
PZ&DB General Meeting Records,PZDB Meeting,2022-07-12,2022,Accepted,Yes,Yes,PZ&DB project and location mapping in EagleGIS is still in progress; individual development projects are not fully catalogued yet. Residents can still comment through Engage Estero or Village eComment.,"Recommended to the Council to amend the Commercial Planned Development to allow a convenience store with gas pumps, and the addition of only one fast food restaurant and deny deviation 7 for the canopy. Additionally modify conditions 3 and 9 and delete conditions 7 and | Zoning Amendment and Deviations - Estero Town Center - Wawa (DCI2021-E004) (District 5) 10081 Estero Town Commons, located on the south side of Corkscrew Road on the parcel previously occupied by Ruby Tuesday in Lowe's Plaza. Applicant seeks to amend the . Action: Recommended to the Council to amend the Commercial Planned Development to allow a convenience store with gas pumps, and the addition of only one fast food restaurant and deny deviation 7 for the canopy. Additionally modify condition... | Approved the Resolution expanding the COP premises as described with the five conditions in the staff recommendation with the addition of the sixth condition of a minimum of 60- inches clear space be cleared for a walking area between the curb and the barrier of the outdoor seating | COP Extension of Outdoor Area - South Fork Grille/El Nido Modern Mexican Restaurant (ADD2022-E005) (District 6) 23161 Village Shops Way, Unit 113 Coconut Point Mall, located in the southern portion of Coconut Point Mall, south of Divieto Ristorante. Appli. Action: Approved the Resolution expanding the COP premises as described with the five conditions in the staff recommendation with the addition of the sixth condition of a minimum of 60- inches clear space be cleared for a walking area betwe...",,,PZ&DB Meeting Minutes — 2022-07-12,https://estero-fl.gov/wp-content/uploads/library-ada/minutes/2022%20MINUTES/PZD%20BOARD/07122022%20PZDB%20Minutes.pdf,2022-07-12,"10081 Estero Town Commons Place, Estero, FL",26.430921743825,-81.785430080157
BERT Rail Trail,Regular Council Meeting,2022-07-06,2022,Accepted,Yes,No,,"Approved Comprehensive Annual Financial Report | Adopted Resolution No. 2022-20. | Adopted Resolution No. 2022-18. | Passed first reading of Ordinance No. 2022-05 with the map 2A-1 and set second reading for July 20, 2022. | Approved m otion to transmit Comprehensive Plan Amendment and Ordinance No. 2022-06 to state review agency. | Passed Ordinance No. 2022-07 on the first reading.",9:30 AM,td/CS,Regular Council Meeting — 2022-07-06,https://estero-fl.gov/wp-content/uploads/library-ada/minutes/2022%20MINUTES/COUNCIL/07062022%20minutes.pdf,2022-07-06,"Corkscrew Road from Ben Hill Griffin Parkway to east of Bella Terra Boulevard, Estero, FL",26.443916962688,-81.750022322755
BERT Rail Trail,Regular Council Meeting,2022-06-15,2022,Accepted,Yes,No,,"Approved the contract with N. Harris Computer Corporation to provide ""CityView"" software for Community Development for an estimated cost of $397,379, approve a contingency fund amount of $49,153 (an amount equal to 15% of the total project cost minus annual fees) to cover unforeseen circumstances which may occur, and authorize the Village Manager to execute the contract including revisions resulting from fi nal negotiations and related documents including annual renewal (maintenance) fee on behalf of the | Approved Resolution No. 2022-11. | Approved Resolution No. 2022-17. Village | Passed first reading of Ordinance No. 2022-04 and set second reading for July 6, 2022. | P assed Ordinance No. 2022-02.",9:30 AM,td/CS,Regular Council Meeting — 2022-06-15,https://estero-fl.gov/wp-content/uploads/library-ada/minutes/2022%20MINUTES/COUNCIL/06152022%20minutes.pdf,2022-06-15,"Miromar Outlets, Estero, FL",26.438084,-81.772808
PZ&DB General Meeting Records,PZDB Meeting,2022-06-14,2022,Accepted,Yes,Yes,PZ&DB project and location mapping in EagleGIS is still in progress; individual development projects are not fully catalogued yet. Residents can still comment through Engage Estero or Village eComment.,"Approved the Development Order for Estero Crossing Residential as described in the staff report and approved the Monument Sign | Development Order - Estero Crossing Residential - Corsa (DOS2021-E007) (District 5) 43-acre site is located west of I-75, south of Corkscrew Road and east of the Lowe's Plaza. The residential units are south of the proposed commercial tract. Action: Approved the Development Order for Estero Crossing Residential as described in the staff report and approved the Monument Sign | Approved the Monument Sign - River of Life Assembly of God | Monument Sign - River of Life Assembly of God (Permit Pending) (District 5) Located at 21580 River Ranch Road, north of Block Lane and on the west side of River Ranch No ex parte communication or conflicts of interest were noted. Action: Approved the Monument Sign - River of Life Assembly of God | Recommended to the Council for the rezoning and the comprehensive plan amendment with the recommendation Council looks at long-term development | Comprehensive Plan Amendment and Rezoning - Estero on the River and Happehatchee Properties (CPA2022-E002) (REZ2022-E001) (District 4) 32 acres, located at the northeast intersection of US 41 and Corkscrew Road, and bordered on the north by the Estero Riv. Action: Recommended to the Council for the rezoning and the comprehensive plan amendment with the recommendation Council looks at long-term development",,,PZ&DB Meeting Minutes — 2022-06-14,https://estero-fl.gov/wp-content/uploads/library-ada/minutes/2022%20MINUTES/PZD%20BOARD/06142022%20PZDB%20Minutes.pdf,2022-06-14,"21580 River Ranch Road, Estero, FL",26.426601417561,-81.795157362612
BERT Rail Trail,Regular Council Meeting,2022-06-01,2022,Accepted,Yes,No,,"Approved a Joint Resolution with Lee County for participation in CDBG and related Programs, authorize Mayor to sign and forward to Lee County. | Approved t erminat ion as of June 1, 2022, CN 2020-01 Miscellaneous Professional Services to allow for the immediate use of the firms approved under CN 2022-06. | Approved the recommendation of t he evaluation committee to select all 36 consulting firms that submitted Letters of Interest under CN 2022-06, for a contract period of three (3) years (with the option at | Authorized the Village Manager to execute agreements for individual pr ojects as needed at or below $50,000 (contracts in excess of $50,000 will require Village | Passed Ordinance 2022-03.",9:30 AM,td/CS,Regular Council Meeting — 2022-06-01,https://estero-fl.gov/wp-content/uploads/library-ada/minutes/2022%20MINUTES/COUNCIL/06012022%20minutes.pdf,2022-06-01,BERT Rail Trail Corridor,26.4339,-81.8157
BERT Rail Trail,Regular Council Meeting,2022-05-18,2022,Cancelled,Cancelled,No,,"Approved the applicant requested - continuance until the June 15, 2022, Council meeting | Second Reading and Public Hearing of Ordinance No. 2022-02 for Miromar Outlets Signage Ordinance 2022-02 of the Village Council of the Village of Estero, Florida, Considering an Amendment to the Commercial Planned Development, Specifically Deviation 3, fo. Action: Approved the applicant requested - continuance until the June 15, 2022, Council meeting | Approved the contract with Johnson Engineering, Inc. to provide design and permitting services Broadway Ave. West UEP in the amount of $1,060,763, approve a contingency fund amount of $106,000 (an amount equal to 10% of the total project cos | Broadway Ave. West Utility Extension Project Design and Permitting Contract - Johnson Engineering, Inc. Action: Approved the contract with Johnson Engineering, Inc. to provide design and permitting services Broadway Ave. West UEP in the amount of $1,060,763, approve a contingency fund amount of $106,000 (an amount equal to 10% of the total project cos | Approved Misc. Professional Services contract EC 2020-07 STA 02 with AIM Engineering and Surveying for $42,211.13 for CEI service on the Corkscrew Road Stoneybrook path construction, approve a contingency fund amount of $4,200 (an amount equal to 10% of the total project cos | Corkscrew Road Stoneybrook Path Construction Engineering and Inspection (CEI) Contract - AIM Engineering & Surveying. Action: Approved Misc. Professional Services contract EC 2020-07 STA 02 with AIM Engineering and Surveying for $42,211.13 for CEI service on the Corkscrew Road Stoneybrook path construction, approve a contingency fund amount of $4,200 (an amount equal to 10% of the total project cos",9:30 AM,,Regular Council Meeting — 2022-05-18,https://estero-fl.gov/wp-content/uploads/library-ada/minutes/2022%20MINUTES/COUNCIL/05182022%20minutes.pdf,2022-05-18,"Corkscrew Road at Stoneybrook Golf Drive, Estero, FL",26.439657614771,-81.762920730637
PZ&DB General Meeting Records,PZDB Meeting,2022-05-10,2022,Accepted,Yes,Yes,PZ&DB project and location mapping in EagleGIS is still in progress; individual development projects are not fully catalogued yet. Residents can still comment through Engage Estero or Village eComment.,"Approved the Monument Sign - Coconut Office Center | Monument Sign - Coconut Office Center (Building Permit to be filed) (District 1) 23421 Walden Center Drive, Located on west side of US 41, just south of Coconut Road and US 41 intersection. Chairman Wood provided information regarding Board business and q. Action: Approved the Monument Sign - Coconut Office Center",,,PZ&DB Meeting Minutes — 2022-05-10,https://estero-fl.gov/wp-content/uploads/library-ada/minutes/2022%20MINUTES/PZD%20BOARD/05102022%20PZDB%20Minutes.pdf,2022-05-10,"23421 Walden Center Drive, Estero, FL",26.396739714032,-81.811303590336
BERT Rail Trail,Regular Council Meeting,2022-05-04,2022,Accepted,Yes,No,,"Approve Misc. Contractor Services contract EC 2019-66 STA 21 with P & T Lawn & Tractor Services for $109,872 to replace trees along US 41 and provide additional landscape maintenance work on medians 22- 24, approve a contingency fund amount of $11,000 (an amount equal to 10% of the total project cost) to cover unforeseen circumstances which may occur, and authorize the Village Manager to execu te the contract documents on behalf of the Village of Estero | Approved Misc. Contractor Services contract EC 2019 -59 STA 08 with Cougar Contracting, LLC for $52,815 for the repair of sidewalks along Vi a Coconut Point and Williams Road, approve a contingency fund amount of $5,300 (an amount e qual to 10% of the total project cost) to cover unforeseen circumstances which may occur, and authorize the Village Manager to execute the contract documents on beha lf of the Village of Estero | Approved Resolution No. 2022-07 which a mends Resolution No. 2015-68. | Passed first reading of Ordinance 2022-02 and set second reading for May 18, 2022.",9:30 AM,td/CS,Regular Council Meeting — 2022-05-04,https://estero-fl.gov/wp-content/uploads/library-ada/minutes/2022%20MINUTES/COUNCIL/05042022%20minutes.pdf,2022-05-04,"Williams Road & Via Coconut Point, Estero, FL",26.42047948503,-81.806570497251
Septic to Sewer Conversion,Regular Council Meeting,2022-04-20,2022,Accepted,Yes,No,,"Adopted Resolution 2022-03 which approves the updated Multijurisdictional Program for | Approved final P lat for Estero Crossing . | Approved final Pla t for Rivercreek Phase One (formerly known as Corkscrew Crossing) . | Approved Resolution No. 2022-05 to purchase the 10- acre vacant parcel, commonly known as ""River Oaks"" at the east end of Broadway Avenue. | Approved Resolution No. 2022-06 Commercial Contract for the Purchase of Real Estate from Gess Family Partnership + Gulf Coast Driving Range LLC, Located at 9000 Wi lliams Road, Estero, Florida . | Approved the following list of short -listed firms listed below. Delegate authority to",9:30 AM,td/CS,Regular Council Meeting — 2022-04-20,https://estero-fl.gov/wp-content/uploads/library-ada/minutes/2022%20MINUTES/COUNCIL/04202022%20minutes.pdf,2022-04-20,"River Oaks Preserve, Estero, FL",26.4420079,-81.7993579
Corkscrew Road Widening,Regular Council Meeting,2022-04-20,2022,Accepted,Yes,No,,"Adopted Resolution No. 2022-08 to purchas e the 10 -acre vacant parcel, commonly known as ""River Oaks"" at the east end of Broadway Avenue. | Amendme nt One to Contract No. EC 2020-31 for Estero on the River Structure Demolition and updating contract to keep structure #6, the bomb shelter . | Approved the contract EC 2020-48 STA 10 with CW3 Engineering to provide de sign and permitting services for the Williams Road Bicycle/Pedestrian Improvements Project in the amount of $358,790, approve a contingency fund amount of $36,000 (an amount equal to 10% of the total project cost) to cover unforeseen circumstances which ma y occur, and authorize the Vill age Manager to execute the contract with CW3 Engineering and any other related ancillary documents on behalf of the Village | Approved Ben Hill Griffin Parkway Improvements contracts with Bruce Howard and Associates under EC2020-42 STA - 07 and CW3 Engineering under EC2020-48 STA - 09 to perform landscape architecture and engineering ser vices for the proposed improvements along Ben Hill Griffin Parkway from Corkscrew Road to Estero Parkway.",9:30 AM,td/CS,Regular Council Meeting — 2022-04-20,https://estero-fl.gov/wp-content/uploads/library-ada/minutes/2022%20MINUTES/COUNCIL/04202022%20minutes.pdf,2022-04-20,"River Oaks Preserve, Estero, FL",26.4420079,-81.7993579
BERT Rail Trail,Regular Council Meeting,2022-04-13,2022,Accepted,Yes,No,,No action found,9:30 AM,td/CS,Regular Council Meeting — 2022-04-13,https://estero-fl.gov/wp-content/uploads/library-ada/minutes/2022%20MINUTES/COUNCIL/04132022%20minutes.pdf,2022-04-13,BERT Rail Trail Corridor,26.4339,-81.8157
PZ&DB General Meeting Records,PZDB Meeting,2022-04-12,2022,Accepted,Yes,Yes,PZ&DB project and location mapping in EagleGIS is still in progress; individual development projects are not fully catalogued yet. Residents can still comment through Engage Estero or Village eComment.,"Motion fails with 4-4 tie vote | Zoning Amendment - Miromar Outlets Signage (DCI2021-E002) (District 5) Miromar Outlets is located at the intersection of Corkscrew Road and Ben Hill Griffin Parkway. Applicant is proposing a Zoning Amendment to the Commercial Planned Development to adopt . Action: Motion fails with 4-4 tie vote | Approved the Development Order (DOS2021-E009) with parking deviation | Development Order - Spring Run Clubhouse Expansion (DOS2021-E009) (District 6) Located in The Brooks, the Spring Run Clubhouse site is 1 mile east of Coconut Road and US 41. Applicant requests, expansion of the existing clubhouse, outdoor bar/dining area,. Action: Approved the Development Order (DOS2021-E009) with parking deviation",,,PZ&DB Meeting Minutes — 2022-04-12,https://estero-fl.gov/wp-content/uploads/library-ada/minutes/2022%20MINUTES/PZD%20BOARD/04122022%20PZDB%20Minutes.pdf,2022-04-12,"9501 Spring Run Boulevard, Estero, FL",26.395734095199,-81.797042452636
Septic to Sewer Conversion,Regular Council Meeting,2022-04-06,2022,Accepted,Yes,No,,"Approved initiation of a rezoning and Comprehensive Plan Amendme nt for property south of Estero River, East of US 41 and north of Corkscrew Road . | Approved the purchase of the 10- acre vacant parcel, commonly known as ""River Oaks"" at the east end of Broadway Avenue. | Approved First Addendum to Peoples Gas System, Inc. ""(TECO)"" Franchise Agreement Ordinance 2021 -09. | Approved the contract with Atkins North Amer ica to provide design and permitting services for the Sandy Lane and Broadway East Bicycle/Pedestrian Improvements Project in the amount of $671,513.25, approve a contingency fund amount of $67,000 (an amount equal to 10% of the total project cost) to cove r unforeseen circumstances which may occur, and authorize the Vi llage Manager to execute t he contract with Atkins North America and Village",9:30 AM,td/CS,Regular Council Meeting — 2022-04-06,https://estero-fl.gov/wp-content/uploads/library-ada/minutes/2022%20MINUTES/COUNCIL/04062022%20minutes.pdf,2022-04-06,"River Oaks Preserve, Estero, FL",26.4420079,-81.7993579
Corkscrew Road Widening,Regular Council Meeting,2022-04-06,2022,Accepted,Yes,No,,"Approved initiation of a rezoning and Comprehensive Plan Amendme nt for property south of Estero River, East of US 41 and north of Corkscrew Road . | Approved the purchase of the 10- acre vacant parcel, commonly known as ""River Oaks"" at the east end of Broadway Avenue. | Approved First Addendum to Peoples Gas System, Inc. ""(TECO)"" Franchise Agreement Ordinance 2021 -09. | Approved the contract with Atkins North Amer ica to provide design and permitting services for the Sandy Lane and Broadway East Bicycle/Pedestrian Improvements Project in the amount of $671,513.25, approve a contingency fund amount of $67,000 (an amount equal to 10% of the total project cost) to cove r unforeseen circumstances which may occur, and authorize the Vi llage Manager to execute t he contract with Atkins North America and Village",9:30 AM,td/CS,Regular Council Meeting — 2022-04-06,https://estero-fl.gov/wp-content/uploads/library-ada/minutes/2022%20MINUTES/COUNCIL/04062022%20minutes.pdf,2022-04-06,"River Oaks Preserve, Estero, FL",26.4420079,-81.7993579
PZ&DB General Meeting Records,PZDB Meeting,2022-03-08,2022,Accepted,Yes,Yes,PZ&DB project and location mapping in EagleGIS is still in progress; individual development projects are not fully catalogued yet. Residents can still comment through Engage Estero or Village eComment.,"Approved the Development Order (DOS2018-E005) with stipulation in the staff report and additional stipulation to change the vertical color pattern, a condition of no pickleball, and there would be no lighting at the bocce and tennis courts. The monument signs are not approved at this time and will come back at a later date | The Colonnade, Continuing Care Retirement Community (CCRC) aka Volunteers of America Development Order (DOS2018-E005) (District 4) 21± acres located on the northeast corner of Corkscrew Road and Sandy Lane. Rezoning was approved on January 20, 2016, throu. Action: Approved the Development Order (DOS2018-E005) with stipulation in the staff report and additional stipulation to change the vertical color pattern, a condition of no pickleball, and there would be no lighting at the bocce and tennis...",,,PZ&DB Meeting Minutes — 2022-03-08,https://estero-fl.gov/wp-content/uploads/library-ada/minutes/2022%20MINUTES/PZD%20BOARD/03082022%20PZDB%20Minutes.pdf,2022-03-08,"The Colonnade / Estero Townhomes site, 9301 Corkscrew Road, Estero, FL",26.432264859989,-81.801155452524
Septic to Sewer Conversion,Regular Council Meeting,2022-02-16,2022,Accepted,Yes,No,,"Adopted Resolution No. 2022-02. | Approved the consultants ranking for Sandy Lane and Broadway East Bicycle/Pedestrian Improvements Pro ject as follows: Number Village | Approved the consultants ranking for Broadway Avenue West Utilities Extension Project (UEP) as follows: Number 1 - Johnson Engineering, Inc.; Number 2 - Tetra Tech, Inc. ; Number 3 - CW3 Engineering, Inc.; Number 4 - JR Evans Engineering, P.A., and authorize | Approved the consultants ranking for Broadway Avenue East Utilities Extension Project (UEP) as follows: Number 1 - Tetra Tech, Inc.; Number 2 - Johnson Engineering, Inc.; Number 3 - CW3 Engineering, Inc .; Number 4 - JR Evans Engineering, P.A., and authorize",9:30 AM,td/CS,Regular Council Meeting — 2022-02-16,https://estero-fl.gov/wp-content/uploads/library-ada/minutes/2022%20MINUTES/COUNCIL/02162022%20minutes.pdf,2022-02-16,Estero Bay Village Septic Area,26.4408,-81.8225
BERT Rail Trail,Regular Council Meeting,2022-02-16,2022,Accepted,Yes,No,,Approved the 2021-2022 Interlocal Agreement between Village of Estero and Lee County for Stray Animal Control Services.,9:30 AM,td/CS,Regular Council Meeting — 2022-02-16,https://estero-fl.gov/wp-content/uploads/library-ada/minutes/2022%20MINUTES/COUNCIL/02162022%20minutes.pdf,2022-02-16,BERT Rail Trail Corridor,26.4339,-81.8157
PZ&DB General Meeting Records,PZDB Meeting,2022-02-08,2022,Accepted,Yes,Yes,PZ&DB project and location mapping in EagleGIS is still in progress; individual development projects are not fully catalogued yet. Residents can still comment through Engage Estero or Village eComment.,,,,PZ&DB Meeting Minutes — 2022-02-08,https://estero-fl.gov/wp-content/uploads/library-ada/minutes/2022%20MINUTES/PZD%20BOARD/02082022%20PZDB%20Minutes.pdf,2022-02-08,Village of Estero Council Chambers,26.4361,-81.8062
PZ&DB General Meeting Records,PZDB Meeting,2022-01-11,2022,Accepted,Yes,Yes,PZ&DB project and location mapping in EagleGIS is still in progress; individual development projects are not fully catalogued yet. Residents can still comment through Engage Estero or Village eComment.,,,,PZ&DB Meeting Minutes — 2022-01-11,https://estero-fl.gov/wp-content/uploads/library-ada/minutes/2023%20MINUTES/PZDB/01112022%20PZDB%20Minutes.pdf,2022-01-11,Village of Estero Council Chambers,26.4361,-81.8062
PZ&DB General Meeting Records,PZDB Meeting,2021-12-14,2021,Accepted,Yes,Yes,PZ&DB project and location mapping in EagleGIS is still in progress; individual development projects are not fully catalogued yet. Residents can still comment through Engage Estero or Village eComment.,,,,PZ&DB Meeting Minutes — 2021-12-14,https://estero-fl.gov/wp-content/uploads/library-ada/minutes/2021%20Minutes/PZDB%20Minutes/12142021%20PZDB%20Minutes.pdf,2021-12-14,Village of Estero Council Chambers,26.4361,-81.8062
PZ&DB General Meeting Records,PZDB Meeting,2021-11-09,2021,Accepted,Yes,Yes,PZ&DB project and location mapping in EagleGIS is still in progress; individual development projects are not fully catalogued yet. Residents can still comment through Engage Estero or Village eComment.,,,,PZ&DB Meeting Minutes — 2021-11-09,https://estero-fl.gov/wp-content/uploads/library-ada/minutes/2021%20Minutes/PZDB%20Minutes/11092021%20PZDB%20Minutes.pdf,2021-11-09,Village of Estero Council Chambers,26.4361,-81.8062
PZ&DB General Meeting Records,PZDB Meeting,2021-10-12,2021,Accepted,Yes,Yes,PZ&DB project and location mapping in EagleGIS is still in progress; individual development projects are not fully catalogued yet. Residents can still comment through Engage Estero or Village eComment.,,,,PZ&DB Meeting Minutes — 2021-10-12,https://estero-fl.gov/wp-content/uploads/library-ada/minutes/2021%20Minutes/PZDB%20Minutes/10122021%20PZDB%20Minutes.pdf,2021-10-12,Village of Estero Council Chambers,26.4361,-81.8062
PZ&DB General Meeting Records,PZDB Meeting,2021-09-28,2021,Accepted,Yes,Yes,PZ&DB project and location mapping in EagleGIS is still in progress; individual development projects are not fully catalogued yet. Residents can still comment through Engage Estero or Village eComment.,,,,PZ&DB Meeting Minutes — 2021-09-28,https://estero-fl.gov/wp-content/uploads/library-ada/minutes/2021%20Minutes/PZDB%20Minutes/09282021%20PZDB%20Minutes%20.pdf,2021-09-28,Village of Estero Council Chambers,26.4361,-81.8062
PZ&DB General Meeting Records,PZDB Meeting,2021-09-14,2021,Accepted,Yes,Yes,PZ&DB project and location mapping in EagleGIS is still in progress; individual development projects are not fully catalogued yet. Residents can still comment through Engage Estero or Village eComment.,,,,PZ&DB Meeting Minutes — 2021-09-14,https://estero-fl.gov/wp-content/uploads/library-ada/minutes/2021%20Minutes/PZDB%20Minutes/09142021%20PZDB%20Minutes.pdf,2021-09-14,Village of Estero Council Chambers,26.4361,-81.8062
PZ&DB General Meeting Records,PZDB Meeting,2021-08-24,2021,Accepted,Yes,Yes,PZ&DB project and location mapping in EagleGIS is still in progress; individual development projects are not fully catalogued yet. Residents can still comment through Engage Estero or Village eComment.,,,,PZ&DB Meeting Minutes — 2021-08-24,https://estero-fl.gov/wp-content/uploads/library-ada/minutes/2021%20Minutes/PZDB%20Minutes/PZDB%20Minutes%20August%2024%2C%202021.pdf,2021-08-24,Village of Estero Council Chambers,26.4361,-81.8062
PZ&DB General Meeting Records,PZDB Meeting,2021-08-10,2021,Accepted,Yes,Yes,PZ&DB project and location mapping in EagleGIS is still in progress; individual development projects are not fully catalogued yet. Residents can still comment through Engage Estero or Village eComment.,,,,PZ&DB Meeting Minutes — 2021-08-10,https://estero-fl.gov/wp-content/uploads/library-ada/minutes/2021%20Minutes/PZDB%20Minutes/PZDB%20Minutes%20August%2010%2C%202021.pdf,2021-08-10,Village of Estero Council Chambers,26.4361,-81.8062
PZ&DB General Meeting Records,PZDB Meeting,2021-07-13,2021,Accepted,Yes,Yes,PZ&DB project and location mapping in EagleGIS is still in progress; individual development projects are not fully catalogued yet. Residents can still comment through Engage Estero or Village eComment.,,,,PZ&DB Meeting Minutes — 2021-07-13,https://estero-fl.gov/wp-content/uploads/library-ada/minutes/2021%20Minutes/PZDB%20Minutes/07132021%20PZDB%20Minutes%20.pdf,2021-07-13,Village of Estero Council Chambers,26.4361,-81.8062
BERT Rail Trail,Regular Council Meeting,2021-07-07,2021,Accepted,Yes,No,,"M otion to permit | Approved Comprehensive Annual Financial Report. | A uthori zed the Village Manager to execute the attached three letters of engagement, or similarly priced alternatives, and other invoices related to these services. Village | Approved the lien mitigation request f rom Ms. Hernandez releasing any outstanding liens against the Property in exchange for payment of a reduced fine of $5,000.00 and $327.20 for administrative cost. | P assed first reading of Ordinance 2021 -09 and set second readi ng for July 21, 2021.",9:30 AM,td/CS,Regular Council Meeting — 2021-07-07,https://estero-fl.gov/wp-content/uploads/library-ada/minutes/2021%20Minutes/COUNCIL/07072021%20minute.pdf,2021-07-07,"20318 Sherrill Lane, Estero, FL",26.445524150713,-81.829035422685
BERT Rail Trail,Regular Council Meeting,2021-06-16,2021,Accepted,Yes,No,,"Approved award of Supplemental Task Authorization (STA) - 04 Contract EC 2020-42 to Bruce Howard & Associates under the Village's Misc. Service Contract CN 2020-01 in the amount of $60,000, approve award of Supplement al Task Authorization (STA) - 03 Contract EC 2020-67 to RWA Engineering under the Village's Misc. Service Contract CN 2020 -01 in the amount of $11,700, approve a contingency fund amount of $7,200 (an amount equal to 10% of the total project cost) to cover unforeseen circumstances which may occur, and authorize the Village Manager to execute the Supplemental Task Authorization and any other related ancillary documents on behalf of the Village of Estero | Approved the selection of Provion Inc. as the consultant of record under Request for Information No. RFI 2020-02 Community Development Software Consultant and authorize the Village Manager to negotiate and execute a contract on behalf of the Village of Estero | Approved the | A uthorize d the | P assed first reading of Ordinance 2021 -04 and set second reading for June 16, 2021. | P assed first reading of Ordinance 2021 -08 and set second reading for June 16, 2021.",9:30 AM,td/CS,Regular Council Meeting — 2021-06-16,https://estero-fl.gov/wp-content/uploads/library-ada/minutes/2021%20Minutes/COUNCIL/06162021%20minute.pdf,2021-06-16,BERT Rail Trail Corridor,26.4339,-81.8157
PZ&DB General Meeting Records,PZDB Meeting,2021-06-08,2021,Accepted,Yes,Yes,PZ&DB project and location mapping in EagleGIS is still in progress; individual development projects are not fully catalogued yet. Residents can still comment through Engage Estero or Village eComment.,,,,PZ&DB Meeting Minutes — 2021-06-08,https://estero-fl.gov/wp-content/uploads/library-ada/minutes/2021%20Minutes/PZDB%20Minutes/06082021%20PZDB%20Minutes.pdf,2021-06-08,Village of Estero Council Chambers,26.4361,-81.8062
BERT Rail Trail,Regular Council Meeting,2021-05-26,2021,Accepted,Yes,No,,Approved to permit | Approved the first reading of the ordinance and to transmit the Comprehensive Plan Amendment request to the State reviewing agencies with,9:30 AM,td/CS,Regular Council Meeting — 2021-05-26,https://estero-fl.gov/wp-content/uploads/library-ada/minutes/2021%20Minutes/COUNCIL/05262021%20minutes.pdf,2021-05-26,BERT Rail Trail Corridor,26.4339,-81.8157
BERT Rail Trail,Regular Council Meeting,2021-05-19,2021,Accepted,Yes,No,,Approved the final plat.,9:30 AM,td/CS,Regular Council Meeting — 2021-05-19,https://estero-fl.gov/wp-content/uploads/library-ada/minutes/2021%20Minutes/COUNCIL/05192021%20minutes.pdf,2021-05-19,BERT Rail Trail Corridor,26.4339,-81.8157
PZ&DB General Meeting Records,PZDB Meeting,2021-05-11,2021,Accepted,Yes,Yes,PZ&DB project and location mapping in EagleGIS is still in progress; individual development projects are not fully catalogued yet. Residents can still comment through Engage Estero or Village eComment.,,,,PZ&DB Meeting Minutes — 2021-05-11,https://estero-fl.gov/wp-content/uploads/library-ada/minutes/2021%20Minutes/PZDB%20Minutes/05112021%20PZDB%20Minutes.pdf,2021-05-11,Village of Estero Council Chambers,26.4361,-81.8062
BERT Rail Trail,Regular Council Meeting,2021-04-21,2021,Accepted,Yes,No,,"Approved Resolution 2021-10. | Approved Resolution 2021-12. | Approved award of Request for Bids No. RFB 2021-02, US 41 Landscape Improvements Broadway East to Vintage Parkway and Coconut Road to Fountain Lakes Boulevard to P & T Lawn and Tractor Service, Inc. at a Grand Total Cost of $118,075, ap prove a contingency fund amount of $11,800 (an amount equal to 10% of the total project cost) to cover unforeseen circumstances which may occur, and a uthorize the Village Manager to execute the contract and any other related ancillary documents on behalf of the Village of Estero Counci l. | Approved award of Supplemental Task Authorization ( STA) - 02 Contract EC 2020-61 to KCA under the Village's Misc. Service Contract CN 2020-01 in the amount of $469,099, approve a contingency fund amount of $47,000 (an amount equal to 10% of the total project cost) to cover unforesee n circumstances which ma y occur, and a uthorize the Village Manager to execute the STA and any other related ancillary documents on behalf of the Village of Estero | Approved award of Supplemental Task Authorization (STA) 06 to Contract EC 2020-48 to CW3 Engineering under the Village's Misc. Service Contract CN 2 020-01 in the amount of $54,000, approve a contingency fund amount of $5,400 (an amount equal to 10% of the total project cost) to cover unforesee n circumstances which may occur, and a uthorize the Village Manager to execute the STA and any other related ancillary documents on behalf of the Village of Estero | Approved award of Suppl emental Task Authorization 06 to Contract EC 2020-32 to Johnson Engineering to provide water monitoring services for The Village of Estero for $41,352, a pprove a 10% contingency for additional services that may be required to complete the project, and a uthorize the Village Manger to sign the STA and other additional implementing documents within the scope of the STA on behalf of the Village of Estero",9:30 AM,td/CS,Regular Council Meeting — 2021-04-21,https://estero-fl.gov/wp-content/uploads/library-ada/minutes/2021%20Minutes/COUNCIL/04212021%20minutes.pdf,2021-04-21,BERT Rail Trail Corridor,26.4339,-81.8157
PZ&DB General Meeting Records,PZDB Meeting,2021-04-20,2021,Accepted,Yes,Yes,PZ&DB project and location mapping in EagleGIS is still in progress; individual development projects are not fully catalogued yet. Residents can still comment through Engage Estero or Village eComment.,,,,PZ&DB Meeting Minutes — 2021-04-20,https://estero-fl.gov/wp-content/uploads/library-ada/minutes/2021%20Minutes/PZDB%20Minutes/04202021%20PZDB%20Minutes.pdf,2021-04-20,Village of Estero Council Chambers,26.4361,-81.8062
BERT Rail Trail,Regular Council Meeting,2021-03-24,2021,Accepted,Yes,No,,"Elected Vice Mayor Errington to be Mayor. Village | Approved Resolution 2021-04. | Authorized the M ayor to provide letters to our legislative deleg ation on several issues of local government preemption that are being considered by the legislature, one being building design standards preemption, the other being the comprehensive plan language in S enate Bill 284, and the language in House Bill 403, which is the home-based business preemption.",9:30 AM,td/CS,Regular Council Meeting — 2021-03-24,https://estero-fl.gov/wp-content/uploads/library-ada/minutes/2021%20Minutes/COUNCIL/03242021%20minutes.pdf,2021-03-24,BERT Rail Trail Corridor,26.4339,-81.8157
Corkscrew Road Widening,Regular Council Meeting,2021-03-03,2021,Accepted,Yes,No,,"Approved to permit | Denied request to amend the zoning for the Estero Town Center CPD for a Firestone Complete Auto C are, and adopt Ordinance 2020-09. | Approved the Williams Road Bicycle and Pedestrian Improvements - Concept Design contract with Banks Engineering under Supplemental Task Authorization (STA) - 01 Contract EC 2020-56 Miscellaneous Professional Services to perform a suite of desi gn services for the Bicycle & Pedestrian improvements along Williams Road, betwe en US 41 and Village | Approved Ben Hill Griffin Parkway Preliminar y Landscape Design contracts with Bruce Howard and Associates under EC2020-42 and RWA Engineering under EC2020-67 to perform a suite of design services for the proposed landscape improvements along Ben Hill Griffin Parkway from Corkscrew Road to Estero Pa rkway, a pprove a 10% contingency for additional services that may be r equired to complete the project, and Authorize the Village Manager to sign the Supplemental Task Authorization (STA) and other additional implementing documents within the scope of the S TAs on behalf of the Village of Estero",9:30 AM,td/CS,Regular Council Meeting — 2021-03-03,https://estero-fl.gov/wp-content/uploads/library-ada/minutes/2021%20Minutes/COUNCIL/03032021%20minutes.pdf,2021-03-03,"Ben Hill Griffin Parkway from Corkscrew Road to Estero Parkway, Estero, FL",26.442888042165,-81.772410260408
BERT Rail Trail,Regular Council Meeting,2021-02-24,2021,Accepted,Yes,No,,Approved Resolution No. 2021-02 and authorize the Village to modify the Resolution if needed.,9:30 AM,td/CS,Regular Council Meeting — 2021-02-24,https://estero-fl.gov/wp-content/uploads/library-ada/minutes/2021%20Minutes/COUNCIL/02242021%20minutes.pdf,2021-02-24,BERT Rail Trail Corridor,26.4339,-81.8157
BERT Rail Trail,Regular Council Meeting,2021-02-17,2021,Accepted,No,No,,Approved to permit | Approved Ordinance 2021-01.,9:30 AM,td/CS,Regular Council Meeting — 2021-02-17,,,BERT Rail Trail Corridor,26.4339,-81.8157
BERT Rail Trail,Regular Council Meeting,2021-01-27,2021,Accepted,Yes,No,,"Approved to permit | Approved Resolution No. 2021-01. Village | Adopted the Land Development Code Ordinance 2020-10 and Official Zoning Map as amended in the ""Addendum of Recommended Changes "" document dated January 19, 2021 as well as the addition of a sentence to Table 3- 405.C that states ""A stand -alone car wash which has applied but has not been determined to be complete for an application for Development Order prior to January 27, 2021, and which submits a complete application for Development Order prior to April 27, 2021, a permitted use and not a special exception use shall apply.""",9:30 AM,td/CS,Regular Council Meeting — 2021-01-27,https://estero-fl.gov/wp-content/uploads/library-ada/minutes/2021%20Minutes/COUNCIL/01272021%20minutes.pdf,2021-01-27,BERT Rail Trail Corridor,26.4339,-81.8157
BERT Rail Trail,Regular Council Meeting,2021-01-13,2021,Accepted,Yes,No,,No action found,9:30 AM,td/SS,Regular Council Meeting — 2021-01-13,https://estero-fl.gov/wp-content/uploads/library-ada/minutes/2021%20Minutes/COUNCIL/01132021%20Minutes.pdf,2021-01-13,BERT Rail Trail Corridor,26.4339,-81.8157
BERT Rail Trail,Regular Council Meeting,2021-01-06,2021,Accepted,No,No,,Estero Chamber of Commerce approval of financial support for Strategic Plans for Future Growth and Impact . | Passed first reading of Ordinance No. 2020-11 and schedule second reading/ | Passed first reading of Ordinance No. 2021-01 and schedule second reading/ | Approved m otion for a continuance until February 3 with the goal of making a final decision . | Adopted Ordinance 2020-07.,9:30 AM,td/SS,Regular Council Meeting — 2021-01-06,https://estero-fl.gov/wp-content/uploads/library-ada/minutes/2021%20Minutes/COUNCIL/0162021%20Minutes.pdf,,"Corkscrew Road at Puente Lane, Estero, FL",26.431386394627,-81.784740920078
BERT Rail Trail,Regular Council Meeting,2019-01-30,2019,Accepted,Yes,No,,No action found,9:30 AM,,Regular Council Meeting — 2019-01-30,https://estero-fl.gov/wp-content/uploads/library-ada/minutes/2019%20MINUTES/Council/2019-01-30%20Council%20Meeting%20Approved%20Minutes.pdf,2019-01-30,BERT Rail Trail Corridor,26.4339,-81.8157
BERT Rail Trail,Regular Council Meeting,2019-01-23,2019,Accepted,Yes,No,,No action found,9:30 AM,,Regular Council Meeting — 2019-01-23,https://estero-fl.gov/wp-content/uploads/library-ada/minutes/2019%20MINUTES/Council/2019-01-23%20Council%20Meeting%20Approved%20Minutes.pdf,2019-01-23,BERT Rail Trail Corridor,26.4339,-81.8157
BERT Rail Trail,Regular Council Meeting,2019-01-09,2019,Accepted,Yes,No,,Move to approve removal of lien | Lien Removal Request on Property Located at 9870 Horne Lane Village Attorney Saunders explained that this item is to remove a lien that was in error. Council approval is required to remove the lien. Community Development Director Gibbs added further infor. Action: Move to approve removal of lien,9:30 AM,,Regular Council Meeting — 2019-01-09,https://estero-fl.gov/wp-content/uploads/library-ada/minutes/2019%20MINUTES/Council/2019-01-09%20Council%20Meeting%20Approved%20Minutes.pdf,2019-01-09,"9870 Horne Lane, Estero, FL",26.426140245249,-81.790456958949
BERT Rail Trail,Regular Council Meeting,2017-05-17,2017,Accepted,Yes,No,,No action found,9:30 AM,,Regular Council Meeting — 2017-05-17,https://estero-fl.gov/wp-content/uploads/library-ada/minutes/2017%20Minutes/Council/051717%20Council%20Meeting%20Approved%20Minutes.pdf,2017-05-17,BERT Rail Trail Corridor,26.4339,-81.8157
BERT Rail Trail,Regular Council Meeting,2017-05-15,2017,Accepted,Yes,No,,No action found,9:30 AM,,Regular Council Meeting — 2017-05-15,https://estero-fl.gov/wp-content/uploads/library-ada/minutes/2017%20Minutes/Council/051517%20Council%20Meeting%20Approved%20Minutes.pdf,2017-05-15,BERT Rail Trail Corridor,26.4339,-81.8157
BERT Rail Trail,Regular Council Meeting,2016-08-31,2016,Accepted,Yes,No,,"Endorsed the revised Caloosahatchee Watershed Regional Water Management Issues White Paper, dated July 15, 2016, and authorized the Mayor to sign a letter indicating | Adopted Resolution No. 2016-23. | Approved the request for the Mayor to sign a letter of support for the Edward Byrne Memorial Justice Assistance Grant (JAG) | Approved the agreement between the Village ofEstero and LaRue Planning & Management Services, Inc. | Continued to next | Approved the agreement as amended, between the Village of Estero and Nancy Stroud of Lewis Stroud & Deutsch, PL, for continuing legal services related to land use matters, including legal assistance with the Comprehensive Plan",9:30 AM,,Regular Council Meeting — 2016-08-31,https://estero-fl.gov/wp-content/uploads/library-ada/minutes/2016%20Minutes/Council/083116%20Council%20Meeting%20Approved%20Minutes.pdf,2016-08-31,"Estero Parkway from US 41 to Three Oaks Parkway, Estero, FL",26.448792003304,-81.803409304378
BERT Rail Trail,Regular Council Meeting,2016-08-17,2016,Accepted,Yes,No,,Approved Ordinance No. 2016-06. | Approved Ordinance No. 2016-06. | Approved first reading of Ordinance No. 2016-07 and advanced to second reading and | Adopted Resolution No. 2016-11. | Adopted Resolution No. 2016-12. | Adopted Resolution No. 2016-13.,9:31 AM,,Regular Council Meeting — 2016-08-17,https://estero-fl.gov/wp-content/uploads/library-ada/minutes/2016%20Minutes/Council/081716%20Council%20Meeting%20Approved%20Minutes.pdf,2016-08-17,"9050 Corkscrew Road, Estero, FL",26.430304207108,-81.804157598784
Corkscrew Road Widening,Regular Council Meeting,2016-06-08,2016,Accepted,Yes,No,,"Review proposed Budget for Fiscal Year 2020-2021 Financial Impact: The proposed budget will provide funding for the Fiscal Year 2020-2021 | Adopted Resolution No. 2020-13 | Approve Resolution 2020-12 Naming the Lee County Supervisor of Elections as the Village ofEstero's Qualifying Official and authority for the Village Manager to enter into the attached agreement with the Lee County Supervisor of Elections, which is an expansion of the existing interlocal agreement between the parties. | Approve the WCI/Lennar Transportation Impact Fee Credit Agreement between WCVLennar and the Village of Estero for the Pelican Colony Traffic Signal. Authorize the Mayor to execute this agreement on behalf of the Village ofEstero | Approved the WCI/Lennar Transportation Impact Fee Credit Agreement between WCI/Lennar and the Village ofEstero for the Pelican Colony Traffic Signal. Authorize the Mayor to execute this agreement on behalf of the Village ofEstero | Approved the Interlocal Agreement between Lee County and the Village of Estero for Corkscrew Road/Puente Lane Traffic Signal. Authorize the Mayor to execute this agreement on behalf of the Village ofEstero",9:30 AM,td/SS,Regular Council Meeting — 2016-06-08,https://estero-fl.gov/wp-content/uploads/library-ada/minutes/2016%20Minutes/Council/060816%20Council%20Workshop%20Approved%20Minutes.pdf,2016-06-08,Corkscrew Road Corridor,26.4386,-81.8084
BERT Rail Trail,Regular Council Meeting,2016-06-08,2016,Accepted,Yes,No,,Adopted Resolution No. 2017-02. | Adopted Resolution No. 2017-03 and approved the agreement between the Village and Pritchard Construction LLC as amended. | Approved the Traffic Signal Maintenance Agreement with Lee County | Passed first reading and set second reading and | Passed second reading and adopted Ordinance No. 2016-15. | Passed second reading and adopted Ordinance No. 2016-16.,9:30 AM,,Regular Council Meeting — 2016-06-08,https://estero-fl.gov/wp-content/uploads/library-ada/minutes/2016%20Minutes/Council/060816%20Council%20Workshop%20Approved%20Minutes.pdf,2016-06-08,BERT Rail Trail Corridor,26.4339,-81.8157
BERT Rail Trail,Regular Council Meeting,2016-06-01,2016,Accepted,Yes,No,,"Adopted Ordinance No. 2016-05, amending the Commercial Planned Development Zoning Resolution No. Z-09-037, Section 2.B, as revised by including a statement that this approval is unique to this particular petition and is not to be considered a precedent in other matters. | Approved first reading of Ordinance No. 2016-06 and advanced to second reading and | Adopted Resolution No. 2016-10 establishing a Village Credit Card Account with SunTrust. | Awarded RFP 2016-01 -Village Traffic Study to Kimley-Horn and authorized the Village Manager, with the assistance of | Approved the letter of support to be sent to Office of Environmental Services Division of State Lands, Department of Environmental Protection as revised with the language suggested by Mayor Batos. | No one on the",9:30 AM,,Regular Council Meeting — 2016-06-01,https://estero-fl.gov/wp-content/uploads/library-ada/minutes/2016%20Minutes/Council/060116%20Council%20Meeting%20Approved%20Minutes.pdf,2016-06-01,BERT Rail Trail Corridor,26.4339,-81.8157
BERT Rail Trail,Regular Council Meeting,2016-05-24,2016,Accepted,Yes,No,,No action found,5:30 PM,,Regular Council Meeting — 2016-05-24,https://estero-fl.gov/wp-content/uploads/library-ada/minutes/2016%20Minutes/Council/052416%20Council%20Workshop%20Meeting%20Approved%20Minutes.pdf,2016-05-24,BERT Rail Trail Corridor,26.4339,-81.8157
BERT Rail Trail,Regular Council Meeting,2016-05-18,2016,Accepted,Yes,No,,"Accepted Roger Strelow's resignation, with thanks from the",9:30 AM,,Regular Council Meeting — 2016-05-18,https://estero-fl.gov/wp-content/uploads/library-ada/minutes/2016%20Minutes/Council/051816%20Council%20Meeting%20Approved%20Minutes.pdf,2016-05-18,BERT Rail Trail Corridor,26.4339,-81.8157
BERT Rail Trail,Regular Council Meeting,2016-05-04,2016,Accepted,Yes,No,,Passed first reading and transmittal of Ordinance No. 2016-04.,10:00 AM,,Regular Council Meeting — 2016-05-04,https://estero-fl.gov/wp-content/uploads/library-ada/minutes/2016%20Minutes/Council/050416%20Council%20Meeting%20Approved%20Minutes.pdf,2016-05-04,BERT Rail Trail Corridor,26.4339,-81.8157
Corkscrew Road Widening,Regular Council Meeting,2016-04-20,2016,Accepted,Yes,No,,"Adopted Ordinance No. 2016-02 as amended. | Accepted all submissions, appointed the Village Manager, Finance | Accepted all submissions, appointed the Village Manager, Finance Director and Community Development Director as the interview committee, directed the committee to interview each firm (these would be posted and | Awarded the bid to ProAudio Services with the recommended add-ons. | Authorized the Village Manager to submit a letter to Lee County requesting support for traffic control for Bella Terra and Corkscrew Road, the sidewalk project on Estero Parkway, and resurfacing Estero Parkway. | Approved commencing",10:00 AM,,Regular Council Meeting — 2016-04-20,https://estero-fl.gov/wp-content/uploads/library-ada/minutes/2016%20Minutes/Council/042016%20Council%20Meeting%20Approved%20Minutes.pdf,2016-04-20,Corkscrew Road Corridor,26.4386,-81.8084
BERT Rail Trail,Regular Council Meeting,2016-04-06,2016,Accepted,Yes,No,,"Approved continuing to a date certain, March 23, 2016.",10:00 AM,,Regular Council Meeting — 2016-04-06,https://estero-fl.gov/wp-content/uploads/library-ada/minutes/2016%20Minutes/Council/040616%20Council%20Meeting%20Approved%20Minutes.pdf,2016-04-06,BERT Rail Trail Corridor,26.4339,-81.8157
BERT Rail Trail,Regular Council Meeting,2016-03-16,2016,Accepted,Yes,No,,"Appointed Robert King as Village CAC Representative to MPO. | Accepted the letter of resignation from Jeffrey Mass dated January 12, 2016 and directed the Village Clerk to advertise the vacancy and solicit applications. | Adopted Resolution 2016-05 as amended. | Authorized the Mayor to sign the letter and approved and endorsed the white paper entitled ""Caloosahatchee Watershed Regional Water Management Issues."" | Adopted Resolution No. 2016-04.",10:00 AM,,Regular Council Meeting — 2016-03-16,https://estero-fl.gov/wp-content/uploads/library-ada/minutes/2016%20Minutes/Council/031616%20Council%20Meeting%20Approved%20Minutes.pdf,2016-03-16,BERT Rail Trail Corridor,26.4339,-81.8157
BERT Rail Trail,Regular Council Meeting,2016-02-10,2016,Accepted,Yes,No,,"Directed Village Land Use Attorney Nancy Stroud to investigate the merits | Continued deliberations to 9:00 a.m. on January 20, 2016.",2:01 PM,,Regular Council Meeting — 2016-02-10,https://estero-fl.gov/wp-content/uploads/library-ada/minutes/2016%20Minutes/Council/021016%20Council%20Regular%20Meeting%20Approved%20Minutes.pdf,2016-02-10,BERT Rail Trail Corridor,26.4339,-81.8157
BERT Rail Trail,Regular Council Meeting,2016-01-20,2016,Accepted,Yes,No,,Approved first reading of Ordinance No. 2016-01. | Adopted Resolution No. 2016-01. | Adopted Resolution No. 2016-02. | Adopted Resolution No. 2016-03. | No action required. 8.,10:00 AM,,Regular Council Meeting — 2016-01-20,https://estero-fl.gov/wp-content/uploads/library-ada/minutes/2016%20Minutes/Council/01202016%20minutes.pdf,2016-01-20,"21700 S. Tamiami Trail, Estero, FL",26.425251721603,-81.811717237258
BERT Rail Trail,Regular Council Meeting,2015-12-16,2015,Accepted,Yes,No,,No action found,9:30 AM,,Regular Council Meeting — 2015-12-16,https://estero-fl.gov/wp-content/uploads/library-ada/minutes/2015%20Minutes/Council/121615%20Regular%20Meeting%20Approved%20Minutes.pdf,2015-12-16,BERT Rail Trail Corridor,26.4339,-81.8157
BERT Rail Trail,Regular Council Meeting,2015-12-11,2015,Accepted,Yes,No,,No action found,9:30 AM,,Regular Council Meeting — 2015-12-11,https://estero-fl.gov/wp-content/uploads/library-ada/minutes/2015%20Minutes/Council/121115%20Workshop%20Approved%20Minutes.pdf,2015-12-11,BERT Rail Trail Corridor,26.4339,-81.8157
BERT Rail Trail,Regular Council Meeting,2015-09-03,2015,Accepted,Yes,No,,No action found,9:30 AM,,Regular Council Meeting — 2015-09-03,https://estero-fl.gov/wp-content/uploads/library-ada/minutes/2015%20Minutes/Council/090315%20Regular%20Meeting%20Approved%20Minutes.pdf,2015-09-03,BERT Rail Trail Corridor,26.4339,-81.8157
BERT Rail Trail,Regular Council Meeting,2015-08-10,2015,Accepted,Yes,No,,No action found,9:30 AM,,Regular Council Meeting — 2015-08-10,https://estero-fl.gov/wp-content/uploads/library-ada/minutes/2015%20Minutes/Council/081015%20Regular%20Meeting%20Approved%20Minutes.pdf,2015-08-10,BERT Rail Trail Corridor,26.4339,-81.8157
BERT Rail Trail,Regular Council Meeting,2015-07-22,2015,Accepted,Yes,No,,No action found,9:30 AM,,Regular Council Meeting — 2015-07-22,https://estero-fl.gov/wp-content/uploads/library-ada/minutes/2015%20Minutes/Council/072215%20Workshop%20Approved%20Minutes.pdf,2015-07-22,BERT Rail Trail Corridor,26.4339,-81.8157
BERT Rail Trail,Regular Council Meeting,2015-07-15,2015,Accepted,Yes,No,,No action found,9:30 AM,,Regular Council Meeting — 2015-07-15,https://estero-fl.gov/wp-content/uploads/library-ada/minutes/2015%20Minutes/Council/071515%20Regular%20Meeting%20Approved%20Minutes.pdf,2015-07-15,BERT Rail Trail Corridor,26.4339,-81.8157
BERT Rail Trail,Regular Council Meeting,2015-07-10,2015,Accepted,Yes,No,,No action found,9:30 AM,,Regular Council Meeting — 2015-07-10,https://estero-fl.gov/wp-content/uploads/library-ada/minutes/2015%20Minutes/Council/071015%20Workshop%20Approved%20Minutes.pdf,2015-07-10,BERT Rail Trail Corridor,26.4339,-81.8157
BERT Rail Trail,Regular Council Meeting,2015-07-01,2015,Accepted,Yes,No,,No action found,9:30 AM,,Regular Council Meeting — 2015-07-01,https://estero-fl.gov/wp-content/uploads/library-ada/minutes/2015%20Minutes/Council/070115%20Regular%20Meeting%20Approved%20Minutes.pdf,2015-07-01,BERT Rail Trail Corridor,26.4339,-81.8157
BERT Rail Trail,Regular Council Meeting,2015-06-26,2015,Accepted,Yes,No,,No action found,9:30 AM,,Regular Council Meeting — 2015-06-26,https://estero-fl.gov/wp-content/uploads/library-ada/minutes/2015%20Minutes/Council/062615%20Special%20Meeting%20Approved%20Minutes.pdf,2015-06-26,BERT Rail Trail Corridor,26.4339,-81.8157
BERT Rail Trail,Regular Council Meeting,2015-06-24,2015,Accepted,Yes,No,,"adopted the concepts that Councilmember Errington was suggesting and encouraged the formation of the committee. Mayor Batos noted on the last page of her presentation that Councilmember Errington was asking Council to give approval for a public supported Estero Historic Preservation Advisory Committee and it appeared that she now wasn't asking for approval, but rather informing Council of her plans. Councilmember Errington responded that the wording was out of courtesy to the Council. Mayor Batos stated it was a great idea that she worked on this, expressed thanks, and believed it was an admirable goal. Councilmember Ribble stated there was a lot of passion on this request. He addressed concern regarding the presentation and he would have rather seen it as an intro of what we were going to do down the line. He also addressed concern regarding funding from Lee County and recommended using caution until a mechanism is in place to raise funding. Councilmember Errington responded that s... | adopted the concepts that Councilmember Errington was suggesting and encouraged the formation of the committee. Mayor Batos noted on the last page of her presentation that Councilmember Errington was asking Council to give approval for a public supported Estero Historic Preservation Advisory Committee and it appeared that she now wasn't asking for approval, but rather informing Council of her plans. Councilmember Errington responded that the wording was out of courtesy to the Council. Mayor B...",9:30 AM,,Regular Council Meeting — 2015-06-24,https://estero-fl.gov/wp-content/uploads/library-ada/minutes/2015%20Minutes/Council/062415%20Workshop%20Approved%20Minutes.pdf,2015-06-24,"Koreshan State Park, Estero, FL",26.4368409,-81.8180833
BERT Rail Trail,Regular Council Meeting,2015-06-17,2015,Accepted,Yes,No,,No action found,9:30 AM,,Regular Council Meeting — 2015-06-17,https://estero-fl.gov/wp-content/uploads/library-ada/minutes/2015%20Minutes/Council/061715%20Regular%20Meeting%20Approved%20Minutes.pdf,2015-06-17,BERT Rail Trail Corridor,26.4339,-81.8157
BERT Rail Trail,Regular Council Meeting,2015-06-03,2015,Accepted,Yes,No,,No action found,9:30 AM,,Regular Council Meeting — 2015-06-03,https://estero-fl.gov/wp-content/uploads/library-ada/minutes/2015%20Minutes/Council/060315%20Regular%20Meeting%20Approved%20Minutes.pdf,2015-06-03,BERT Rail Trail Corridor,26.4339,-81.8157
BERT Rail Trail,Regular Council Meeting,2015-05-20,2015,Accepted,Yes,No,,No action found,9:30 AM,,Regular Council Meeting — 2015-05-20,https://estero-fl.gov/wp-content/uploads/library-ada/minutes/2015%20Minutes/Council/052015%20Regular%20Meeting%20Minutes.pdf,2015-05-20,BERT Rail Trail Corridor,26.4339,-81.8157
BERT Rail Trail,Regular Council Meeting,2015-05-15,2015,Accepted,Yes,No,,No action found,9:30 AM,,Regular Council Meeting — 2015-05-15,https://estero-fl.gov/wp-content/uploads/library-ada/minutes/2015%20Minutes/Council/05152015%20minutes.pdf,2015-05-15,BERT Rail Trail Corridor,26.4339,-81.8157
BERT Rail Trail,Regular Council Meeting,2015-05-08,2015,Accepted,Yes,No,,No action found,9:30 AM,,Regular Council Meeting — 2015-05-08,https://estero-fl.gov/wp-content/uploads/library-ada/minutes/2015%20Minutes/Council/05082015%20minutes.pdf,2015-05-08,BERT Rail Trail Corridor,26.4339,-81.8157
BERT Rail Trail,Regular Council Meeting,2015-04-24,2015,Accepted,Yes,No,,No action found,10:00 AM,,Regular Council Meeting — 2015-04-24,https://estero-fl.gov/wp-content/uploads/library-ada/minutes/2015%20Minutes/Council/04242015%20minutes.pdf,2015-04-24,BERT Rail Trail Corridor,26.4339,-81.8157
BERT Rail Trail,Regular Council Meeting,2015-04-17,2015,Accepted,Yes,No,,No action found,9:30 AM,,Regular Council Meeting — 2015-04-17,https://estero-fl.gov/wp-content/uploads/library-ada/minutes/2015%20Minutes/Council/04172015%20minutes.pdf,2015-04-17,BERT Rail Trail Corridor,26.4339,-81.8157
BERT Rail Trail,Regular Council Meeting,2015-04-10,2015,Accepted,Yes,No,,No action found,9:30 AM,,Regular Council Meeting — 2015-04-10,https://estero-fl.gov/wp-content/uploads/library-ada/minutes/2015%20Minutes/Council/041015%20Workshop%20Minutes.pdf,2015-04-10,BERT Rail Trail Corridor,26.4339,-81.8157
BERT Rail Trail,Regular Council Meeting,2015-04-07,2015,Accepted,Yes,No,,No action found,9:30 AM,,Regular Council Meeting — 2015-04-07,https://estero-fl.gov/wp-content/uploads/library-ada/minutes/2015%20Minutes/Council/040715%20Workshop%20Minutes.pdf,2015-04-07,BERT Rail Trail Corridor,26.4339,-81.8157
BERT Rail Trail,Regular Council Meeting,2015-04-06,2015,Accepted,Yes,No,,No action found,9:30 AM,,Regular Council Meeting — 2015-04-06,https://estero-fl.gov/wp-content/uploads/library-ada/minutes/2015%20Minutes/Council/040615%20Regular%20Meeting%20Minutes.pdf,2015-04-06,BERT Rail Trail Corridor,26.4339,-81.8157
BERT Rail Trail,Regular Council Meeting,2015-03-27,2015,Accepted,Yes,No,,No action found,9:30 AM,,Regular Council Meeting — 2015-03-27,https://estero-fl.gov/wp-content/uploads/library-ada/minutes/2015%20Minutes/Council/03272015%20minutes.pdf,2015-03-27,BERT Rail Trail Corridor,26.4339,-81.8157
BERT Rail Trail,Regular Council Meeting,2015-03-20,2015,Accepted,Yes,No,,No action found,9:30 AM,,Regular Council Meeting — 2015-03-20,https://estero-fl.gov/wp-content/uploads/library-ada/minutes/2015%20Minutes/Council/032015%20Workshop%20Minutes.pdf,2015-03-20,BERT Rail Trail Corridor,26.4339,-81.8157
BERT Rail Trail,Regular Council Meeting,2015-03-17,2015,Accepted,Yes,No,,No action found,6:30 PM,,Regular Council Meeting — 2015-03-17,https://estero-fl.gov/wp-content/uploads/library-ada/minutes/2015%20Minutes/Council/031715%20Regular%20Meeting%20Minutes.pdf,2015-03-17,BERT Rail Trail Corridor,26.4339,-81.8157
